realisation_id,status,injected_Mt,retained_Mt,lost_Mt,retention_fraction,r_e_m,mass_balance_error
0,ok,1.2095218367474223,0.5622758643419926,0.647245972405429,0.4648745043363856,340.94732941687147,3.942360887715831e-16
1,ok,1.4468431955772247,0.5171578411121206,0.9296853544651043,0.3574387623295958,206.9966004908879,0.0
2,ok,0.031639376386230975,0.03163937638623204,0.0,1.0000000000000338,200.0,3.367427386539039e-14
3,ok,0.06487895338371201,0.0648789533837126,0.0,1.0000000000000093,200.0,9.301892168043809e-15
4,ok,0.37459707830844674,0.37459707830844713,0.0,1.0000000000000009,200.0,9.547001014190228e-16
5,ok,1.6205951259799136,0.7213019213641838,0.8992932046157276,0.4450845925678317,328.3302612837135,1.4711791691795915e-15
6,ok,0.466054849746126,0.21968646480469217,0.24636838494143634,0.4713746996182144,200.0,5.499352118614235e-15
7,ok,0.6835448264431794,0.44244565378135675,0.24109917266181946,0.6472811096875966,200.0,4.534364694775373e-15
8,ok,0.13329505305899983,0.13329505305906086,0.0,1.0000000000004579,200.0,4.577833437059139e-13
9,ok,0.16337071230955433,0.15967164455774707,0.003699067751803867,0.977357828098354,200.0,2.0796045412103975e-14
