label,realisation_id,status,rates_kg_s,sim_mass_retained_Mt,sim_mass_injected_Mt,sim_mass_lost_Mt,sim_dp_bh_max_MPa,sim_p_bh_max_MPa,sim_r_plume_m95_m,dp_limit_MPa,r_plume_limit_m,violates_pressure,violates_plume,sim_wall_time_s
baseline_constant,0,ok,"[3.808055759840542, 3.808055759840542, 3.808055759840542, 3.808055759840542]",0.6008655022337162,0.600865502233718,0.0,6.533966443228651,21.53396644322865,390.4790840983301,9.0,400.0,False,False,3.390828755998882
screened_0,0,ok,"[7.032744463726681, 5.044128873139393, 2.8109939345706656, 0.333339648020498]",0.6004309493518263,0.6004309493518297,0.0,6.462428858811859,21.462428858811858,390.38702039250484,9.0,400.0,False,False,3.417884046000836
screened_1,0,ok,"[3.838911885887205, 3.380595833812395, 3.5668442598024956, 4.397657163857508]",0.5989636086781074,0.5989636086781089,0.0,6.52554943816271,21.52554943816271,389.95051094753734,9.0,400.0,False,False,3.31778136200046
screened_2,0,ok,"[6.2132023122599955, 4.197305109677282, 2.7869415660379464, 1.9821116813419857]",0.5987881297225551,0.5987881297225562,0.0,6.47701501518536,21.47701501518536,389.9151824552648,9.0,400.0,False,False,3.295343805999437
baseline_constant,5,ok,"[5.461808968401813, 5.461808968401813, 5.461808968401813, 5.461808968401813]",0.861807913506184,0.8618079135061812,0.0,6.375224714641113,21.375224714641114,382.68633867588244,9.0,400.0,False,False,4.630181888998777
screened_0,5,ok,"[11.808124366536859, 6.630321206616292, 2.9500098174737204, 0.7671901991091423]",0.8739737515783165,0.8739737515783178,0.0,5.844316007851977,20.844316007851976,385.3610569234281,9.0,400.0,False,False,5.5414983259997825
screened_1,5,ok,"[9.338621277107023, 7.928419495667448, 4.548867839596724, 0.2626984365158256]",0.870934812257449,0.8709348122574468,0.0,6.164043222046155,21.164043222046157,384.85595293912337,9.0,400.0,False,False,5.343231791999642
screened_2,5,ok,"[9.493302376185579, 5.9503879816597465, 3.7419523329103836, 2.867995429937489]",0.8699498629469872,0.8699498629469887,0.0,5.818510115853217,20.818510115853215,384.4217616888683,9.0,400.0,False,False,4.971199923000313
baseline_constant,6,ok,"[1.4322362665834434, 1.4322362665834434, 1.4322362665834434, 1.4322362665834434]",0.22598969603166852,0.22598969603166882,0.0,7.895090808812007,22.895090808812007,221.04347023897802,9.0,400.0,False,False,1.7136184829996637
screened_0,6,ok,"[2.5303909012035133, 2.204420617877636, 1.2976651404461663, 0.07303251410545525]",0.2408440203722919,0.24084402037229136,0.0,8.119556500572964,23.119556500572966,229.3800728881822,9.0,400.0,False,False,2.3974880909991043
screened_1,6,ok,"[3.1437903878601823, 1.907301453572561, 0.9059379629576229, 0.13969991601536813]",0.2404976972808448,0.24049769728084414,0.0,7.881152345404856,22.881152345404857,227.041966050043,9.0,400.0,False,False,2.5431878639992647
screened_2,6,ok,"[2.974019370391436, 1.923752443137774, 0.9937915353580414, 0.184136647052239]",0.23966813773982495,0.23966813773982507,0.0,7.7247028186085265,22.724702818608527,226.4419839589963,9.0,400.0,False,False,2.408422843000153
baseline_constant,13,ok,"[1.3655266781974886, 1.3655266781974886, 1.3655266781974886, 1.3655266781974886]",0.2154637234994255,0.21546372349942597,0.0,7.963917947587184,22.963917947587184,195.70565284511943,9.0,400.0,False,False,1.5311215130004712
screened_0,13,ok,"[2.4620334958430936, 1.980776717717506, 1.1566223961081803, 0.0698625392585487]",0.2236366857397369,0.22363668573973658,0.0,8.058071371520843,23.058071371520843,199.17308849884327,9.0,400.0,False,False,1.8643740820007224
screened_1,13,ok,"[3.1266197773559963, 1.5876787678625501, 0.6467374463931193, 0.3037958129477036]",0.2234606201944534,0.2234606201944538,0.0,7.73401391822467,22.73401391822467,199.03393204833682,9.0,400.0,False,False,1.977799756999957
screened_2,13,ok,"[2.9895989393585407, 1.5419965286253965, 0.6801308921214153, 0.40400202984659817]",0.22152363779843492,0.22152363779843523,0.0,7.716284778284062,22.716284778284063,198.2962348926116,9.0,400.0,False,False,1.8590878169998177
baseline_constant,17,ok,"[1.480331827264813, 1.480331827264813, 1.480331827264813, 1.480331827264813]",0.23357859836046022,0.23357859836045983,0.0,7.743290284597106,22.743290284597105,163.22757503259618,9.0,400.0,False,False,1.068866416999299
screened_0,17,ok,"[2.0748320210707436, 2.14018469229211, 1.5744148271591503, 0.37752242567186306]",0.24326783310444924,0.24326783310444974,0.0,7.856868886567909,22.85686888656791,165.77166324555316,9.0,400.0,False,False,1.1572557550007332
screened_1,17,ok,"[3.0147530291360938, 1.816289177725866, 0.9398335333790705, 0.3853860960957063]",0.24284606065797562,0.24284606065797562,0.0,7.847081584737103,22.847081584737104,165.6846291945912,9.0,400.0,False,False,1.1811028910015011
screened_2,17,ok,"[2.514011061119887, 2.1905304408828448, 1.3740423110347002, 0.07678913105766105]",0.2428109965257187,0.24281099652571841,0.0,7.921556006778285,22.921556006778285,165.666900247385,9.0,400.0,False,False,1.171972217000075
baseline_constant,25,ok,"[4.045117157118193, 4.045117157118193, 4.045117157118193, 4.045117157118193]",0.6382709459873652,0.6382709459873644,0.0,4.642814393463571,19.64281439346357,359.3773719956589,9.0,400.0,False,False,1.8372029469992412
screened_0,25,ok,"[4.993755240720196, 5.000114723870852, 4.059729519372272, 2.172599627224455]",0.6400748763390237,0.6400748763390208,0.0,4.4972994508688675,19.497299450868866,358.93141574064384,9.0,400.0,False,False,1.8947853979989304
screened_1,25,ok,"[5.259854693773624, 3.445050453194904, 3.1320273685230657, 4.320785439758109]",0.6373735001807354,0.6373735001807348,0.0,4.657659380639031,19.657659380639032,359.26817594135935,9.0,400.0,False,False,1.8631777339996916
screened_2,25,ok,"[3.5552278175950813, 4.08761425519432, 4.3053457255395395, 4.2084222286307424]",0.6373297957334801,0.6373297957334778,0.0,4.651180993597418,19.651180993597418,359.22998143745434,9.0,400.0,False,False,1.8178558519994112
baseline_constant,36,ok,"[3.2920166778293742, 3.2920166778293742, 3.2920166778293742, 3.2920166778293742]",0.5194407275613406,0.5194407275613393,0.0,10.639677608449363,25.63967760844936,236.9745066224798,9.0,400.0,True,False,3.4258626169994386
screened_0,36,ok,"[6.692145026004541, 4.632656110235756, 2.470484181720379, 0.20562924045840902]",0.552294076585958,0.5522940765859579,0.0,13.758724983463544,28.758724983463544,243.39918351947452,9.0,400.0,True,False,5.01864562099945
screened_1,36,ok,"[7.124742907935995, 4.389919672620585, 2.1253444908578936, 0.3310173626479208]",0.5511150008504576,0.551115000850456,0.0,14.825071052948456,29.825071052948456,242.1768218214803,9.0,400.0,True,False,5.056187677999333
screened_2,36,ok,"[5.761013567428332, 5.058754147577192, 2.9115308934636515, 0.16313303016946107]",0.5480936448493778,0.5480936448493747,0.0,12.75978077566849,27.759780775668492,243.12279958628184,9.0,400.0,True,False,4.630116803999044
baseline_constant,39,ok,"[4.086913700663461, 4.086913700663461, 4.086913700663461, 4.086913700663461]",0.6448659390002797,0.6448659390002878,0.0,3.933993987780921,18.933993987780923,347.303308208874,9.0,400.0,False,False,2.0429579979991104
screened_0,39,ok,"[5.863535557556451, 5.504533873399995, 3.924894711226861, 1.1246180710370492]",0.6476243655649037,0.6476243655649024,0.0,3.764779821815055,18.764779821815054,345.2016855564037,9.0,400.0,False,False,2.4831334669997887
screened_1,39,ok,"[7.414830152907118, 5.372091485058505, 3.0811236226855416, 0.5419265657882286]",0.6473241586375542,0.647324158637556,0.0,3.781100056444969,18.78110005644497,344.82179273692924,9.0,400.0,False,False,2.7846984679999878
screened_2,39,ok,"[6.568789368200094, 5.174239539744152, 3.399247851525623, 1.2438143035445075]",0.6463821341627247,0.6463821341627284,0.0,3.760047578767117,18.760047578767118,344.9102585631511,9.0,400.0,False,False,2.404720071999691
