las_row,dept_ft,dept_m,block
17795,11857.6115,3614.1999852000004,A
17796,11858.2677,3614.39999496,A
17797,11858.9239,3614.60000472,A
17798,11859.5801,3614.80001448,A
17799,11860.2362,3614.99999376,A
17800,11860.8924,3615.2000035200003,A
17801,11861.5486,3615.40001328,A
17802,11862.2047,3615.5999925600004,A
17803,11862.8609,3615.80000232,A
17804,11863.5171,3616.00001208,A
17805,11864.1732,3616.19999136,A
17806,11864.8294,3616.4000011200005,A
17807,11865.4856,3616.6000108800004,A
17808,11866.1417,3616.79999016,A
17809,11866.7979,3616.99999992,A
17810,11867.4541,3617.20000968,A
17811,11868.1102,3617.39998896,A
17812,11868.7664,3617.5999987200003,A
17813,11869.4226,3617.80000848,A
17814,11870.0787,3617.9999877600003,A
17815,11870.7349,3618.19999752,A
17816,11871.3911,3618.4000072800004,A
17817,11872.0472,3618.5999865600006,A
17818,11872.7034,3618.7999963200004,A
17819,11873.3596,3619.0000060800003,A
17820,11874.0157,3619.19998536,A
17821,11874.6719,3619.39999512,A
17822,11875.3281,3619.6000048800006,A
17823,11875.9843,3619.8000146400004,A
17824,11876.6404,3619.99999392,A
17825,11877.2966,3620.20000368,A
17826,11877.9528,3620.40001344,A
17827,11878.6089,3620.59999272,A
17828,11879.2651,3620.8000024800003,A
17829,11879.9213,3621.00001224,A
17830,11880.5774,3621.1999915200004,A
17831,11881.2336,3621.40000128,A
17832,11881.8898,3621.6000110400005,A
17833,11882.5459,3621.79999032,A
17834,11883.2021,3622.0000000800005,A
17835,11883.8583,3622.2000098400003,A
17836,11884.5144,3622.39998912,A
17837,11885.1706,3622.59999888,A
17838,11885.8268,3622.80000864,A
17839,11886.4829,3622.9999879200004,A
17840,11887.1391,3623.1999976800003,A
17841,11887.7953,3623.40000744,A
17842,11888.4514,3623.5999867200003,A
17843,11889.1076,3623.79999648,A
17844,11889.7638,3624.0000062400004,A
17845,11890.4199,3624.1999855200006,A
17846,11891.0761,3624.3999952800004,A
17847,11891.7323,3624.6000050400003,A
17848,11892.3885,3624.8000148,A
17849,11893.0446,3624.99999408,A
17850,11893.7008,3625.20000384,A
17851,11894.357,3625.4000136,A
17852,11895.0131,3625.59999288,A
17853,11895.6693,3625.80000264,A
17854,11896.3255,3626.0000124000003,A
17855,11896.9816,3626.19999168,A
17856,11897.6378,3626.4000014400003,A
17857,11898.294,3626.6000112,A
17858,11898.9501,3626.7999904800004,A
17859,11899.6063,3627.00000024,A
17860,11900.2625,3627.2000100000005,A
17861,11900.9186,3627.39998928,A
17862,11901.5748,3627.59999904,A
17863,11902.231,3627.8000088,A
17864,11902.8871,3627.99998808,A
17865,11903.5433,3628.19999784,A
17866,11904.1995,3628.4000076,A
17867,11904.8556,3628.5999868800004,A
17868,11905.5118,3628.7999966400002,A
17869,11906.168,3629.0000064,A
17870,11906.8241,3629.1999856800003,A
17871,11907.4803,3629.39999544,A
17872,11908.1365,3629.6000052000004,A
17873,11908.7927,3629.80001496,A
17874,11909.4488,3629.9999942400004,A
17875,11910.105,3630.2000040000003,A
17876,11910.7612,3630.4000137600005,A
17877,11911.4173,3630.59999304,A
17878,11912.0735,3630.8000028,A
17879,11912.7297,3631.00001256,A
17880,11913.3858,3631.19999184,A
17881,11914.042,3631.4000016,A
17882,11914.6982,3631.6000113600003,A
17883,11915.3543,3631.7999906400005,A
17884,11916.0105,3632.0000004000003,A
17885,11916.6667,3632.20001016,A
17886,11917.3228,3632.3999894400004,A
17887,11917.979,3632.5999992,A
17888,11918.6352,3632.8000089600005,A
17889,11919.2913,3632.99998824,A
17890,11919.9475,3633.199998,A
17891,11920.6037,3633.40000776,A
17892,11921.2598,3633.59998704,A
17893,11921.916,3633.7999968,A
17894,11922.5722,3634.00000656,A
17895,11923.2283,3634.1999858400004,A
17896,11923.8845,3634.3999956000002,A
17897,11924.5407,3634.60000536,A
17898,11925.1969,3634.8000151200004,A
17899,11925.853,3634.9999944,A
17900,11926.5092,3635.2000041600004,A
17901,11927.1654,3635.40001392,A
17902,11927.8215,3635.5999932,A
17903,11928.4777,3635.80000296,A
17904,11929.1339,3636.0000127200005,A
17905,11929.79,3636.1999920000003,A
17906,11930.4462,3636.40000176,A
17907,11931.1024,3636.60001152,A
17908,11931.7585,3636.7999908,A
17909,11932.4147,3637.00000056,A
17910,11933.0709,3637.2000103200003,A
17911,11933.727,3637.3999896000005,A
17912,11934.3832,3637.5999993600003,A
17913,11935.0394,3637.80000912,A
17914,11935.6955,3637.9999884000003,A
17915,11936.3517,3638.19999816,A
17916,11937.0079,3638.4000079200005,A
17917,11937.664,3638.5999872,A
17918,11938.3202,3638.79999696,A
17919,11938.9764,3639.00000672,A
17920,11939.6325,3639.199986,A
17921,11940.2887,3639.39999576,A
17922,11940.9449,3639.60000552,A
17923,11941.601,3639.7999848000004,A
17924,11942.2572,3639.9999945600002,A
17925,11942.9134,3640.20000432,A
17926,11943.5696,3640.4000140800003,A
17927,11944.2257,3640.5999933600006,A
17928,11944.8819,3640.8000031200004,A
17929,11945.5381,3641.00001288,A
17930,11946.1942,3641.19999216,A
17931,11946.8504,3641.40000192,A
17932,11947.5066,3641.6000116800005,A
17933,11948.1627,3641.7999909600003,A
17934,11948.8189,3642.00000072,A
17935,11949.4751,3642.20001048,A
17936,11950.1312,3642.39998976,A
17937,11950.7874,3642.59999952,A
17938,11951.4436,3642.8000092800003,A
17939,11952.0997,3642.9999885600005,A
17940,11952.7559,3643.1999983200003,A
17941,11953.4121,3643.40000808,A
17942,11954.0682,3643.59998736,A
17943,11954.7244,3643.7999971199997,A
17944,11955.3806,3644.0000068800005,A
17945,11956.0367,3644.19998616,A
17946,11956.6929,3644.39999592,A
17947,11957.3491,3644.60000568,A
17948,11958.0052,3644.79998496,A
17949,11958.6614,3644.9999947200004,A
17950,11959.3176,3645.20000448,A
17951,11959.9738,3645.40001424,A
17952,11960.6299,3645.59999352,A
17953,11961.2861,3645.80000328,A
17954,11961.9423,3646.0000130400003,A
17955,11962.5984,3646.1999923200005,A
17956,11963.2546,3646.4000020800004,A
17957,11963.9108,3646.60001184,A
17958,11964.5669,3646.79999112,A
17959,11965.2231,3647.00000088,A
17960,11965.8793,3647.2000106400005,A
17961,11966.5354,3647.3999899200003,A
17962,11967.1916,3647.59999968,A
17963,11967.8478,3647.80000944,A
17964,11968.5039,3647.99998872,A
17965,11969.1601,3648.19999848,A
17966,11969.8163,3648.4000082400003,A
17967,11970.4724,3648.5999875200005,A
17968,11971.1286,3648.7999972800003,A
17969,11971.7848,3649.00000704,A
17970,11972.4409,3649.19998632,A
17971,11973.0971,3649.3999960800006,A
17972,11973.7533,3649.6000058400004,A
17973,11974.4094,3649.79998512,A
17974,11975.0656,3649.99999488,A
17975,11975.7218,3650.20000464,A
17976,11976.378,3650.4000144,A
17977,11977.0341,3650.5999936800004,A
17978,11977.6903,3650.80000344,A
17979,11978.3465,3651.0000132,A
17980,11979.0026,3651.19999248,A
17981,11979.6588,3651.40000224,A
17982,11980.315,3651.6000120000003,A
17983,11980.9711,3651.7999912800005,A
17984,11981.6273,3652.0000010400004,A
17985,11982.2835,3652.2000108,A
17986,11982.9396,3652.39999008,A
17987,11983.5958,3652.59999984,A
17988,11984.252,3652.8000096000005,A
17989,11984.9081,3652.9999888800003,A
17990,11985.5643,3653.19999864,A
17991,11986.2205,3653.4000084,A
17992,11986.8766,3653.59998768,A
17993,11987.5328,3653.7999974400004,A
17994,11988.189,3654.0000072000003,A
17995,11988.8451,3654.1999864800005,A
17996,11989.5013,3654.3999962400003,A
17997,11990.1575,3654.600006,A
17998,11990.8136,3654.79998528,A
17999,11991.4698,3654.9999950400006,A
18000,11992.126,3655.2000048000004,A
18001,11992.7822,3655.4000145600003,A
18002,11993.4383,3655.59999384,A
18003,11994.0945,3655.8000036,A
18004,11994.7507,3656.00001336,A
18005,11995.4068,3656.1999926400003,A
18006,11996.063,3656.4000024,A
18007,11996.7192,3656.60001216,A
18008,11997.3753,3656.79999144,A
18009,11998.0315,3657.0000012,A
18010,11998.6877,3657.2000109600003,A
18011,11999.3438,3657.3999902400005,A
18012,12000.0,3657.6000000000004,A
18013,12000.6562,3657.80000976,A
18014,12001.3123,3657.99998904,A
18015,12001.9685,3658.1999988000002,A
18016,12002.6247,3658.40000856,A
18017,12003.2808,3658.5999878400003,A
18018,12003.937,3658.7999976,A
18019,12004.5932,3659.00000736,A
18020,12005.2493,3659.19998664,A
18021,12005.9055,3659.3999964000004,A
18022,12006.5617,3659.6000061600002,A
18023,12007.2178,3659.7999854400005,A
18024,12007.874,3659.9999952000003,A
18025,12008.5302,3660.20000496,A
18026,12009.1864,3660.4000147200004,A
18027,12009.8425,3660.5999940000006,A
18028,12010.4987,3660.8000037600004,A
18029,12011.1549,3661.0000135200003,A
18030,12011.811,3661.1999928,A
18031,12012.4672,3661.40000256,A
18032,12013.1234,3661.60001232,A
18033,12013.7795,3661.7999916000003,A
18034,12014.4357,3662.00000136,A
18035,12015.0919,3662.20001112,A
18036,12015.748,3662.3999904,A
18037,12016.4042,3662.6000001600005,A
18038,12017.0604,3662.8000099200003,A
18039,12017.7165,3662.9999892000005,A
18040,12018.3727,3663.1999989600004,A
18041,12019.0289,3663.40000872,A
18042,12019.685,3663.599988,A
18043,12020.3412,3663.79999776,A
18044,12020.9974,3664.00000752,A
18045,12021.6535,3664.1999868000003,A
18046,12022.3097,3664.39999656,A
18047,12022.9659,3664.60000632,A
18048,12023.622,3664.7999856,A
18049,12024.2782,3664.9999953600004,A
18050,12024.9344,3665.2000051200002,A
18051,12025.5906,3665.40001488,A
18052,12026.2467,3665.5999941600003,A
18053,12026.9029,3665.80000392,A
18054,12027.5591,3666.0000136800004,A
18055,12028.2152,3666.19999296,A
18056,12028.8714,3666.40000272,A
18057,12029.5276,3666.60001248,A
18058,12030.1837,3666.79999176,A
18059,12030.8399,3667.0000015200003,A
18060,12031.4961,3667.20001128,A
18061,12032.1522,3667.3999905600003,A
18062,12032.8084,3667.60000032,A
18063,12033.4646,3667.80001008,A
18064,12034.1207,3667.99998936,A
18065,12034.7769,3668.1999991200005,A
18066,12035.4331,3668.4000088800003,A
18067,12036.0892,3668.59998816,A
18068,12036.7454,3668.79999792,A
18069,12037.4016,3669.0000076799997,A
18070,12038.0577,3669.19998696,A
18071,12038.7139,3669.39999672,A
18072,12039.3701,3669.60000648,A
18073,12040.0262,3669.7999857600003,A
18074,12040.6824,3669.99999552,A
18075,12041.3386,3670.20000528,A
18076,12041.9948,3670.40001504,A
18077,12042.6509,3670.5999943200004,A
18078,12043.3071,3670.8000040800002,A
18079,12043.9633,3671.00001384,A
18080,12044.6194,3671.1999931200003,A
18081,12045.2756,3671.4000028800006,A
18082,12045.9318,3671.6000126400004,A
18083,12046.5879,3671.79999192,A
18084,12047.2441,3672.00000168,A
18085,12047.9003,3672.20001144,A
18086,12048.5564,3672.39999072,A
18087,12049.2126,3672.6000004800003,A
18088,12049.8688,3672.80001024,A
18089,12050.5249,3672.9999895200003,A
18090,12051.1811,3673.19999928,A
18091,12051.8373,3673.40000904,A
18092,12052.4934,3673.59998832,A
18093,12053.1496,3673.7999980800005,A
18094,12053.8058,3674.0000078400003,A
18095,12054.4619,3674.19998712,A
18096,12055.1181,3674.39999688,A
18097,12055.7743,3674.6000066399997,A
18098,12056.4304,3674.79998592,A
18099,12057.0866,3674.99999568,A
18100,12057.7428,3675.20000544,A
18101,12058.399,3675.4000152,A
18102,12059.0551,3675.59999448,A
18103,12059.7113,3675.8000042400004,A
18104,12060.3675,3676.000014,A
18105,12061.0236,3676.1999932800004,A
18106,12061.6798,3676.4000030400002,A
18107,12062.336,3676.6000128,A
18108,12062.9921,3676.79999208,A
18109,12063.6483,3677.0000018400006,A
18110,12064.3045,3677.2000116000004,A
18111,12064.9606,3677.39999088,A
18112,12065.6168,3677.60000064,A
18113,12066.273,3677.8000104,A
18114,12066.9291,3677.99998968,A
18115,12067.5853,3678.1999994400003,A
18116,12068.2415,3678.4000092,A
18117,12068.8976,3678.5999884800003,A
18118,12069.5538,3678.79999824,A
18119,12070.21,3679.000008,A
18120,12070.8661,3679.19998728,A
18121,12071.5223,3679.3999970400005,A
18122,12072.1785,3679.6000068000003,A
18123,12072.8346,3679.79998608,A
18124,12073.4908,3679.99999584,A
18125,12074.147,3680.2000056000006,A
18126,12074.8031,3680.39998488,A
18127,12075.4593,3680.59999464,A
18128,12076.1155,3680.8000044,A
18129,12076.7717,3681.00001416,A
18130,12077.4278,3681.19999344,A
18131,12078.084,3681.4000032000004,A
18132,12078.7402,3681.60001296,A
18133,12079.3963,3681.7999922400004,A
18134,12080.0525,3682.000002,A
18135,12080.7087,3682.20001176,A
18136,12081.3648,3682.39999104,A
18137,12082.021,3682.6000008000005,A
18138,12082.6772,3682.8000105600004,A
18139,12083.3333,3682.99998984,A
18140,12083.9895,3683.1999996,A
18141,12084.6457,3683.40000936,A
18142,12085.3018,3683.59998864,A
18143,12085.958,3683.7999984000003,A
18144,12086.6142,3684.00000816,A
18145,12087.2703,3684.1999874400003,A
18146,12087.9265,3684.3999972,A
18147,12088.5827,3684.6000069600004,A
18148,12089.2388,3684.7999862399997,A
18149,12089.895,3684.9999960000005,A
18150,12090.5512,3685.2000057600003,A
18151,12091.2073,3685.39998504,A
18152,12091.8635,3685.5999948,A
18153,12092.5197,3685.8000045600006,A
18154,12093.1759,3686.0000143200004,A
18155,12093.832,3686.1999936,A
18156,12094.4882,3686.40000336,A
18157,12095.1444,3686.60001312,A
18158,12095.8005,3686.7999924,A
18159,12096.4567,3687.0000021600003,A
18160,12097.1129,3687.20001192,A
18161,12097.769,3687.3999912000004,A
18162,12098.4252,3687.60000096,A
18163,12099.0814,3687.80001072,A
18164,12099.7375,3687.99999,A
18165,12100.3937,3688.1999997600005,A
18166,12101.0499,3688.4000095200004,A
18167,12101.706,3688.5999888,A
18168,12102.3622,3688.79999856,A
18169,12103.0184,3689.0000083200002,A
18170,12103.6745,3689.1999876,A
18171,12104.3307,3689.3999973600003,A
18172,12104.9869,3689.60000712,A
18173,12105.643,3689.7999864000003,A
18174,12106.2992,3689.99999616,A
18175,12106.9554,3690.2000059200004,A
18176,12107.6115,3690.3999852000006,A
18177,12108.2677,3690.5999949600005,A
18178,12108.9239,3690.8000047200003,A
18179,12109.5801,3691.00001448,A
18180,12110.2362,3691.19999376,A
18181,12110.8924,3691.40000352,A
18182,12111.5486,3691.60001328,A
18183,12112.2047,3691.79999256,A
18184,12112.8609,3692.00000232,A
18185,12113.5171,3692.20001208,A
18186,12114.1732,3692.39999136,A
18187,12114.8294,3692.6000011200003,A
18188,12115.4856,3692.80001088,A
18189,12116.1417,3692.9999901600004,A
18190,12116.7979,3693.19999992,A
18191,12117.4541,3693.4000096800005,A
18192,12118.1102,3693.59998896,A
18193,12118.7664,3693.7999987200005,A
18194,12119.4226,3694.0000084800004,A
18195,12120.0787,3694.19998776,A
18196,12120.7349,3694.39999752,A
18197,12121.3911,3694.60000728,A
18198,12122.0472,3694.7999865600004,A
18199,12122.7034,3694.9999963200003,A
18200,12123.3596,3695.20000608,A
18201,12124.0157,3695.3999853600003,A
18202,12124.6719,3695.59999512,A
18203,12125.3281,3695.8000048800004,A
18204,12125.9843,3696.0000146400002,A
18205,12126.6404,3696.1999939200005,A
18206,12127.2966,3696.4000036800003,A
18207,12127.9528,3696.60001344,A
18208,12128.6089,3696.79999272,A
18209,12129.2651,3697.00000248,A
18210,12129.9213,3697.20001224,A
18211,12130.5774,3697.39999152,A
18212,12131.2336,3697.60000128,A
18213,12131.8898,3697.8000110400003,A
18214,12132.5459,3697.99999032,A
18215,12133.2021,3698.2000000800003,A
18216,12133.8583,3698.40000984,A
18217,12134.5144,3698.5999891200004,A
18218,12135.1706,3698.79999888,A
18219,12135.8268,3699.0000086400005,A
18220,12136.4829,3699.1999879200002,A
18221,12137.1391,3699.39999768,A
18222,12137.7953,3699.60000744,A
18223,12138.4514,3699.79998672,A
18224,12139.1076,3699.99999648,A
18225,12139.7638,3700.20000624,A
18226,12140.4199,3700.3999855200004,A
18227,12141.0761,3700.5999952800003,A
18228,12141.7323,3700.80000504,A
18229,12142.3885,3701.0000148,A
18230,12143.0446,3701.19999408,A
18231,12143.7008,3701.4000038400004,A
18232,12144.357,3701.6000136000002,A
18233,12145.0131,3701.7999928800004,A
18234,12145.6693,3702.0000026400003,A
18235,12146.3255,3702.2000124000006,A
18236,12146.9816,3702.39999168,A
18237,12147.6378,3702.60000144,A
18238,12148.294,3702.8000112,A
18239,12148.9501,3702.99999048,A
18240,12149.6063,3703.20000024,A
18241,12150.2625,3703.4000100000003,A
18242,12150.9186,3703.5999892800005,A
18243,12151.5748,3703.7999990400003,A
18244,12152.231,3704.0000088,A
18245,12152.8871,3704.1999880800004,A
18246,12153.5433,3704.39999784,A
18247,12154.1995,3704.6000076000005,A
18248,12154.8556,3704.7999868800002,A
18249,12155.5118,3704.99999664,A
18250,12156.168,3705.2000064,A
18251,12156.8241,3705.39998568,A
18252,12157.4803,3705.59999544,A
18253,12158.1365,3705.8000052,A
18254,12158.7927,3706.00001496,A
18255,12159.4488,3706.1999942400003,A
18256,12160.105,3706.400004,A
18257,12160.7612,3706.6000137600004,A
18258,12161.4173,3706.79999304,A
18259,12162.0735,3707.0000028000004,A
18260,12162.7297,3707.2000125600002,A
18261,12163.3858,3707.39999184,A
18262,12164.042,3707.6000016,A
18263,12164.6982,3707.8000113600006,A
18264,12165.3543,3707.9999906400003,A
18265,12166.0105,3708.2000004,A
18266,12166.6667,3708.40001016,A
18267,12167.3228,3708.59998944,A
18268,12167.979,3708.7999992,A
18269,12168.6352,3709.0000089600003,A
18270,12169.2913,3709.1999882400005,A
18271,12169.9475,3709.3999980000003,A
18272,12170.6037,3709.60000776,A
18273,12171.2598,3709.79998704,A
18274,12171.916,3709.9999967999997,A
18275,12172.5722,3710.2000065600005,A
18276,12173.2283,3710.39998584,A
18277,12173.8845,3710.5999956,A
18278,12174.5407,3710.80000536,A
18279,12175.1969,3711.0000151200006,A
18280,12175.853,3711.1999944,A
18281,12176.5092,3711.40000416,A
18282,12177.1654,3711.60001392,A
18283,12177.8215,3711.7999932000002,A
18284,12178.4777,3712.00000296,A
18285,12179.1339,3712.2000127200004,A
18286,12179.79,3712.3999920000006,A
18287,12180.4462,3712.6000017600004,A
18288,12181.1024,3712.80001152,A
18289,12181.7585,3712.9999908,A
18290,12182.4147,3713.20000056,A
18291,12183.0709,3713.4000103200005,A
18292,12183.727,3713.5999896000003,A
18293,12184.3832,3713.79999936,A
18294,12185.0394,3714.00000912,A
18295,12185.6955,3714.1999884,A
18296,12186.3517,3714.39999816,A
18297,12187.0079,3714.6000079200003,excluded
18298,12187.664,3714.7999872000005,excluded
18299,12188.3202,3714.9999969600003,excluded
18300,12188.9764,3715.20000672,excluded
18301,12189.6325,3715.399986,excluded
18302,12190.2887,3715.5999957599997,excluded
18303,12190.9449,3715.8000055200005,excluded
18304,12191.601,3715.9999848,excluded
18305,12192.2572,3716.19999456,excluded
18306,12192.9134,3716.40000432,excluded
18307,12193.5696,3716.6000140800006,excluded
18308,12194.2257,3716.7999933600004,excluded
18309,12194.8819,3717.00000312,excluded
18310,12195.5381,3717.20001288,excluded
18311,12196.1942,3717.3999921600002,excluded
18312,12196.8504,3717.60000192,excluded
18313,12197.5066,3717.8000116800004,excluded
18314,12198.1627,3717.9999909600006,excluded
18315,12198.8189,3718.2000007200004,excluded
18316,12199.4751,3718.40001048,excluded
18317,12200.1312,3718.59998976,excluded
18318,12200.7874,3718.79999952,excluded
18319,12201.4436,3719.0000092800005,excluded
18320,12202.0997,3719.1999885600003,excluded
18321,12202.7559,3719.39999832,excluded
18322,12203.4121,3719.60000808,excluded
18323,12204.0682,3719.79998736,excluded
18324,12204.7244,3719.99999712,excluded
18325,12205.3806,3720.2000068800003,excluded
18326,12206.0367,3720.3999861600005,excluded
18327,12206.6929,3720.5999959200003,excluded
18328,12207.3491,3720.80000568,excluded
18329,12208.0052,3720.99998496,excluded
18330,12208.6614,3721.1999947200006,excluded
18331,12209.3176,3721.4000044800005,excluded
18332,12209.9738,3721.6000142400003,excluded
18333,12210.6299,3721.79999352,excluded
18334,12211.2861,3722.00000328,excluded
18335,12211.9423,3722.20001304,excluded
18336,12212.5984,3722.3999923200004,excluded
18337,12213.2546,3722.60000208,excluded
18338,12213.9108,3722.80001184,excluded
18339,12214.5669,3722.9999911200002,excluded
18340,12215.2231,3723.20000088,excluded
18341,12215.8793,3723.4000106400003,excluded
18342,12216.5354,3723.5999899200006,excluded
18343,12217.1916,3723.7999996800004,excluded
18344,12217.8478,3724.00000944,excluded
18345,12218.5039,3724.19998872,excluded
18346,12219.1601,3724.39999848,excluded
18347,12219.8163,3724.6000082400005,excluded
18348,12220.4724,3724.7999875200003,excluded
18349,12221.1286,3724.99999728,excluded
18350,12221.7848,3725.20000704,excluded
18351,12222.4409,3725.39998632,excluded
18352,12223.0971,3725.5999960800004,excluded
18353,12223.7533,3725.8000058400003,excluded
18354,12224.4094,3725.9999851200005,excluded
18355,12225.0656,3726.1999948800003,excluded
18356,12225.7218,3726.40000464,excluded
18357,12226.378,3726.6000144000004,excluded
18358,12227.0341,3726.7999936800006,excluded
18359,12227.6903,3727.0000034400005,excluded
18360,12228.3465,3727.2000132000003,excluded
18361,12229.0026,3727.39999248,excluded
18362,12229.6588,3727.60000224,excluded
18363,12230.315,3727.800012,excluded
18364,12230.9711,3727.9999912800004,excluded
18365,12231.6273,3728.20000104,excluded
18366,12232.2835,3728.4000108,excluded
18367,12232.9396,3728.59999008,excluded
18368,12233.5958,3728.79999984,excluded
18369,12234.252,3729.0000096000003,excluded
18370,12234.9081,3729.1999888800005,excluded
18371,12235.5643,3729.3999986400004,excluded
18372,12236.2205,3729.6000084,excluded
18373,12236.8766,3729.79998768,excluded
18374,12237.5328,3729.9999974400002,excluded
18375,12238.189,3730.2000072,excluded
18376,12238.8451,3730.3999864800003,excluded
18377,12239.5013,3730.59999624,excluded
18378,12240.1575,3730.800006,excluded
18379,12240.8136,3730.99998528,excluded
18380,12241.4698,3731.1999950400004,excluded
18381,12242.126,3731.4000048000003,excluded
18382,12242.7822,3731.60001456,excluded
18383,12243.4383,3731.7999938400003,excluded
18384,12244.0945,3732.0000036,excluded
18385,12244.7507,3732.2000133600004,excluded
18386,12245.4068,3732.39999264,excluded
18387,12246.063,3732.6000024,excluded
18388,12246.7192,3732.80001216,excluded
18389,12247.3753,3732.99999144,excluded
18390,12248.0315,3733.2000012,excluded
18391,12248.6877,3733.40001096,excluded
18392,12249.3438,3733.5999902400004,excluded
18393,12250.0,3733.8,excluded
18394,12250.6562,3734.00000976,excluded
18395,12251.3123,3734.19998904,excluded
18396,12251.9685,3734.3999988000005,excluded
18397,12252.6247,3734.6000085600003,B
18398,12253.2808,3734.7999878400005,B
18399,12253.937,3734.9999976000004,B
18400,12254.5932,3735.20000736,B
18401,12255.2493,3735.39998664,B
18402,12255.9055,3735.5999964000002,B
18403,12256.5617,3735.80000616,B
18404,12257.2178,3735.9999854400003,B
18405,12257.874,3736.1999952,B
18406,12258.5302,3736.40000496,B
18407,12259.1864,3736.60001472,B
18408,12259.8425,3736.7999940000004,B
18409,12260.4987,3737.0000037600003,B
18410,12261.1549,3737.20001352,B
18411,12261.811,3737.3999928000003,B
18412,12262.4672,3737.60000256,B
18413,12263.1234,3737.8000123200004,B
18414,12263.7795,3737.9999916,B
18415,12264.4357,3738.20000136,B
18416,12265.0919,3738.40001112,B
18417,12265.748,3738.5999904,B
18418,12266.4042,3738.8000001600003,B
18419,12267.0604,3739.00000992,B
18420,12267.7165,3739.1999892000003,B
18421,12268.3727,3739.39999896,B
18422,12269.0289,3739.60000872,B
18423,12269.685,3739.799988,B
18424,12270.3412,3739.9999977600005,B
18425,12270.9974,3740.2000075200003,B
18426,12271.6535,3740.3999868,B
18427,12272.3097,3740.59999656,B
18428,12272.9659,3740.8000063199997,B
18429,12273.622,3740.9999856,B
18430,12274.2782,3741.1999953600002,B
18431,12274.9344,3741.40000512,B
18432,12275.5906,3741.60001488,B
18433,12276.2467,3741.79999416,B
18434,12276.9029,3742.00000392,B
18435,12277.5591,3742.20001368,B
18436,12278.2152,3742.3999929600004,B
18437,12278.8714,3742.6000027200002,B
18438,12279.5276,3742.80001248,B
18439,12280.1837,3742.9999917600003,B
18440,12280.8399,3743.2000015200006,B
18441,12281.4961,3743.4000112800004,B
18442,12282.1522,3743.59999056,B
18443,12282.8084,3743.80000032,B
18444,12283.4646,3744.00001008,B
18445,12284.1207,3744.19998936,B
18446,12284.7769,3744.3999991200003,B
18447,12285.4331,3744.60000888,B
18448,12286.0892,3744.7999881600003,B
18449,12286.7454,3744.99999792,B
18450,12287.4016,3745.20000768,B
18451,12288.0577,3745.39998696,B
18452,12288.7139,3745.5999967200005,B
18453,12289.3701,3745.8000064800003,B
18454,12290.0262,3745.99998576,B
18455,12290.6824,3746.19999552,B
18456,12291.3386,3746.4000052799997,B
18457,12291.9948,3746.6000150400005,B
18458,12292.6509,3746.79999432,B
18459,12293.3071,3747.00000408,B
18460,12293.9633,3747.20001384,B
18461,12294.6194,3747.39999312,B
18462,12295.2756,3747.6000028800004,B
18463,12295.9318,3747.80001264,B
18464,12296.5879,3747.9999919200004,B
18465,12297.2441,3748.2000016800002,B
18466,12297.9003,3748.40001144,B
18467,12298.5564,3748.59999072,B
18468,12299.2126,3748.8000004800006,B
18469,12299.8688,3749.0000102400004,B
18470,12300.5249,3749.19998952,B
18471,12301.1811,3749.39999928,B
18472,12301.8373,3749.60000904,B
18473,12302.4934,3749.79998832,B
18474,12303.1496,3749.9999980800003,B
18475,12303.8058,3750.20000784,B
18476,12304.4619,3750.3999871200003,B
18477,12305.1181,3750.59999688,B
18478,12305.7743,3750.80000664,B
18479,12306.4304,3750.9999859199997,B
18480,12307.0866,3751.1999956800005,B
18481,12307.7428,3751.4000054400003,B
18482,12308.399,3751.6000152,B
18483,12309.0551,3751.79999448,B
18484,12309.7113,3752.0000042400006,B
18485,12310.3675,3752.2000140000005,B
18486,12311.0236,3752.39999328,B
18487,12311.6798,3752.60000304,B
18488,12312.336,3752.8000128,B
18489,12312.9921,3752.99999208,B
18490,12313.6483,3753.2000018400004,B
18491,12314.3045,3753.4000116,B
18492,12314.9606,3753.5999908800004,B
18493,12315.6168,3753.8000006400002,B
18494,12316.273,3754.0000104,B
18495,12316.9291,3754.19998968,B
18496,12317.5853,3754.3999994400006,B
18497,12318.2415,3754.6000092000004,B
18498,12318.8976,3754.79998848,B
18499,12319.5538,3754.99999824,B
18500,12320.21,3755.200008,B
18501,12320.8661,3755.39998728,B
18502,12321.5223,3755.5999970400003,B
18503,12322.1785,3755.8000068,B
18504,12322.8346,3755.9999860800003,B
18505,12323.4908,3756.19999584,B
18506,12324.147,3756.4000056000004,B
18507,12324.8031,3756.5999848799997,B
18508,12325.4593,3756.7999946400005,B
18509,12326.1155,3757.0000044000003,B
18510,12326.7717,3757.20001416,B
18511,12327.4278,3757.39999344,B
18512,12328.084,3757.6000032000006,B
18513,12328.7402,3757.8000129600005,B
18514,12329.3963,3757.99999224,B
18515,12330.0525,3758.200002,B
18516,12330.7087,3758.40001176,B
18517,12331.3648,3758.59999104,B
18518,12332.021,3758.8000008000004,B
18519,12332.6772,3759.00001056,B
18520,12333.3333,3759.1999898400004,B
18521,12333.9895,3759.3999996000002,B
18522,12334.6457,3759.60000936,B
18523,12335.3018,3759.79998864,B
18524,12335.958,3759.9999984000005,B
18525,12336.6142,3760.2000081600004,B
18526,12337.2703,3760.39998744,B
18527,12337.9265,3760.5999972,B
18528,12338.5827,3760.8000069600002,B
18529,12339.2388,3760.99998624,B
18530,12339.895,3761.1999960000003,B
18531,12340.5512,3761.40000576,B
18532,12341.2073,3761.5999850400003,B
18533,12341.8635,3761.7999948,B
18534,12342.5197,3762.0000045600004,B
18535,12343.1759,3762.2000143200003,B
18536,12343.832,3762.3999936000005,B
18537,12344.4882,3762.6000033600003,B
18538,12345.1444,3762.80001312,B
18539,12345.8005,3762.9999924,B
18540,12346.4567,3763.20000216,B
18541,12347.1129,3763.40001192,B
18542,12347.769,3763.5999912,B
18543,12348.4252,3763.80000096,B
18544,12349.0814,3764.00001072,B
18545,12349.7375,3764.19999,B
18546,12350.3937,3764.3999997600004,B
18547,12351.0499,3764.60000952,B
18548,12351.706,3764.7999888000004,B
18549,12352.3622,3764.99999856,B
18550,12353.0184,3765.2000083200005,B
18551,12353.6745,3765.3999876,B
18552,12354.3307,3765.5999973600005,B
18553,12354.9869,3765.8000071200004,B
18554,12355.643,3765.9999864,B
18555,12356.2992,3766.19999616,B
18556,12356.9554,3766.4000059200002,B
18557,12357.6115,3766.5999852000004,B
18558,12358.2677,3766.7999949600003,B
18559,12358.9239,3767.00000472,B
18560,12359.5801,3767.20001448,B
18561,12360.2362,3767.39999376,B
18562,12360.8924,3767.6000035200004,B
18563,12361.5486,3767.8000132800003,B
18564,12362.2047,3767.9999925600005,B
18565,12362.8609,3768.2000023200003,B
18566,12363.5171,3768.40001208,B
18567,12364.1732,3768.59999136,B
18568,12364.8294,3768.80000112,B
18569,12365.4856,3769.00001088,B
18570,12366.1417,3769.19999016,B
18571,12366.7979,3769.39999992,B
18572,12367.4541,3769.6000096800003,B
18573,12368.1102,3769.79998896,B
18574,12368.7664,3769.9999987200003,B
18575,12369.4226,3770.20000848,B
18576,12370.0787,3770.3999877600004,B
18577,12370.7349,3770.59999752,B
18578,12371.3911,3770.8000072800005,B
18579,12372.0472,3770.9999865600003,B
18580,12372.7034,3771.19999632,B
18581,12373.3596,3771.40000608,B
18582,12374.0157,3771.59998536,B
18583,12374.6719,3771.79999512,B
18584,12375.3281,3772.0000048800002,B
18585,12375.9843,3772.20001464,B
18586,12376.6404,3772.3999939200003,B
18587,12377.2966,3772.60000368,B
18588,12377.9528,3772.80001344,B
18589,12378.6089,3772.99999272,B
18590,12379.2651,3773.2000024800004,B
18591,12379.9213,3773.4000122400003,B
18592,12380.5774,3773.59999152,B
18593,12381.2336,3773.80000128,B
18594,12381.8898,3774.0000110400006,B
18595,12382.5459,3774.19999032,B
18596,12383.2021,3774.40000008,B
18597,12383.8583,3774.60000984,B
18598,12384.5144,3774.79998912,B
18599,12385.1706,3774.99999888,B
18600,12385.8268,3775.2000086400003,B
18601,12386.4829,3775.3999879200005,B
18602,12387.1391,3775.5999976800003,B
18603,12387.7953,3775.80000744,B
18604,12388.4514,3775.9999867200004,B
18605,12389.1076,3776.19999648,B
18606,12389.7638,3776.4000062400005,B
18607,12390.4199,3776.5999855200002,B
18608,12391.0761,3776.79999528,B
18609,12391.7323,3777.00000504,B
18610,12392.3885,3777.2000147999997,B
18611,12393.0446,3777.39999408,B
18612,12393.7008,3777.60000384,B
18613,12394.357,3777.8000136,B
18614,12395.0131,3777.9999928800003,B
18615,12395.6693,3778.20000264,B
18616,12396.3255,3778.4000124000004,B
18617,12396.9816,3778.59999168,B
18618,12397.6378,3778.8000014400004,B
18619,12398.294,3779.0000112000002,B
18620,12398.9501,3779.19999048,B
18621,12399.6063,3779.40000024,B
18622,12400.2625,3779.6000100000006,B
18623,12400.9186,3779.7999892800003,B
18624,12401.5748,3779.99999904,B
18625,12402.231,3780.2000088,B
18626,12402.8871,3780.39998808,B
18627,12403.5433,3780.59999784,B
18628,12404.1995,3780.8000076000003,B
18629,12404.8556,3780.9999868800005,B
18630,12405.5118,3781.1999966400003,B
18631,12406.168,3781.4000064,B
18632,12406.8241,3781.59998568,B
18633,12407.4803,3781.7999954399997,B
18634,12408.1365,3782.0000052000005,B
18635,12408.7927,3782.2000149600003,B
18636,12409.4488,3782.39999424,B
18637,12410.105,3782.600004,B
18638,12410.7612,3782.8000137600006,B
18639,12411.4173,3782.99999304,B
18640,12412.0735,3783.2000028,B
18641,12412.7297,3783.40001256,B
18642,12413.3858,3783.5999918400003,B
18643,12414.042,3783.8000016,B
18644,12414.6982,3784.0000113600004,B
18645,12415.3543,3784.1999906400006,B
18646,12416.0105,3784.4000004000004,B
18647,12416.6667,3784.6000101600002,B
18648,12417.3228,3784.79998944,B
18649,12417.979,3784.9999992,B
18650,12418.6352,3785.2000089600006,B
18651,12419.2913,3785.3999882400003,B
18652,12419.9475,3785.599998,B
18653,12420.6037,3785.80000776,B
18654,12421.2598,3785.99998704,B
18655,12421.916,3786.1999968,B
18656,12422.5722,3786.4000065600003,B
18657,12423.2283,3786.5999858400005,B
18658,12423.8845,3786.7999956000003,B
18659,12424.5407,3787.00000536,B
18660,12425.1969,3787.2000151200004,B
18661,12425.853,3787.3999943999997,B
18662,12426.5092,3787.6000041600005,B
18663,12427.1654,3787.8000139200003,B
18664,12427.8215,3787.9999932,B
18665,12428.4777,3788.20000296,B
18666,12429.1339,3788.4000127200006,B
18667,12429.79,3788.5999920000004,B
18668,12430.4462,3788.80000176,B
18669,12431.1024,3789.00001152,B
18670,12431.7585,3789.1999908000003,B
18671,12432.4147,3789.40000056,B
18672,12433.0709,3789.6000103200004,B
18673,12433.727,3789.7999896000006,B
18674,12434.3832,3789.9999993600004,B
18675,12435.0394,3790.2000091200002,B
18676,12435.6955,3790.3999884,B
18677,12436.3517,3790.59999816,B
18678,12437.0079,3790.8000079200006,B
18679,12437.664,3790.9999872000003,B
18680,12438.3202,3791.19999696,B
18681,12438.9764,3791.40000672,B
18682,12439.6325,3791.599986,B
18683,12440.2887,3791.79999576,B
18684,12440.9449,3792.0000055200003,B
18685,12441.601,3792.1999848000005,B
18686,12442.2572,3792.3999945600003,B
18687,12442.9134,3792.60000432,B
18688,12443.5696,3792.8000140800004,B
18689,12444.2257,3792.9999933600006,B
18690,12444.8819,3793.2000031200005,B
18691,12445.5381,3793.4000128800003,B
18692,12446.1942,3793.59999216,B
18693,12446.8504,3793.80000192,B
18694,12447.5066,3794.00001168,B
18695,12448.1627,3794.1999909600004,B
18696,12448.8189,3794.40000072,B
18697,12449.4751,3794.60001048,B
18698,12450.1312,3794.7999897600002,B
18699,12450.7874,3794.99999952,B
18700,12451.4436,3795.2000092800004,B
18701,12452.0997,3795.3999885600006,B
18702,12452.7559,3795.5999983200004,B
18703,12453.4121,3795.80000808,B
18704,12454.0682,3795.99998736,B
18705,12454.7244,3796.19999712,B
18706,12455.3806,3796.40000688,B
18707,12456.0367,3796.5999861600003,B
18708,12456.6929,3796.79999592,B
18709,12457.3491,3797.00000568,B
18710,12458.0052,3797.19998496,B
18711,12458.6614,3797.3999947200004,B
18712,12459.3176,3797.6000044800003,B
18713,12459.9738,3797.80001424,B
18714,12460.6299,3797.9999935200003,B
18715,12461.2861,3798.20000328,B
18716,12461.9423,3798.4000130400004,B
18717,12462.5984,3798.5999923200006,B
18718,12463.2546,3798.8000020800005,B
18719,12463.9108,3799.0000118400003,B
18720,12464.5669,3799.19999112,B
18721,12465.2231,3799.40000088,B
18722,12465.8793,3799.60001064,B
18723,12466.5354,3799.7999899200004,B
18724,12467.1916,3799.99999968,B
18725,12467.8478,3800.20000944,B
18726,12468.5039,3800.3999887200002,B
18727,12469.1601,3800.59999848,B
18728,12469.8163,3800.8000082400004,B
18729,12470.4724,3800.9999875200006,B
18730,12471.1286,3801.1999972800004,B
18731,12471.7848,3801.40000704,B
18732,12472.4409,3801.59998632,B
18733,12473.0971,3801.7999960800003,B
18734,12473.7533,3802.00000584,B
18735,12474.4094,3802.1999851200003,B
18736,12475.0656,3802.39999488,B
18737,12475.7218,3802.60000464,B
18738,12476.378,3802.8000144000002,B
18739,12477.0341,3802.9999936800004,B
18740,12477.6903,3803.2000034400003,B
18741,12478.3465,3803.4000132,B
18742,12479.0026,3803.5999924800003,B
18743,12479.6588,3803.80000224,B
18744,12480.315,3804.0000120000004,B
18745,12480.9711,3804.19999128,B
18746,12481.6273,3804.40000104,B
18747,12482.2835,3804.6000108,B
18748,12482.9396,3804.79999008,B
18749,12483.5958,3804.99999984,B
18750,12484.252,3805.2000096,B
18751,12484.9081,3805.3999888800004,B
18752,12485.5643,3805.59999864,B
18753,12486.2205,3805.8000084,B
18754,12486.8766,3805.9999876800002,B
18755,12487.5328,3806.1999974400005,B
18756,12488.189,3806.4000072000003,B
18757,12488.8451,3806.5999864800006,B
18758,12489.5013,3806.7999962400004,B
18759,12490.1575,3807.000006,B
18760,12490.8136,3807.19998528,B
18761,12491.4698,3807.3999950400002,B
18762,12492.126,3807.6000048,B
18763,12492.7822,3807.80001456,B
18764,12493.4383,3807.99999384,B
18765,12494.0945,3808.2000036,B
18766,12494.7507,3808.4000133600002,B
18767,12495.4068,3808.5999926400004,B
18768,12496.063,3808.8000024000003,B
18769,12496.7192,3809.00001216,B
18770,12497.3753,3809.1999914400003,B
18771,12498.0315,3809.4000012,B
18772,12498.6877,3809.6000109600004,B
18773,12499.3438,3809.79999024,B
18774,12500.0,3810.0,B
18775,12500.6562,3810.20000976,B
18776,12501.3123,3810.39998904,B
18777,12501.9685,3810.5999988000003,B
18778,12502.6247,3810.80000856,B
18779,12503.2808,3810.9999878400004,B
18780,12503.937,3811.1999976,B
18781,12504.5932,3811.40000736,B
18782,12505.2493,3811.59998664,B
18783,12505.9055,3811.7999964000005,B
18784,12506.5617,3812.0000061600003,B
18785,12507.2178,3812.19998544,B
18786,12507.874,3812.3999952,B
18787,12508.5302,3812.6000049599998,B
18788,12509.1864,3812.8000147200005,B
18789,12509.8425,3812.9999940000002,B
18790,12510.4987,3813.20000376,B
18791,12511.1549,3813.40001352,B
18792,12511.811,3813.5999928,B
18793,12512.4672,3813.80000256,B
18794,12513.1234,3814.00001232,B
18795,12513.7795,3814.1999916000004,B
18796,12514.4357,3814.4000013600003,B
18797,12515.0919,3814.60001112,B
18798,12515.748,3814.7999904,B
18799,12516.4042,3815.0000001600006,B
18800,12517.0604,3815.2000099200004,B
18801,12517.7165,3815.3999892,B
18802,12518.3727,3815.59999896,B
18803,12519.0289,3815.80000872,B
18804,12519.685,3815.999988,B
18805,12520.3412,3816.1999977600003,B
18806,12520.9974,3816.40000752,B
18807,12521.6535,3816.5999868000004,B
18808,12522.3097,3816.79999656,B
18809,12522.9659,3817.00000632,B
18810,12523.622,3817.1999856,B
18811,12524.2782,3817.3999953600005,B
18812,12524.9344,3817.6000051200003,B
18813,12525.5906,3817.80001488,B
18814,12526.2467,3817.99999416,B
18815,12526.9029,3818.2000039199997,B
18816,12527.5591,3818.4000136800005,B
18817,12528.2152,3818.5999929600002,B
18818,12528.8714,3818.80000272,B
18819,12529.5276,3819.00001248,B
18820,12530.1837,3819.19999176,B
18821,12530.8399,3819.4000015200004,B
18822,12531.4961,3819.60001128,B
18823,12532.1522,3819.7999905600004,B
18824,12532.8084,3820.0000003200003,B
18825,12533.4646,3820.20001008,B
18826,12534.1207,3820.39998936,B
18827,12534.7769,3820.5999991200006,B
18828,12535.4331,3820.8000088800004,B
18829,12536.0892,3820.99998816,B
18830,12536.7454,3821.19999792,B
18831,12537.4016,3821.40000768,B
18832,12538.0577,3821.59998696,B
18833,12538.7139,3821.7999967200003,B
18834,12539.3701,3822.00000648,B
18835,12540.0262,3822.1999857600003,B
18836,12540.6824,3822.39999552,B
18837,12541.3386,3822.60000528,B
18838,12541.9948,3822.8000150400003,B
18839,12542.6509,3822.9999943200005,B
18840,12543.3071,3823.2000040800003,B
18841,12543.9633,3823.40001384,B
18842,12544.6194,3823.59999312,B
18843,12545.2756,3823.8000028800006,B
18844,12545.9318,3824.0000126400005,B
18845,12546.5879,3824.1999919200002,B
18846,12547.2441,3824.40000168,B
18847,12547.9003,3824.60001144,B
18848,12548.5564,3824.79999072,B
18849,12549.2126,3825.0000004800004,B
18850,12549.8688,3825.20001024,B
18851,12550.5249,3825.3999895200004,B
18852,12551.1811,3825.5999992800002,B
18853,12551.8373,3825.80000904,B
18854,12552.4934,3825.99998832,B
18855,12553.1496,3826.1999980800006,B
18856,12553.8058,3826.4000078400004,B
18857,12554.4619,3826.59998712,B
18858,12555.1181,3826.79999688,B
18859,12555.7743,3827.00000664,B
18860,12556.4304,3827.19998592,B
18861,12557.0866,3827.3999956800003,B
18862,12557.7428,3827.60000544,B
18863,12558.399,3827.8000152,B
18864,12559.0551,3827.99999448,B
18865,12559.7113,3828.2000042400005,B
18866,12560.3675,3828.4000140000003,B
18867,12561.0236,3828.5999932800005,B
18868,12561.6798,3828.8000030400003,B
18869,12562.336,3829.0000128,B
18870,12562.9921,3829.19999208,B
18871,12563.6483,3829.4000018400006,B
18872,12564.3045,3829.6000116000005,B
18873,12564.9606,3829.79999088,B
18874,12565.6168,3830.00000064,B
18875,12566.273,3830.2000104,B
18876,12566.9291,3830.39998968,B
18877,12567.5853,3830.5999994400004,B
18878,12568.2415,3830.8000092,B
18879,12568.8976,3830.9999884800004,B
18880,12569.5538,3831.1999982400002,B
18881,12570.21,3831.400008,B
18882,12570.8661,3831.59998728,B
18883,12571.5223,3831.7999970400006,B
18884,12572.1785,3832.0000068000004,B
18885,12572.8346,3832.19998608,B
18886,12573.4908,3832.39999584,B
18887,12574.147,3832.6000056000003,B
18888,12574.8031,3832.79998488,B
18889,12575.4593,3832.9999946400003,B
18890,12576.1155,3833.2000044,B
18891,12576.7717,3833.40001416,B
18892,12577.4278,3833.59999344,B
18893,12578.084,3833.8000032000004,B
18894,12578.7402,3834.0000129600003,B
18895,12579.3963,3834.1999922400005,B
18896,12580.0525,3834.4000020000003,B
18897,12580.7087,3834.60001176,B
18898,12581.3648,3834.79999104,B
18899,12582.021,3835.0000008,B
