curve,n_valid,coverage_pct,top_m,base_m
CALI,15232,80.27404479578392,766.00001232,3825.0000004800004
ILM,15381,81.0592885375494,766.00001232,3842.00000712
ILD,15381,81.0592885375494,766.00001232,3842.00000712
DT,15297,80.61660079051383,766.00001232,3835.0000008
TENS,18935,99.78919631093544,55.20001152,3842.00000712
CGR,6811,35.89459815546772,2469.9999876,3832.0000068000004
DTL,6601,34.78787878787879,2514.99998904,3835.0000008
RHOB,1180,6.2187088274044795,3614.1999852000004,3850.00000128
DRHO,1180,6.2187088274044795,3614.1999852000004,3850.00000128
PEF,1180,6.2187088274044795,3614.1999852000004,3850.00000128
NPHI,1170,6.16600790513834,3614.1999852000004,3847.99999512
THOR,6953,36.642951251646906,2441.60000376,3832.0000068000004
URAN,6953,36.642951251646906,2441.60000376,3832.0000068000004
GR,18940,99.81554677206852,55.20001152,3842.99999496
POTA,6953,36.642951251646906,2441.60000376,3832.0000068000004
VP,15297,80.61660079051383,766.00001232,3835.0000008
RHOB_SI,1180,6.2187088274044795,3614.1999852000004,3850.00000128
