logged_depth_m,vp_m_s,rho_kg_m3,p_wave_modulus_GPa
3614.1999852000004,4886.361632442364,2740.3,65.42885516723406
3614.39999496,4896.668723010487,2765.7,66.31419722695185
3614.60000472,5030.582907241202,2769.8999999999996,70.09720667451906
3614.80001448,5151.441913605181,2747.3999999999996,72.90872580058053
3614.99999376,5068.654661316421,2745.8999999999996,70.54563104182256
3615.2000035200003,4804.819953244436,2739.1,63.235670040377876
3615.40001328,4709.277802584233,2722.7000000000003,60.38212769064138
3615.5999925600004,4787.04858351735,2731.9,62.603767289676256
3615.80000232,4839.385740959495,2741.0,64.1932725728075
3616.00001208,4880.688932941768,2763.2,65.82253110825954
3616.19999136,5048.221445997447,2761.6,70.37810502283533
3616.4000011200005,5277.748437713738,2759.7,76.8704184695683
3616.6000108800004,5338.283972888244,2756.1,78.5413417640163
3616.79999016,5508.148373036097,2740.0,83.13077388830176
3616.99999992,5080.016933389778,2725.1,70.32548947581512
3617.20000968,4838.878675595096,2728.1,63.87777084637148
3617.39998896,4615.566330594481,2753.0,58.6484048759792
3617.5999987200003,4763.973854411209,2744.9,62.29673215604625
3617.80000848,5076.6155896069295,2697.5,69.5200397159167
3617.9999877600003,5024.264162886381,2656.0,67.04601988520142
3618.19999752,4792.46036550372,2663.3,61.16981243606922
3618.4000072800004,4537.409062015724,2710.5,55.80399353982717
3618.5999865600006,4456.361865940705,2698.2,53.583988426624025
3618.7999963200004,4239.7813341122965,2705.2999999999997,48.62978500746878
3619.0000060800003,4260.893026142704,2732.4,49.60729411054463
3619.19998536,4595.995693515846,2743.7999999999997,57.95777144697269
3619.39999512,4816.352845250963,2747.9,63.74373627244897
3619.6000048800006,4939.287919324965,2749.8999999999996,67.08811450595623
3619.8000146400004,5027.637158989129,2739.3999999999996,69.2441847214668
3619.99999392,4997.753634357261,2736.4,68.34854425886049
3620.20000368,5006.775902427005,2736.6000000000004,68.60055499093286
3620.40001344,4974.604708247921,2738.0,67.75644270509667
3620.59999272,4934.53804273038,2723.6,66.3187494873197
3620.8000024800003,4676.568061863262,2700.8,59.06727609161648
3621.00001224,4561.453918540335,2702.5,56.23054415223825
3621.1999915200004,4499.676696457833,2718.0,55.03159163285095
3621.40000128,4556.98019328294,2728.1,56.65191142567059
3621.6000110400005,4657.516663457748,2725.4,59.12063449139163
3621.79999032,4745.7785459046645,2699.8,60.80601333547492
3622.0000000800005,4886.283298625974,2686.6,64.14462883700666
3622.2000098400003,4900.32154340836,2691.2,64.62419258692528
3622.39998912,4913.965302374923,2691.6000000000004,64.9942132190099
3622.59999888,4848.623678081931,2693.5,63.32189975825746
3622.80000864,4858.857212087204,2692.8999999999996,63.57531189692705
3622.9999879200004,4809.179094586834,2692.2000000000003,62.26574963449209
3623.1999976800003,4816.063657996278,2704.2000000000003,62.7224834967188
3623.40000744,4842.453446196815,2698.2,63.27105068249376
3623.5999867200003,4996.115225366104,2677.1,66.8235410996609
3623.79999648,4962.4398011116655,2679.1,65.97500430157956
3624.0000062400004,4998.958550302021,2681.2,67.00207955877414
3624.1999855200006,5024.073686414067,2664.6,67.25801169680848
3624.3999952800004,4973.857872990386,2620.4,64.8267625135124
3624.6000050400003,4750.675272329966,2619.3,59.114760482113596
3624.8000148,4544.011163240024,2656.2999999999997,54.84738188281777
3624.99999408,4575.429284248545,2679.7,56.09832203628597
3625.20000384,4469.188551956517,2692.6,53.78104006222005
3625.4000136,4567.496448501777,2689.6,56.110499231512534
3625.59999288,4505.962861286417,2682.3,54.46061801655061
3625.80000264,4474.5422328964005,2708.7,54.23231341901603
3626.0000124000003,4645.661610496025,2720.2999999999997,58.709981945463106
3626.19999168,4709.095909204676,2722.4,60.37081064955695
3626.4000014400003,4999.811358823405,2721.9,68.0423654726744
3626.6000112,4957.564677676972,2703.7,66.4500448959194
3626.7999904800004,4915.34416278691,2697.1,65.16357648044496
3627.00000024,4872.629029550704,2706.9,64.26861022522603
3627.2000100000005,4617.258366508518,2702.3,57.610535894443956
3627.39998928,4562.990375503568,2704.8999999999996,56.31840146845112
3627.59999904,4568.386406352575,2721.6,56.80021210004422
3627.8000088,4639.269406392695,2707.7,58.27734140655951
3627.99998808,4644.741293395873,2686.0,57.9467478394012
3628.19999784,4630.030487110195,2648.5,56.77637735219281
3628.4000076,4679.166960905623,2619.2000000000003,57.34634535108217
3628.5999868800004,4700.475753533454,2625.7999999999997,58.015665390431856
3628.7999966400002,4739.2480641850925,2640.4,59.304630833534425
3629.0000064,4698.903280907468,2644.4,58.38753763936325
3629.1999856800003,4717.87918328682,2642.7999999999997,58.82445720372718
3629.39999544,4753.861342591511,2641.0,59.68448103217153
3629.6000052000004,4699.1785687856145,2636.0,58.20888802743647
3629.80001496,4767.394027931799,2635.8,59.90658316592409
3629.9999942400004,4735.213333167622,2653.7999999999997,59.504154605292634
3630.2000040000003,4668.016429947593,2664.1,58.05174440539345
3630.4000137600005,4742.1974670940035,2664.8,59.92718642970918
3630.59999304,4867.983108992993,2671.1,63.29774998251209
3630.8000028,5044.712237895918,2696.8,68.63119103157531
3631.00001256,4940.032414910859,2707.5,66.07361410495182
3631.19999184,4879.032645338507,2689.8,64.0305802090993
3631.4000016,4796.359298925855,2634.3,60.60223620800722
3631.6000113600003,4200.545740194592,2649.3,46.745797756826555
3631.7999906400005,4462.632045153403,2721.1,54.19093716881719
3632.0000004000003,4559.2909764032765,2717.8,56.49527334917705
3632.20001016,4691.713768517494,2710.0,59.65300261223785
3632.3999894400004,4653.442218995754,2701.1,58.491036087870825
3632.5999992,4701.628602191009,2704.1,59.774972862142626
3632.8000089600005,4852.908162534212,2702.0,63.63403904704418
3632.99998824,4861.825577222156,2699.1,63.7995658338462
3633.199998,4955.662429640324,2687.1,65.99138750217786
3633.40000776,4935.0733460704,2683.7,65.36137644637829
3633.59998704,4932.661403866508,2686.3,65.36076428322949
3633.7999968,4888.626565386985,2694.0,64.383016160505
3634.00000656,4859.283255719782,2718.2,64.18386108457993
3634.1999858400004,4947.835078657267,2721.9,66.63502978314314
3634.3999956000002,4719.778628755654,2721.7,60.62943375564497
3634.60000536,4662.19006684308,2716.9,59.054582466407126
3634.8000151200004,4774.27156332332,2703.1,61.6135665667429
3634.9999944,4755.559854836848,2721.5,61.54767375388495
3635.2000041600004,4651.191181048533,2752.6000000000004,59.54859066377196
3635.40001392,4522.32899943471,2754.5,56.33354541070847
3635.5999932,4466.418336933236,2730.4,54.46845679325133
3635.80000296,4382.137327097511,2703.9,51.92333659202037
3636.0000127200005,4390.779363336993,2701.2,52.07628195936723
3636.1999920000003,4557.300427471192,2697.5,56.024342934853024
3636.40000176,4786.108978193997,2703.3,61.924058277301604
3636.60001152,5001.772281517074,2707.2,67.72798770849607
3636.7999908,5077.7065691995795,2711.8,69.91862143504407
3637.00000056,5095.796970608888,2713.2000000000003,70.45406260460695
3637.2000103200003,4874.73311316002,2731.7999999999997,64.91582602525504
3637.3999896000005,4784.343518376087,2738.7000000000003,62.68868662523436
3637.5999993600003,4805.115366910286,2732.7,63.09567563279758
3637.80000912,4931.4164231698915,2711.5,65.94061041581142
3637.9999884000003,4880.954668613924,2710.7999999999997,64.58133604762524
3638.19999816,4710.522330163108,2707.8,60.08343004286537
3638.4000079200005,4609.786419278829,2721.8,57.83860609681615
3638.5999872,4509.0891876538535,2730.6,55.518246006233426
3638.79999696,4465.534948524748,2721.2000000000003,54.26345566692071
3639.00000672,4468.605408068121,2719.3,54.300163372997474
3639.199986,4534.681835832021,2736.1,56.26335280162245
3639.39999576,4699.627791945874,2752.5,60.79309505623972
3639.60000552,4931.424401814014,2762.1000000000004,67.17136248895123
3639.7999848000004,5066.413567616177,2753.8,70.68604318130939
3639.9999945600002,5013.1578947368425,2765.7,69.50688672091414
3640.20000432,4848.453998542918,2773.5,65.19806837909942
3640.4000140800003,4734.970585082668,2759.7999999999997,61.87456818952243
3640.5999933600006,4754.350745674991,2748.4,62.124424123855306
3640.8000031200004,4808.405243812018,2745.4,63.475737218428904
3641.00001288,4869.6085620755275,2744.6000000000004,65.08294008379973
3641.19999216,4888.963741789573,2743.0,65.5630940231863
3641.40000192,4958.46795053245,2734.6,67.23398151724462
3641.6000116800005,5105.065873438584,2729.0,71.12237267438987
3641.7999909600003,5044.177929735662,2719.6,69.19677079178923
3642.00000072,4988.543371522095,2732.6000000000004,68.00229483581155
3642.20001048,5140.278330556324,2736.0,72.2918541594458
3642.39998976,5333.995999503001,2713.0,77.18895564452313
3642.59999952,5392.056269857557,2702.7000000000003,78.57903173794426
3642.8000092800003,5345.436561523379,2700.8999999999996,77.17468481266133
3642.9999885600005,5410.106675659846,2701.5,79.07089033481495
3643.1999983200003,5309.8917639188685,2720.2999999999997,76.69872396629428
3643.40000808,5248.340522251208,2717.2999999999997,74.84824109476985
3643.59998736,4954.937380515782,2703.3,66.36981163571598
3643.7999971199997,4710.041908246901,2707.1,60.055645812013516
3644.0000068800005,4546.6953669353215,2716.1,56.14841091525136
3644.19998616,4621.816246411952,2704.0,57.76064536377556
3644.39999592,4817.532784669877,2701.4,62.695771825680495
3644.60000568,4958.46795053245,2701.6,66.42263017150152
3644.79998496,5061.979353501535,2701.8,69.22993697620021
3644.9999947200004,4906.987788877173,2702.1000000000004,65.06259364374857
3645.20000448,4803.487256102462,2695.8,62.201513855512594
3645.40001424,4694.568132076314,2697.7000000000003,59.45452922523011
3645.59999352,4701.2587589478935,2702.0,59.71915524801475
3645.80000328,4633.197590372434,2720.5,58.39966741905329
3646.0000130400003,4643.085641166255,2724.2000000000003,58.72896904361464
3646.1999923200005,4750.912228143545,2706.2,61.08209213411146
3646.4000020800004,4729.651095128366,2691.0,60.19659220511734
3646.60001184,4682.998778548547,2688.2000000000003,58.95350977648874
3646.79999112,4652.085654542957,2738.2,59.25985314625301
3647.00000088,4635.247958392262,2741.8999999999996,58.911157256944165
3647.2000106400005,4493.143092161029,2729.2999999999997,55.10002229691919
3647.3999899200003,4622.727500223705,2712.7,57.96933980275098
3647.59999968,4630.410310866425,2702.9,57.95206707581712
3647.80000944,4686.426123443048,2708.8999999999996,59.49445953763481
3647.99998872,4710.689772950317,2721.4,60.38949376997386
3648.19999848,4686.36127417366,2716.7,59.66411647786897
3648.4000082400003,4748.018543442501,2717.4,61.2601962735058
3648.5999875200005,4714.172367340438,2720.8,60.46548415335672
3648.7999972800003,4934.665865808821,2723.8,66.3270555269134
3649.00000704,4899.817382134315,2722.1000000000004,65.35274947067673
3649.19998632,4965.139766729655,2696.2999999999997,66.47084017079088
3649.3999960800006,4989.580485632857,2692.8,67.03971566439941
3649.6000058400004,4958.556682582419,2710.9,66.65366921051424
3649.79998512,4597.236529931056,2726.9,57.63189632461421
3649.99999488,4472.88752184715,2729.0,54.59834647506882
3650.20000464,4439.485788693295,2727.6,53.75836132390333
3650.4000144,4577.380711025811,2729.1,57.18123352136596
3650.5999936800004,4597.943898446988,2722.5,57.556612333916384
3650.80000344,4782.414271929205,2702.3,61.80561734296801
3651.0000132,4782.42177570944,2709.8,61.97734797890521
3651.19999248,4846.0643216463895,2723.3,63.95490151398417
3651.40000224,4916.129032258064,2700.0,65.25447658688866
3651.6000120000003,4813.2801051089,2669.0,61.834498873162936
3651.7999912800005,4593.176841829254,2699.9,56.96052872350469
3652.0000010400004,4676.668518103679,2707.9,59.22509946078253
3652.2000108,4657.723064133851,2712.7,58.85035586244945
3652.39999008,4651.716465061764,2727.3,59.014588516329354
3652.59999984,4662.974635131414,2704.5,58.804842605288606
3652.8000096000005,4736.869097368459,2669.7000000000003,59.90253863910975
3652.9999888800003,4739.682870431564,2668.7,59.951261239914636
3653.19999864,4744.094396271965,2695.3,60.661585201283984
3653.4000084,4734.146898341651,2718.7999999999997,60.93414486958571
3653.59998768,4656.826421684189,2667.7,57.851828424588334
3653.7999974400004,4485.453180875016,2685.2999999999997,54.02633007562288
3654.0000072000003,4405.267242762312,2751.2,53.390831225801506
3654.1999864800005,4441.782483813288,2737.2999999999997,54.00537321040841
3654.3999962400003,4569.92068608783,2738.1000000000004,57.18295977869915
3654.600006,4722.681888329027,2752.2000000000003,61.3843097937457
3654.79998528,4811.304671764208,2756.9,63.81852047573259
3654.9999950400006,5007.442163057301,2765.0,69.3309289502464
3655.2000048000004,4908.030781468641,2756.4,66.39827502094192
3655.4000145600003,4753.216374269006,2754.1000000000004,62.2235627968948
3655.59999384,4714.675510292472,2743.2,60.97630268707884
3655.8000036,4814.367285047504,2723.8,63.13259690946332
3656.00001336,4896.464200228117,2726.2,65.36163096871188
3656.1999926400003,4935.536836787238,2734.7000000000003,66.61598991986094
3656.4000024,4935.033394049788,2727.2,66.41974130617425
3656.60001216,4896.865395645197,2727.5,65.40351539261631
3656.79999144,4822.784810126582,2730.3,63.504739352667826
3657.0000012,4825.648129823868,2747.3999999999996,63.97837376273015
3657.2000109600003,4743.976255215962,2740.1,61.666801876615835
3657.3999902400005,4710.522330163108,2744.2000000000003,60.891110393541304
3657.6000000000004,4800.0,2750.1000000000004,63.36230400000001
3657.80000976,4852.545038877674,2734.3,64.38509078876184
3657.99998904,4949.056220824031,2721.1,66.6483308103301
3658.1999988000002,5042.592368943058,2713.1,68.9879954233426
3658.40000856,4980.587474018589,2716.2999999999997,67.38122118400486
3658.5999878400003,4926.068567383544,2731.1,66.27328644512377
3658.7999976,4919.104296953803,2728.2000000000003,66.01585708341283
3659.00000736,4991.320865948318,2719.9,67.76164111583623
3659.19998664,5126.94573309605,2705.2000000000003,71.10773086256243
3659.3999964000004,5112.026848203998,2703.3999999999996,70.64746152413693
3659.6000061600002,5143.305518760073,2715.1,71.82414671418667
3659.7999854400005,5094.383141736837,2739.0,71.0845537501914
3659.9999952000003,5023.634817349341,2734.6,69.01284527534999
3660.20000496,4972.527113976587,2714.6,67.12126990605607
3660.4000147200004,4882.354166099355,2714.3,64.70180651422103
3660.5999940000006,4943.01264295491,2719.8,66.4538905736832
3660.8000037600004,4948.051948051949,2719.2,66.57476660482376
3661.0000135200003,4879.118557138353,2714.6,64.62321896471332
3661.1999928,4786.988437726746,2716.7,62.25388223156872
3661.40000256,4742.249114328967,2729.5,61.3835253248949
3661.60001232,4839.8698570428205,2714.1000000000004,63.57600182668845
3661.7999916000003,4944.014870973864,2716.0,66.3879567486195
3662.00000136,5033.731616888104,2714.7000000000003,68.78630104898474
3662.20001112,5118.130069014156,2713.0,71.06772790928001
3662.3999904,5218.8295644640175,2713.8,73.9135507738103
3662.6000001600005,5308.735726676746,2725.7,76.81751729027734
3662.8000099200003,5281.397283060715,2721.1,75.90007022432508
3662.9999892000005,5222.433160394493,2720.1,74.18748545303487
3663.1999989600004,4987.8005076167055,2735.1,68.0442387422327
3663.40000872,4800.007559067023,2747.9,63.31181540713563
3663.599988,4845.309365372571,2727.2,64.02653670606703
3663.79999776,4940.4007430051515,2715.8,66.28605009413529
3664.00000752,4846.38024050639,2725.8,64.02195883307881
3664.1999868000003,4568.804121516999,2741.8,57.23225396414798
3664.39999656,4537.652241359033,2749.2999999999997,56.60887842314983
3664.60000632,4728.719212128359,2751.3999999999996,61.523464914209576
3664.7999856,4757.823951148013,2745.0,62.13825961907307
3664.9999953600004,4937.479649905478,2748.5,67.00487149844464
3665.2000051200002,4890.312912640208,2733.1,65.36252484424102
3665.40001488,4911.2494682702345,2726.4,65.76178042024362
3665.5999941600003,4815.61472554314,2736.6000000000004,63.46215131290958
3665.80000392,4747.426919530491,2748.9,61.95487961118571
3666.0000136800004,4707.9684837962795,2752.7,61.01350533371228
3666.19999296,4749.809103800782,2745.2000000000003,61.93359664170095
3666.40000272,4835.4012288391705,2722.2,63.64804415039394
3666.60001248,4878.08000819415,2722.5,64.78369678187
3666.79999176,4909.018872665076,2746.5,66.18643767147756
3667.0000015200003,4865.310083706319,2750.7999999999997,65.11485307295806
3667.20001128,4800.294821256739,2749.7,63.360870671095434
3667.3999905600003,4792.452830188679,2755.1,63.27804613741545
3667.60000032,4746.391932379487,2746.9,61.882812500567134
3667.80001008,4664.57311810185,2747.5,59.78077092289034
3667.99998936,4615.692141814416,2747.2,58.528035437965784
3668.1999991200005,4718.857937295545,2755.3999999999996,61.35620078829202
3668.4000088800003,4833.36927702437,2739.2,63.99170730969316
3668.59998816,4958.371155554255,2732.7,67.18464422950838
3668.79999792,4935.960447540036,2728.4,66.4739341944619
3669.0000076799997,4985.434614422104,2724.9,67.72618589716828
3669.19998696,4961.381634098105,2730.4,67.2096361964108
3669.39999672,4964.128956604589,2726.7999999999997,67.19537704884148
3669.60000648,5101.972494877941,2709.2999999999997,70.52341316097379
3669.7999857600003,5218.7134022313085,2726.4,74.25342104826763
3669.99999552,5158.722099234316,2733.8,72.75301656520993
3670.20000528,5020.738549322827,2725.2000000000003,68.69633902040451
3670.40001504,4924.914444153603,2721.8,66.01666641578122
3670.5999943200004,4931.312703145653,2723.7,66.23451436169144
3670.8000040800002,4987.784183422164,2724.2999999999997,67.77511104583763
3671.00001384,4915.851524510713,2720.2000000000003,65.7352548132555
3671.1999931200003,4978.838303732006,2724.2999999999997,67.53221189748373
3671.4000028800006,4899.864642846808,2715.3,65.19075120402353
3671.6000126400004,4874.6707438191,2700.5,64.17040133117412
3671.79999192,4888.752020940797,2710.6,64.78305897109824
3672.00000168,4915.94666649463,2718.2,65.68946627073942
3672.20001144,4995.1572540401285,2724.4,67.97812812221143
3672.39999072,4944.480042826205,2718.0,66.44934570563822
3672.6000004800003,4872.629029550704,2715.1,64.4632988372349
3672.80001024,4866.2499700649005,2714.6,64.28278335818183
3672.9999895200003,4801.845118439212,2706.4,62.40340404785738
3673.19999928,4772.410208072702,2697.5,61.43798807612933
3673.40000904,4670.183605020141,2693.9,58.755615491499036
3673.59998832,4471.903155714074,2703.1,54.0563716973165
3673.7999980800005,4499.085569714423,2722.3,55.10417309424247
3674.0000078400003,4496.357773181764,2742.4,55.44374039473736
3674.19998712,4733.624888182089,2728.9,61.14702058386592
3674.39999688,4872.418721086001,2691.1,63.88796319136827
3674.6000066399997,4655.688325494934,2725.9,59.08506495221401
3674.79998592,4805.30475375178,2717.4,62.747357792069394
3674.99999568,4714.784903407237,2705.9,60.14998331101517
3675.20000544,4757.979919076877,2721.4,61.60806803819604
3675.4000152,4821.121828230136,2707.3,62.926357817603396
3675.59999448,4934.713801170537,2683.7,65.35185298366878
3675.8000042400004,4869.250713693491,2676.7,63.46349304602399
3676.000014,4685.295121328853,2686.3,58.969631741536396
3676.1999932800004,4568.865758089951,2711.7,56.60547470319725
3676.4000030400002,4408.210726356849,2712.8,52.71600260065445
3676.6000128,4469.824286631882,2693.8,53.82031687333253
3676.79999208,4665.129989990174,2678.4,58.29119186647773
3677.0000018400006,4931.424401814014,2705.4,65.79247821498447
3677.2000116000004,4906.813999874433,2744.9,66.08847318024051
3677.39999088,4894.349178414122,2747.0,65.80343420902751
3677.60000064,4796.578189102893,2708.8,62.321801303732244
3677.8000104,4761.346861307027,2671.5,60.56403753882152
3677.99998968,4816.253908860928,2694.4,62.5001153398672
3678.1999994400003,4778.702789144443,2725.5,62.23951894568549
3678.4000092,4814.101146665825,2704.0,62.66674087529018
3678.5999884800003,4864.238590264501,2704.5,63.99067974693321
3678.79999824,4728.191063594791,2703.7,60.4433514071309
3679.000008,4674.129734703267,2711.3,59.235096320638796
3679.19998728,4643.057349679495,2719.9,58.63555402440752
3679.3999970400005,4807.153953521382,2717.9,62.80721491019003
3679.6000068000003,4972.267536704731,2701.9,66.80027457720037
3679.79998608,4999.589928647585,2675.2,66.86903022103785
3679.99999584,4864.1299143989745,2679.8,63.40342437675979
3680.2000056000006,4758.678186581402,2726.3,61.73711280089791
3680.39998488,4627.387514859107,2754.2,58.97490023874656
3680.59999464,4430.2518760982975,2732.2000000000003,53.62524919159437
3680.8000044,4571.812555685217,2712.7,56.69941778922958
3681.00001416,4602.442858286134,2687.2,56.92156096485389
3681.19999344,4601.220047914279,2675.6000000000004,56.645732096510756
3681.4000032000004,4734.161604520442,2659.8,59.61219856270387
3681.60001296,4747.37515945293,2608.2999999999997,58.78474619044402
3681.7999922400004,4617.978906987421,2557.2,54.53415467285562
3682.000002,4379.310344827587,2621.3,50.27223269916768
3682.20001176,4440.35889987486,2680.6,52.85281966028613
3682.39999104,4634.331762201613,2686.7000000000003,57.70233887107431
3682.6000008000005,4665.158551107057,2683.9,58.41160598946953
3682.8000105600004,4772.597025582248,2674.5,60.91891149481138
3682.99998984,4838.041482078771,2643.2000000000003,61.86844507453488
3683.1999996,4853.835533324735,2570.0,60.54847881833414
3683.40000936,4516.264776394515,2526.7,51.5362093153189
3683.59998864,4360.521259687067,2612.8,49.680159770474646
3683.7999984000003,4354.808291280668,2690.2,51.017908503791176
3684.00000816,4305.090826399473,2684.8999999999996,49.76141847752643
3684.1999874400003,4256.299616681678,2699.1,48.89712887502016
3684.3999972,4220.747299372566,2679.7,47.73807239830142
3684.6000069600004,4453.926410848409,2712.8,53.81506277184072
3684.7999862399997,4499.33130017094,2719.5,55.053509453384
3684.9999960000005,4557.8183482095465,2693.6,55.956060125434355
3685.2000057600003,4533.090220095807,2648.4,54.421725149240224
3685.39998504,4606.901888708858,2646.5,56.16811187475882
3685.5999948,4524.83313935536,2663.8,54.5389473745308
3685.8000045600006,4375.236848451443,2669.9,51.109088001978314
3686.0000143200004,4409.958287697693,2701.1,52.53026917323979
3686.1999936,4497.299849499809,2699.3,54.5952480338843
3686.40000336,4700.026368258169,2688.5,59.3896313778529
3686.60001312,4699.8596826669545,2704.5,59.7388378639129
3686.7999924,4705.0179139543625,2697.9,59.72393453420662
3687.0000021600003,4700.591737877239,2694.2,59.5298649891594
3687.20001192,4748.58072275642,2682.5,60.48774314703215
3687.3999912000004,4765.396467540427,2682.4,60.914630969212205
3687.60000096,4680.467493938273,2691.0,58.95113411323829
3687.80001072,4646.341463414635,2693.1,58.139959711481275
3687.99999,4603.054507233049,2698.0,57.16552292911479
3688.1999997600005,4583.024465351403,2699.6000000000004,56.70270412972569
3688.4000095200004,4696.463322747802,2713.0,59.84001088381627
3688.5999888,4696.463322747802,2729.7,60.20835890510625
3688.79999856,4728.139722113205,2714.7999999999997,60.69018264335778
3689.0000083200002,4888.940216345229,2703.3,64.61356411554257
3689.1999876,4425.485453104083,2704.8999999999996,52.9752541535454
3689.3999973600003,4472.900649656535,2743.7999999999997,54.89476820029457
3689.60000712,4495.9200410650965,2743.6,55.45720169213947
3689.7999864000003,4493.692907395723,2723.0,54.98629040089979
3689.99999616,4434.318834507381,2722.1000000000004,53.525151876306715
3690.2000059200004,4498.713704398496,2707.2,54.78946414414349
3690.3999852000006,4662.204329364546,2685.7000000000003,58.37677592992783
3690.5999949600005,4794.043306820346,2704.1,62.147928004739626
3690.8000047200003,4873.914642531621,2711.3,64.40705064179951
3691.00001448,4875.551858724167,2714.3,64.52164138795109
3691.19999376,4865.34114852699,2725.8,64.5238959750668
3691.40000352,4843.099774528919,2712.2000000000003,63.61632015851129
3691.60001328,4867.493352709619,2696.2999999999997,63.88206493572219
3691.79999256,4850.3442821474555,2693.0,63.355086191885874
3692.00000232,4731.92731337375,2699.2,60.43815455856253
3692.20001208,4681.078490997217,2714.0,59.47051370671159
3692.39999136,4653.435114503817,2725.0,59.00839904434474
3692.6000011200003,4634.810958104229,2724.6,58.52842029326734
3692.80001088,4659.510262235037,2711.8,58.8759871098885
3692.9999901600004,4638.902248223885,2703.6,58.179887875803736
3693.19999992,4721.38704685605,2706.9,60.340849564753164
3693.4000096800005,4730.172229171259,2714.2,60.728947473892326
3693.59998896,4767.535709593259,2696.6,61.29209125514298
3693.7999987200005,4748.662101843846,2657.6,59.92832657470015
3694.0000084800004,4768.811223603739,2590.5,58.91201243993886
3694.19998776,4772.761437089744,2542.6000000000004,57.918525462354204
3694.39999752,4659.2253579257285,2585.0,56.116164719400075
3694.60000728,4463.448922211809,2619.4,52.18467243095894
3694.7999865600004,4443.355958295431,2592.0,51.174924350133765
3694.9999963200003,4476.599194564633,2543.0,50.9615683069392
3695.20000608,4434.873705040159,2520.5,49.57345809712453
3695.3999853600003,4352.544696407152,2507.2000000000003,47.49801478196146
3695.59999512,4259.77946417341,2488.7999999999997,45.16107063234975
3695.8000048800004,4080.1574233966508,2457.5,40.9116849037598
3696.0000146400002,3896.7713561735964,2428.2,36.87179692697274
3696.1999939200005,3761.416602804033,2415.2,34.17086513750932
3696.4000036800003,3657.0967834825924,2415.5,32.305759052719196
3696.60001344,3616.6021974892615,2408.5,31.502725889088484
3696.79999272,3609.23623445826,2393.0,31.172620767330567
3697.00000248,3513.2004356921807,2397.4,29.590094822251046
3697.20001224,3435.914778491715,2420.5,28.575237838622332
3697.39999152,3395.3814791297664,2424.7999999999997,27.95458659480453
3697.60000128,3428.579141910331,2409.6000000000004,28.325221324972695
3697.8000110400003,3573.5054118441544,2420.1000000000004,30.904534041013147
3697.99999032,3709.2746469617546,2423.9,33.349757545741376
3698.2000000800003,3745.654340498167,2450.5,34.38033473752651
3698.40000984,3860.392599900958,2474.0,36.869109156765575
3698.5999891200004,3889.6503143113105,2478.8,37.502706072221606
3698.79999888,3962.089768371137,2492.7000000000003,39.13079179764992
3699.0000086400005,3958.888861468764,2504.7000000000003,39.25566470843568
3699.1999879200002,4049.4059409886772,2514.3,41.228708132477266
3699.39999768,4048.1259487795196,2510.2000000000003,41.13545994466647
3699.60000744,4078.4322121212936,2507.8999999999996,41.715428785711524
3699.79998672,4054.647280273503,2512.1000000000004,41.29933740983919
3699.99999648,4081.135326859039,2574.3,42.87667984116306
3700.20000624,4139.26845763361,2669.7000000000003,45.74142071983329
3700.3999855200004,4068.795753928631,2692.8999999999996,44.58122579330763
3700.5999952800003,4058.950665372277,2656.1,43.75946132647798
3700.80000504,4073.4885125752926,2650.2,43.975586616252016
3701.0000148,4057.389160594338,2632.0,43.32905469893819
3701.19999408,4157.385975369399,2600.2999999999997,44.94321634275968
3701.4000038400004,4240.3770708009415,2605.4,46.84717033428727
3701.6000136000002,4223.302988735088,2650.0,47.26616355684562
3701.7999928800004,4405.216307972025,2683.8,52.08163686639686
3702.0000026400003,4696.557398772855,2683.1,59.18288447125426
3702.2000124000006,4768.497876234953,2672.1,60.75973822959575
3702.39999168,4829.295189084019,2658.9,62.01111048077908
3702.60000144,4736.0153143592315,2653.5,59.51758324699217
3702.8000112,4609.598187617301,2656.4,56.444237676792696
3702.99999048,4582.087465555421,2656.1,55.76621539210646
3703.20000024,4594.921767235856,2663.1,56.22684533381332
3703.4000100000003,4600.220049896088,2669.5,56.4920244226804
3703.5999892800005,4690.601868238409,2671.6000000000004,58.779864309896944
3703.7999990400003,4613.666017806814,2673.4,56.90576281874172
3704.0000088,4641.480644507962,2681.5,57.7684731104167
3704.1999880800004,4579.0517396791065,2669.2,55.9670244366698
3704.39999784,4501.8632219338815,2665.9,54.02918872510953
3704.6000076000005,4583.4104001912765,2672.2999999999997,56.13874549093489
3704.7999868800002,4460.522618713122,2658.3,52.89023335980216
3704.99999664,4544.383779770336,2646.6,54.65605859388662
3705.2000064,4653.669574192288,2662.6,57.66297101064464
3705.39998568,4744.160853201842,2684.5,60.42020847872631
3705.59999544,4791.2776111519825,2666.5,61.21308366881213
3705.8000052,4652.774491560741,2628.8999999999996,56.9112433927909
3706.00001496,4652.937853969805,2591.4,56.103371205766365
3706.1999942400003,4629.559310912577,2569.7999999999997,55.07805932818868
3706.400004,4546.125725433695,2598.0,53.69353917154721
3706.6000137600004,4494.958656113543,2634.9,53.23724103331611
3706.79999304,4444.204672538812,2649.1,52.32225534459761
3707.0000028000004,4430.399986045984,2623.4,51.49326008497701
3707.2000125600002,4558.1795994544555,2558.3999999999996,53.1558800258425
3707.39999184,4740.501112027,2526.4,56.77414704376167
3707.6000016,4596.023414387001,2569.7000000000003,54.28088122040774
3707.8000113600006,4373.57944762036,2605.7999999999997,49.84425622375371
3707.9999906400003,4213.774397173122,2576.4,45.74628702848805
3708.2000004,4276.65825740207,2558.3,46.79081030760358
3708.40001016,4373.008437553354,2566.5,49.079699973143775
3708.59998944,4377.473818455476,2539.2000000000003,48.656853837783444
3708.7999992,4434.035000945579,2494.5,49.043532308883286
3709.0000089600003,4426.770926223389,2490.1,48.79674870489247
3709.1999882400005,4308.370791281487,2549.7000000000003,47.32768151401449
3709.3999980000003,4004.4827083336077,2612.1,41.8873267488037
3709.60000776,4009.455369157975,2604.6,41.8708524977447
3709.79998704,4222.232380699079,2561.4,45.66270861294423
3709.9999967999997,4326.460393299097,2556.2,47.84761502281939
3710.2000065600005,4323.269344786404,2565.0,47.94153732771669
3710.39998584,4240.282685512368,2540.1,45.67099102248748
3710.5999956,4268.471150708681,2537.7999999999997,46.23832508853628
3710.80000536,4304.592271223208,2564.2,47.5133813923851
3711.0000151200006,4251.929619962866,2573.5,46.52606328653805
3711.1999944,4259.344916105719,2574.6000000000004,46.708442411820016
3711.40000416,4374.025064541266,2582.7,49.41246244152302
3711.60001392,4436.623101007411,2601.7999999999997,51.2128543291935
3711.7999932000002,4412.390595006819,2645.6,51.50769108234049
3712.00000296,4428.507499985471,2680.4,52.56714352697686
3712.2000127200004,4415.234878037829,2622.7999999999997,51.12964749127238
3712.3999920000006,4291.507096192836,2538.0,46.74243015163725
3712.6000017600004,4395.502973598141,2523.2999999999997,48.75128237818344
3712.80001152,4596.765071824455,2581.4,54.5456250926826
3712.9999908,4522.496750568281,2640.2999999999997,54.0019948005554
3713.20000056,4534.567148191679,2665.7000000000003,54.81292103464383
3713.4000103200005,4775.094311245911,2676.0,61.01688272314023
3713.5999896000003,4839.477946079833,2672.2999999999997,62.58672718850187
3713.79999936,4753.683402813844,2650.1,59.88565037018709
3714.00000912,4667.244457647206,2627.9,57.243994617425805
3714.1999884,4739.027006856664,2624.8,58.94874787536234
3714.39999816,4694.8790698963985,2653.7999999999997,58.49476630454848
3714.6000079200003,4604.34089041427,2680.1,56.81799948968104
3714.7999872000005,4599.782687432091,2704.5,57.22181308679217
3714.9999969600003,4594.263802386366,2686.5,56.7046536835177
3715.20000672,4637.547090578233,2649.1,56.973777837210584
3715.399986,4642.618875718555,2621.4,56.501419740002184
3715.5999957599997,4665.015749019704,2603.2000000000003,56.6518066305684
3715.8000055200005,4644.691748205287,2609.7000000000003,56.29947939912805
3715.9999848,4626.607852482855,2638.7,56.482693432245036
3716.19999456,4614.210800402079,2658.7000000000003,56.60622566235184
3716.40000432,4678.922742511882,2676.8999999999996,58.60354613556412
3716.6000140800006,4707.743063492751,2686.2,59.53383357245739
3716.7999933600004,4766.32050377881,2688.8,61.08365060598308
3717.00000312,4819.185671460555,2695.1,62.59248614960248
3717.20001288,4842.19957869051,2697.0,63.23628056137088
3717.3999921600002,4895.496881690553,2697.1,64.63840116014914
3717.60000192,4851.108529229203,2688.2000000000003,63.262093301617014
3717.8000116800004,4931.169098006987,2690.7000000000003,65.42821463081523
3717.9999909600006,4863.974671585963,2704.2000000000003,63.97663858408488
3718.2000007200004,4833.905853022619,2698.6,63.05723034477887
3718.40001048,4822.784810126582,2690.7000000000003,62.58367292100624
3718.59998976,4860.825383459799,2685.4,63.449619901151266
3718.79999952,4811.783185596225,2691.6000000000004,62.31930768563214
3719.0000092800005,4799.153535124514,2706.2,62.328859187837836
3719.1999885600003,4938.407622775651,2699.2,65.82773829558042
3719.39999832,4968.312338627651,2677.1,66.08187771461509
3719.60000808,4925.909345814028,2675.7,64.92474442051933
3719.79998736,4853.503184713377,2669.0,62.8722802547771
3719.99999712,4819.033284215452,2654.5,61.645670623172066
3720.2000068800003,4823.387733593282,2659.0,61.86181907878927
3720.3999861600005,4689.237983443053,2657.7000000000003,58.440040030280755
3720.5999959200003,4650.502812730293,2623.4,56.736734597174525
3720.80000568,4600.032598656211,2597.0,54.95329886289342
3720.99998496,4711.403358266055,2570.8,57.06487438028473
3721.1999947200006,4693.729528455736,2540.7000000000003,55.974407859015564
3721.4000044800005,4518.132564499751,2535.6,51.76052605456875
3721.6000142400003,4373.046081977397,2525.4,48.29456780143615
3721.79999352,4182.78553206322,2504.1000000000004,43.810969366803164
3722.00000328,4181.041282295732,2502.6000000000004,43.748216386783945
3722.20001304,4153.901505653013,2501.2,43.15795017392832
3722.3999923200004,4142.672105056426,2500.1000000000004,42.9060465982486
3722.60000208,4074.3379535006825,2493.2,41.387692835976836
3722.80001184,4034.59586533345,2492.5,40.572824762940186
3722.9999911200002,4028.2080289269747,2522.8,40.93611309705366
3723.20000088,3995.9044601268256,2556.2999999999997,40.81708744933982
3723.4000106400003,4056.649351375308,2577.7000000000003,42.41967248772734
3723.5999899200006,4262.013130020765,2609.7000000000003,47.404563525648996
3723.7999996800004,4391.646074822238,2621.5,50.559704578703865
3724.00000944,4454.4666696869745,2594.3999999999996,51.47879387897205
3724.19998872,4380.248070348393,2553.0,48.983321271839976
3724.39999848,4504.338085449422,2527.1,51.272487539111026
3724.6000082400005,4530.078652152976,2510.5,51.51950841897458
3724.7999875200003,4430.142409892823,2520.1,49.459890281443286
3724.99999728,4303.3281612449155,2523.8,46.737326630076915
3725.20000704,4284.322724199536,2483.2999999999997,45.58201747860629
3725.39998632,4271.055054292005,2433.3,44.38804270982109
3725.5999960800004,4157.680865255947,2410.8999999999996,41.67556520648978
3725.8000058400003,3983.4024896265564,2416.7000000000003,38.34697611955718
3725.9999851200005,3835.2696327930657,2408.4,35.42586163745146
3726.1999948800003,3836.495799112621,2393.1,35.22332100974649
3726.40000464,3836.1529728926967,2386.4,35.11842856845284
3726.6000144000004,3796.8155579749327,2393.8,34.50856210310927
3726.7999936800006,3809.028697682091,2406.0,34.907931285156344
3727.0000034400005,3801.1859999625867,2419.2999999999997,34.956502004769575
3727.2000132000003,3843.2198314178186,2444.0,36.09870771584223
3727.39999248,3897.7779596513487,2490.2000000000003,37.832794361236694
3727.60000224,3933.8371948953045,2545.9,39.39799363584012
3727.800012,4048.572240714717,2568.8,42.105039449268524
3727.9999912800004,4309.442882915491,2579.7,47.908377350277995
3728.20000104,4500.84612363151,2593.0,52.52799784358259
3728.4000108,4610.713858916392,2596.2000000000003,55.19179095819214
3728.59999008,4616.279351539972,2593.4,55.26544490244159
3728.79999984,4648.006526728326,2605.1000000000004,56.28048836835352
3729.0000096000003,4593.585257123223,2580.0,54.44064582730634
3729.1999888800005,4535.16763604387,2549.4,52.43541034460812
3729.3999986400004,4559.311436272854,2551.2000000000003,53.032612755895016
3729.6000084,4486.047333097846,2591.4,52.150942016661936
3729.79998768,4457.652303120357,2657.3,52.802315594717946
3729.9999974400002,4474.082468143447,2692.5,53.89688701123299
3730.2000072,4491.659924755855,2686.5,54.20016135520061
3730.3999864800003,4644.3732686453,2688.5,57.99149092279616
3730.59999624,4711.29412201139,2694.7000000000003,59.812348871855775
3730.800006,4806.714260707477,2673.1,61.76064425366729
3730.99998528,4814.139164633136,2640.0,61.18447076664021
3731.1999950400004,4771.767667516755,2603.5,59.281087532526215
3731.4000048000003,4721.664975562906,2588.2999999999997,57.703871162134334
3731.60001456,4589.822279912903,2588.4,54.52844722377093
3731.7999938400003,4509.60287975428,2573.3,52.331962111875605
3732.0000036,4547.048073695596,2545.7999999999997,52.63606005649712
3732.2000133600004,4498.899629372147,2519.4,50.99290258669029
3732.39999264,4483.5925226386125,2522.0,50.698762014651535
3732.6000024,4372.939424459193,2553.9,48.83720612239218
3732.80001216,4300.158998661139,2574.0,47.596779723034636
3732.99999144,4236.2751911049345,2574.6000000000004,46.203842388037806
3733.2000012,4317.671856938873,2541.1000000000004,47.371923790363645
3733.40001096,4446.395983072186,2448.4,48.40593853420591
3733.5999902400004,4445.9873796972415,2410.2999999999997,47.64392715196354
3733.8,4262.937062937063,2450.5,44.53203570247935
3734.00000976,4073.1673419643153,2498.7,41.45516258925727
3734.19998904,3981.0664242500243,2509.0,39.7648646945958
3734.3999988000005,3978.109954019419,2491.4,39.42729892993706
3734.6000085600003,4208.497353810638,2478.1,43.89074418808087
3734.7999878400005,4372.63830190141,2486.5,47.54179476092817
3734.9999976000004,4284.148089843421,2517.7000000000003,46.20967660921864
3735.20000736,4198.769297739305,2543.6,44.84281237273737
3735.39998664,4192.5145458797,2538.2,44.614393751437326
3735.5999964000002,4272.12661641405,2525.5,46.09306674526356
3735.80000616,4364.361153749228,2512.9,47.86483536370482
3735.9999854400003,4380.940608646034,2510.4,48.18120500362114
3736.1999952,4380.846158710813,2505.2,48.07933009367293
3736.40000496,4377.102926541357,2526.1,48.3976257576132
3736.60001472,4318.932169526591,2552.8,47.61782535691567
3736.7999940000004,4297.454942284673,2559.6,47.270997343683035
3737.0000037600003,4286.956008067578,2573.2,47.29024853863257
3737.20001352,4244.1854798171435,2607.2999999999997,46.965582712261515
3737.3999928000003,4223.027972018283,2607.8,46.507414585336136
3737.60000256,4200.21579848886,2597.7000000000003,45.828136990742166
3737.8000123200004,4288.222582387899,2580.1,47.445079408833585
3737.9999916,4395.819932908943,2580.2999999999997,49.85973780686849
3738.20000136,4542.061004886293,2578.2,53.1890863113306
3738.40001112,4532.0050553862175,2526.7,51.89606771936421
3738.5999904,4502.322063741536,2468.1000000000004,50.03061807763026
3738.8000001600003,4462.390306891817,2475.7,49.298433995404785
3739.00000992,4299.770763533769,2541.2,46.98177832644974
3739.1999892000003,4068.9695681659205,2588.9,42.863157403169
3739.39999896,4043.3144035116347,2598.9,42.487834320173874
3739.60000872,4152.928032264218,2552.1,44.01558696857962
3739.799988,4179.304217148311,2489.0,43.47432692754994
3739.9999977600005,4272.162544011123,2483.2999999999997,45.32363408032803
3740.2000075200003,4263.145748393279,2544.5,46.244790499515176
3740.3999868,4115.142997168815,2578.6,43.66704870619864
3740.59999656,4082.9339255909413,2569.7999999999997,42.839463992817386
3740.8000063199997,4106.682116126946,2564.9,43.25662299368154
3740.9999856,4246.1602758332465,2571.8999999999996,46.37104088279249
3741.1999953600002,4311.869240584763,2577.1000000000004,47.91400075017574
3741.40000512,4376.424168544021,2571.5,49.25216708550622
3741.60001488,4514.9736256215865,2572.4,52.438340147366574
3741.79999416,4423.809033104548,2561.2,50.12290518875978
3742.00000392,4486.694477891842,2567.1,51.676820019238995
3742.20001368,4503.000522986282,2604.7,52.81553761047536
3742.3999929600004,4534.83026374323,2626.7999999999997,54.01931592646163
3742.6000027200002,4621.136544881727,2627.4,56.1078720540282
3742.80001248,4611.195158850228,2648.0,56.30474385987401
3742.9999917600003,4629.200718680375,2664.0,57.08818611876551
3743.2000015200006,4759.488136413676,2644.4,59.902872126759995
3743.4000112800004,4962.593313198578,2621.6,64.56301459939999
3743.59999056,4668.366760861076,2625.9,57.227940844912915
3743.80000032,4747.035049876574,2655.7,59.84445142466433
3744.00001008,4712.517857474165,2683.3,59.590255633832705
3744.19998936,4671.966057737408,2707.9,59.106055888628866
3744.3999991200003,4534.641357178882,2710.7999999999997,55.742105143413205
3744.60000888,4474.9035429256,2691.3999999999996,53.894643689138825
3744.7999881600003,4710.66065161048,2672.4,59.30142125532461
3744.99999792,4741.002516713279,2665.4,59.91047530312398
3745.20000768,4733.022146444177,2672.8,59.87472556160035
3745.39998696,4832.196889828131,2672.1,62.39387377435499
3745.5999967200005,4829.371706346315,2617.0,61.03584893127861
3745.8000064800003,4796.374394158746,2553.0,58.732294310788106
3745.99998576,4777.025142072615,2527.0,57.66606218860056
3746.19999552,4798.466002207169,2539.6,58.474990864428925
3746.4000052799997,4801.187065148391,2544.1,58.64505970441413
3746.6000150400005,4550.381139207624,2552.0,52.84163164276812
3746.79999432,4423.051528260078,2559.6,50.074439789479506
3747.00000408,4361.107732810611,2564.4,48.7729920292737
3747.20001384,4347.6214317196645,2578.6,48.74021271599525
3747.39999312,4328.948994243691,2601.1000000000004,48.74409220571926
3747.6000028800004,4278.819562403664,2599.7,47.596079314727255
3747.80001264,4361.051574299557,2579.6,49.060821242614175
3747.9999919200004,4473.90515555921,2549.2,51.0243470575224
3748.2000016800002,4398.427071683684,2538.0,49.10055586908672
3748.40001144,4386.880234427511,2521.1,48.517859031861484
3748.59999072,4276.826280592358,2465.3,45.09340145262117
3748.8000004800006,4200.29683200053,2423.4,42.754818691952636
3749.0000102400004,4088.141840280805,2418.0,40.41180116172345
3749.19998952,3810.4667821808175,2429.1,35.26969905700305
3749.39999928,3756.623081786664,2464.4,34.77814752209224
3749.60000904,3530.307013937069,2542.9,31.692334632215985
3749.79998832,3758.7216400259467,2643.9,37.352988444038346
3749.9999980800003,3816.5883857008157,2666.2,38.83679412042088
3750.20000784,3905.203991815472,2629.3,40.098450479776254
3750.3999871200003,3858.5550926470983,2571.5,38.285642496796136
3750.59999688,3833.07993254383,2522.4,37.06036646280719
3750.80000664,4055.828856796508,2494.4,41.03225070185068
3750.9999859199997,3799.911235669298,2482.2999999999997,35.84273743785273
3751.1999956800005,4182.4182006545325,2473.6,43.26974979197935
3751.4000054400003,4078.8797533401857,2461.9,40.959270497913096
3751.6000152,4175.411102648263,2461.7,42.91742027364062
3751.79999448,3962.306093345588,2466.5,38.72372831256726
3752.0000042400006,4028.0855888894616,2455.9,39.84814039669382
3752.2000140000005,3988.8030842556136,2464.5,39.21155058582141
3752.39999328,3994.7627716419033,2461.7,39.28412764049529
3752.60000304,3996.648479818105,2459.8,39.29087507541738
3752.8000128,4028.420985852947,2489.0,40.39192916611921
3752.99999208,4026.675403460193,2539.8999999999996,41.18223019279104
3753.2000018400004,3970.4508832559786,2573.7999999999997,40.57461918083695
3753.4000116,3956.622539767432,2562.8,40.1202801342031
3753.5999908800004,4071.382774097029,2535.4,42.02719021537482
3753.8000006400002,4290.788178934877,2525.0,46.48742957113036
3754.0000104,4350.308289563828,2532.5,47.928023957582454
3754.19998968,4298.994503549351,2546.4,47.06091916747664
3754.3999994400006,4220.5018353921205,2558.9,45.58075360160674
3754.6000092000004,4214.747467763682,2529.5,44.934281380953024
3754.79998848,4217.11501185026,2487.2999999999997,44.234290008337744
3754.99999824,4227.227338289138,2471.2000000000003,44.158987236023805
3755.200008,4099.760847283909,2474.1,41.58476930207771
3755.39998728,4015.6303933684135,2494.6000000000004,40.22614208809723
3755.5999970400003,3971.138888237456,2514.4,39.65194736878282
3755.8000068,3925.3210250651327,2512.6,38.71450550343367
3755.9999860800003,4010.842961286418,2510.4,40.38445650735706
3756.19999584,4011.1438208250493,2506.8,40.33259394666657
3756.4000056000004,4018.007210793781,2511.1,40.540157504577536
3756.5999848799997,4039.590103534377,2513.9,41.02254471747575
3756.7999946400005,4103.740624204799,2509.1,42.25496802957979
3757.0000044000003,4112.516730711109,2518.4,42.59318005797794
3757.20001416,4103.243420069545,2569.2,43.25660958511265
3757.39999344,4118.117555502714,2646.3,44.8783164313466
3757.6000032000006,4188.009761030624,2711.7,47.56166082929132
3757.8000129600005,4338.9197399495215,2713.4,51.083077584684084
3757.99999224,4461.521572071578,2695.6000000000004,53.656389023914656
3758.200002,4711.490750917026,2681.0,59.51322700231349
3758.40001176,4891.081959321218,2689.6,64.34244747813212
3758.59999104,5033.823063101152,2700.2999999999997,68.42391331503366
3758.8000008000004,5020.00260223232,2714.7999999999997,68.41411684800302
3759.00001056,4988.543371522095,2726.1000000000004,67.84053866350943
3759.1999898400004,4966.887417218543,2715.5,66.99130520591203
3759.3999996000002,4956.097560975611,2707.3,66.4991473837002
3759.60000936,4922.05137148892,2711.7,65.69524329918693
3759.79998864,5015.154058029677,2719.5,68.40023912898569
3759.9999984000005,5093.412653320411,2712.2999999999997,70.3647987191332
3760.2000081600004,5154.630457980799,2707.9,71.94948562727794
3760.39998744,5118.662967615389,2711.0,71.0301263716368
3760.5999972,4965.77072085135,2715.3999999999996,66.95871963489604
3760.8000069600002,4914.821055686794,2719.9,65.7004519990276
3760.99998624,4950.00462844921,2703.3999999999996,66.24018237429888
3761.1999960000003,5055.581541156215,2686.9,68.67422109023197
3761.40000576,5090.214363489402,2682.0,69.49137703814638
3761.5999850400003,5073.860628639347,2671.8,68.78298399356872
3761.7999948,4987.849480841455,2673.5,66.51305057277845
3762.0000045600004,4930.79416846233,2685.0,65.2796830887276
3762.2000143200003,4911.431485691911,2681.7000000000003,64.68839443027659
3762.3999936000005,4985.614017295894,2691.3999999999996,66.89837266422137
3762.6000033600003,4933.907013335146,2698.3,65.6858998785343
3762.80001312,4987.2700259835465,2689.4,66.89307590209161
3762.9999924,4939.976369798074,2690.7000000000003,65.66213833347337
3763.20000216,4895.221698295024,2707.8,64.88754070844632
3763.40001192,5058.501369180981,2711.5,69.38304449058889
3763.5999912,5112.824332212806,2698.7000000000003,70.54664289613412
3763.80000096,5061.48340653775,2698.7000000000003,69.13695434301681
3764.00001072,5039.365912856005,2708.2000000000003,68.77530448205857
3764.19999,5030.5496964835675,2713.7,68.67405976614388
3764.3999997600004,5026.178010471205,2728.4,68.92611057810919
3764.60000952,4934.458156669048,2735.7,66.61122362938484
3764.7999888000004,4891.081959321218,2731.7,65.34959242118289
3764.99999856,4877.5960236710625,2735.9,65.08964087198349
3765.2000083200005,4839.72384357911,2732.1,63.993778534607664
3765.3999876,4901.007054041322,2724.1,65.43252825862422
3765.5999973600005,5012.597275304735,2718.4,68.30287571843647
3765.8000071200004,5104.2366168691005,2724.9,70.99245035354636
3765.9999864,4958.427618832265,2733.7,67.21076036824162
3766.19999616,4957.58080466351,2730.0,67.0968682969169
3766.4000059200002,5070.889302220345,2722.0,69.99328565444458
3766.5999852000004,5201.409568341028,2710.1000000000004,73.32083812472598
3766.7999949600003,5283.786852593095,2694.2,75.21776271949517
3767.00000472,5340.23873390088,2681.7000000000003,76.47712214449774
3767.20001448,5199.2269390916035,2695.8,72.87275982806524
3767.39999376,5057.183672995337,2708.1,69.25994646079816
3767.6000035200004,5013.1578947368425,2709.4,68.09196907894739
3767.8000132800003,5135.099618910915,2708.2999999999997,71.4158346187733
3767.9999925600005,4993.046102131382,2713.9,67.65890940097968
3768.2000023200003,4970.005495052008,2721.1,67.21376761878719
3768.40001208,4989.629493817803,2732.9,68.03937835283205
3768.59999136,5030.068189769555,2720.2000000000003,68.8253742201486
3768.80000112,5074.004218348651,2717.8,69.97117101589295
3769.00001088,5088.48080133556,2726.7000000000003,70.60145294132404
3769.19999016,4984.073204392787,2735.3999999999996,67.95003230223351
3769.39999992,4970.370201260857,2747.0,67.86348108853747
3769.6000096800003,5041.766603258623,2739.2,69.62884919156575
3769.79998896,5113.210300904374,2738.1000000000004,71.587404305488
3769.9999987200003,5107.230048207024,2733.4,71.29745554509486
3770.20000848,5109.541666736515,2727.3,71.20275577711912
3770.3999877600004,5120.00430026608,2724.8,71.42911710586813
3770.59999752,5093.489257383304,2737.4,71.01810046799758
3770.8000072800005,5060.239763722664,2725.9,69.79946754465072
3770.9999865600003,5057.082985603573,2713.0,69.38250162106176
3771.19999632,5073.134358168612,2749.5,70.76303524797686
3771.40000608,5111.958259049492,2773.0,72.46436111279894
3771.59998536,5101.528450059251,2754.9,71.69790485198197
3771.79999512,4991.6151346819,2738.1000000000004,68.2231065074917
3772.0000048800002,5018.580933673395,2725.4,68.64234571367221
3772.20001464,4965.940620514483,2720.6,67.09153653016197
3772.3999939200003,5009.524341719247,2720.0,68.25930883435522
3772.60000368,5026.33549140345,2714.9,68.58936519701821
3772.80001344,4919.350413335184,2715.0,65.70302304812655
3772.99999272,4876.807802892486,2719.7,64.68331684577633
3773.2000024800004,4889.230379316375,2723.3999999999996,65.10171602010888
3773.4000122400003,4920.303354135929,2710.9,65.6292220587017
3773.59999152,4922.258037427248,2709.0,65.63534292262945
3773.80000128,4956.1056196839345,2699.7,66.31268497147518
3774.0000110400006,4994.0769068181935,2713.7,67.68186022515152
3774.19999032,4869.6474618080965,2731.1,64.76384809130523
3774.40000008,4781.82154769114,2719.7,62.188163348785956
3774.60000984,4863.8504844701465,2697.2999999999997,63.81013813311202
3774.79998912,4989.025126812574,2680.5,66.71864138465013
3774.99999888,5019.010655517701,2672.4,67.31900657683907
3775.2000086400003,5051.819268182324,2676.4,68.3040776607474
3775.3999879200005,4982.973206710011,2675.1,66.42279179546072
3775.5999976800003,4880.602965830976,2662.5,63.421509638083
3775.80000744,4839.477946079833,2654.9,62.17920967434556
3775.9999867200004,4825.021726844883,2655.2,61.81527220124725
3776.19999648,4773.665902901004,2660.2999999999997,60.62261353154805
3776.4000062400005,4675.499187770072,2658.2,58.10902993509198
3776.5999855200002,4549.817365434823,2646.0,54.77441750361727
3776.79999528,4597.153324414535,2646.3,55.926424394519124
3777.00000504,4674.8466257668715,2649.0,57.8917518913019
3777.2000147999997,4680.424370760861,2656.1,58.18551544056385
3777.39999408,4595.919462844374,2646.1,55.892182973457146
3777.60000384,4552.630832124726,2617.1000000000004,54.24318573553374
3777.8000136,4704.734679513104,2588.9,57.3040805867033
3777.9999928800003,4679.116678564027,2563.1,56.116852014501106
3778.20000264,4535.255361064655,2540.4,52.252322039242884
3778.4000124000004,4406.184270442571,2504.1000000000004,48.61574884802173
3778.59999168,4278.465198868622,2463.0,45.085866359881386
3778.8000014400004,4201.9587083112765,2449.7,43.25302267946887
3779.0000112000002,4147.627225199286,2437.1,41.924972148445235
3779.19999048,4079.7642089032024,2418.4,40.25300075899873
3779.40000024,4068.4590310980834,2393.7,39.62138146954387
3779.6000100000006,3848.2419039202073,2385.7,35.32974959236926
3779.7999892800003,3807.429984760287,2382.5,34.53796625918922
3779.99999904,3705.531794873042,2387.0,32.775815562279476
3780.2000088,3708.737556929974,2385.1,32.806416698272855
3780.39998808,3695.562294110016,2395.5,32.71577629414103
3780.59999784,3685.610640870617,2403.6,32.64984332350288
3780.8000076000003,3699.8777632248175,2400.5,32.86067365846455
3780.9999868800005,3683.2457031821164,2408.3,32.67171766497593
3781.1999966400003,3670.63073912389,2419.9,32.60459530266059
3781.4000064,3611.4471500018362,2476.1000000000004,32.29465933577854
3781.59998568,3648.293931838666,2574.2,34.26272713981842
3781.7999954399997,3706.094994218346,2667.8,36.642606775241084
3782.0000052000005,3987.2898594898943,2681.6,42.63336510390147
3782.2000149600003,4273.078901953309,2677.1,48.88171316063684
3782.39999424,4624.200284916277,2685.1,57.416106241255605
3782.600004,4882.972076704956,2698.7999999999997,64.34861191551457
3782.8000137600006,4864.62675800078,2716.4,64.28250176888676
3782.99999304,4892.487271186333,2714.1000000000004,64.96586927349674
3783.2000028,4692.089334425281,2688.2000000000003,59.1826109826119
3783.40001256,4902.646753685431,2656.2999999999997,63.84668121197503
3783.5999918400003,4917.945499224714,2635.6000000000004,63.745116917123084
3783.8000016,4873.52499120591,2620.1,62.23063922514442
3784.0000113600004,4835.056060000382,2614.6,61.12350986840953
3784.1999906400006,4819.597165166077,2618.0,60.81225707266048
3784.4000004000004,4752.756848460656,2595.1,58.61992929899625
3784.6000101600002,4636.919187078695,2563.5,55.117863610012535
3784.79998944,4596.099648506947,2556.2999999999997,53.99961857793222
3784.9999992,4531.007970887382,2534.7,52.037475233771374
3785.2000089600006,4361.931557172358,2476.5,47.11899577126797
3785.3999882400003,4299.018757431252,2434.8,44.998907831420546
3785.599998,4256.061886044223,2441.2,44.22005005325887
3785.80000776,4109.145815358067,2439.4,41.18946252217518
3785.99998704,3943.140126366775,2416.9,37.578816918342255
3786.1999968,3878.696564528506,2406.2999999999997,36.20106790359458
3786.4000065600003,3900.586239683859,2416.7999999999997,36.7705800583285
3786.5999858400005,3776.82999060749,2416.5,34.470030805921425
3786.7999956000003,3770.4993066388256,2408.0,34.233729371444184
3787.00000536,3733.7978530662344,2426.8999999999996,33.83401090651226
3787.2000151200004,3706.4284889129394,2485.0,34.137966176412256
3787.3999943999997,3705.8922227328767,2523.1,34.65133993482648
3787.6000041600005,3807.567915993659,2515.1,36.46284694612779
3787.8000139200003,3983.761727133234,2499.1,39.661610424680205
3787.9999932,4123.694603074101,2466.2999999999997,41.93907926160963
3788.20000296,4151.8362476553975,2406.0,41.47401261099267
3788.4000127200006,4071.8886055251046,2365.0,39.21235466937925
3788.5999920000004,3927.4200406658065,2349.1,36.23399404782676
3788.80000176,3816.6696301787374,2357.9,34.34745164475328
3789.00001152,3720.5714153185495,2372.9,32.84722811567438
3789.1999908000003,3678.3207162588296,2391.6,32.35845153633135
3789.40000056,3640.968057911461,2429.5,32.207027284718315
3789.6000103200004,3564.8497394782553,2483.2000000000003,31.556887181072486
3789.7999896000006,3815.5181931868974,2518.7,36.66768565519401
3789.9999993600004,3840.7596841201976,2533.7999999999997,37.377185879257006
3790.2000091200002,3936.951936378444,2530.3,39.21861396703038
3790.3999884,4081.6927776267535,2518.2000000000003,41.953755757268944
3790.59999816,4195.729111174433,2495.2000000000003,43.92585705057458
3790.8000079200006,4267.604568913132,2454.2999999999997,44.69881298334361
3790.9999872000003,4171.77645409951,2394.0,41.66450276645193
3791.19999696,4098.4984274298195,2341.9,39.338508711351935
3791.40000672,4023.703946213323,2345.1,37.967622652026584
3791.599986,3843.7820393987668,2387.4,35.273024158754204
3791.79999576,3641.7162902285395,2410.8,31.972264745854172
3792.0000055200003,3496.7762659752657,2410.2000000000003,29.470586141684752
3792.1999848000005,3545.0681913871595,2441.8,30.68734221033432
3792.3999945600003,3603.4204120525437,2527.5,32.81867422830722
3792.60000432,3656.5922431777803,2570.3,34.36662496052039
3792.8000140800004,3776.034569051383,2580.4,36.79247100683802
3792.9999933600006,3893.1429337795294,2583.5,39.156977675980635
3793.2000031200005,4267.084788710706,2545.9,46.35577926318244
3793.4000128800003,4457.117788988813,2500.2,49.6687206420983
3793.59999216,4520.739336661595,2456.5,50.20369721457208
3793.80000192,4476.231036964152,2373.1,47.548960579504836
3794.00001168,4119.5312816770065,2294.4,38.93720234295341
3794.1999909600004,4089.6722358484994,2281.2999999999997,38.15569835710341
3794.40000072,3787.1116440015658,2345.7,33.642532796912995
3794.60001048,3591.4512149426996,2429.2,31.33308922776809
3794.7999897600002,3511.4155566768745,2453.5,30.251751205838147
3794.99999952,3711.3341808033438,2470.6,34.030047862791044
3795.2000092800004,3956.3965638540085,2517.7000000000003,39.40974383192694
3795.3999885600006,4152.633816172384,2541.9,43.8334580309561
3795.5999983200004,4139.223488192078,2532.1,43.382902504837425
3795.80000808,4068.708852378486,2508.2,41.52172532570611
3795.99998736,4151.819281441041,2504.3,43.16813005875072
3796.19999712,4203.216122257326,2528.3,44.66754125531221
3796.40000688,4234.297812279464,2537.1,45.48837112011671
3796.5999861600003,4184.686354462705,2549.6,44.64757506737313
3796.79999592,4173.672996554803,2529.4,44.06100036612269
3797.00000568,4178.284435890477,2487.2999999999997,43.423434695505996
3797.19998496,4141.523803571114,2445.3999999999996,41.944037358776534
3797.3999947200004,3998.4677787514497,2449.9,39.16837544094044
3797.6000044800003,3712.9074696681773,2495.8999999999996,34.40768340009326
3797.80001424,3662.5459019860423,2573.6,34.522894457220666
3797.9999935200003,3762.484523572929,2636.2999999999997,37.32022677370867
3798.20000328,3858.99476225022,2617.5,38.97939270525785
3798.4000130400004,3928.159023424613,2550.2,39.3506910356088
3798.5999923200006,4219.742246846616,2490.2000000000003,44.34106057318306
3798.8000020800005,4520.544897701909,2461.3999999999996,50.29951184010234
3799.0000118400003,4570.263299946021,2450.8999999999996,51.192699821509805
3799.19999112,4476.395385553051,2437.5,48.842906891514076
3799.40000088,4137.442360188249,2415.6,41.35127777814078
3799.60001064,3959.711751691777,2410.0,37.787154347131164
3799.7999899200004,3763.69246878716,2417.9,34.250474718945384
3799.99999968,3652.933012782869,2422.2999999999997,32.32297643709752
3800.20000944,3680.328235048365,2427.2,32.875977195427396
3800.3999887200002,3730.868283702667,2433.0,33.865847039773534
3800.59999848,3728.5179019013244,2440.1000000000004,33.9218938018832
3800.8000082400004,3685.610640870617,2442.7,33.18096700213034
3800.9999875200006,3652.219550158706,2439.0,32.53310794020741
3801.1999972800004,3668.386523734389,2441.9,32.8607940509455
3801.40000704,3653.8569889005703,2444.1000000000004,32.63037473529449
3801.59998632,3722.2207296431898,2445.8,33.88638084838165
3801.7999960800003,3762.809663310014,2440.6,34.55581245394748
3802.00000584,3800.726228003671,2442.2999999999997,35.28029315465197
3802.1999851200003,3761.6858473974885,2435.6,34.464422977581926
3802.39999488,3761.3191271962633,2424.7000000000003,34.30349556681223
3802.60000464,3692.0617039446197,2432.2,33.154095593711325
3802.8000144000002,3651.0645943760674,2446.7,32.61517814733226
3802.9999936800004,3682.186697013298,2445.1,33.15188559110002
3803.2000034400003,3760.0941503889626,2434.0,34.412641720167144
3803.4000132,3801.911433425388,2433.6000000000004,35.17654554066537
3803.5999924800003,3791.242826117783,2450.5,35.2223160692277
3803.80000224,3816.722201978235,2460.4,35.841553130347855
3804.0000120000004,3782.7030689784847,2450.2000000000003,35.05952591324677
3804.19999128,3803.296689584607,2435.5,35.22966753428224
3804.40000104,3771.3857244141545,2445.7,34.7860477854575
3804.6000108,3829.785630011045,2463.5,36.132790013625616
3804.79999008,3779.644728276033,2464.1000000000004,35.20142853759777
3804.99999984,3718.810127169154,2456.2,33.968137669066856
3805.2000096,3756.2480898344693,2448.1000000000004,34.541221435889966
3805.3999888800004,3794.0224230708436,2429.9,34.9774534760227
3805.59999864,3874.687914736527,2427.0,36.43705202164105
3805.8000084,3851.20792479531,2430.8999999999996,36.05462864864707
3805.9999876800002,3797.8752831585166,2432.6,35.08747372674882
3806.1999974400005,3731.6128084426523,2443.0,34.01861413366155
3806.4000072000003,3744.4763445655344,2444.7000000000003,34.27739073637307
3806.5999864800006,3691.1764171610644,2495.8999999999996,34.006096744810286
3806.7999962400004,3654.851551633172,2626.3999999999996,35.083293260058205
3807.000006,3732.9427297021243,2760.7,38.46997193112748
3807.19998528,3713.694614411767,2798.6,38.59696939074594
3807.3999950400002,3768.8908233443717,2790.9,39.64344521106194
3807.6000048,3947.3019647151614,2776.6000000000004,43.262739930268616
3807.80001456,4146.397205262986,2764.5,47.52896974735021
3807.99999384,4321.436622474022,2767.5,51.682549079100184
3808.2000036,4274.1514799670185,2774.7999999999997,50.69107550035456
3808.4000133600002,4283.913259189401,2776.8,50.959591497080126
3808.5999926400004,4274.223403897285,2763.7999999999997,50.49182269541268
3808.8000024000003,4368.458240950283,2745.2999999999997,52.38973324925394
3809.00001216,4460.627063479055,2745.0,54.61779697946769
3809.1999914400003,4523.939924215102,2748.0,56.24065713936938
3809.4000012,4330.708102033074,2750.1000000000004,51.57821533205752
3809.6000109600004,4239.227036477103,2758.4,49.57133291897682
3809.79999024,4154.7225209678545,2755.7,47.56811967174263
3810.0,4124.498138698429,2751.1,46.80029609773446
3810.20000976,4220.519367586744,2756.2000000000003,49.09559452262022
3810.39998904,4284.370901699833,2766.2,50.77590807534164
3810.5999988000003,4371.070625487587,2764.3,52.81543013105713
3810.80000856,4475.777497470627,2760.7,55.30395521989063
3810.9999878400004,4752.816137120618,2750.5,62.13176302212055
3811.1999976,4792.573398072908,2740.2000000000003,62.93899553796531
3811.40000736,4796.8952378854,2732.9,62.88458630184344
3811.59998664,4583.982530334294,2731.3999999999996,57.39462369303306
3811.7999964000005,4450.869584264249,2732.2000000000003,54.12553788135459
3812.0000061600003,4384.551647946971,2742.9,52.73031369077492
3812.19998544,4583.5827135170575,2742.7999999999997,57.624117392504175
3812.3999952,4718.164002637714,2743.2,61.06657149183305
3812.6000049599998,4618.412738818759,2748.2000000000003,58.61838109652238
3812.8000147200005,4518.058894854335,2758.5,56.3088637652817
3812.9999940000002,4526.869375758378,2760.7,56.57377269513578
3813.20000376,4562.744472836851,2751.3,57.27831632037062
3813.40001352,4620.351983507406,2745.0,58.599305979369746
3813.5999928,4620.828292567562,2753.2000000000003,58.78647537398041
3813.80000256,4917.2790410660555,2740.2000000000003,66.25703080615212
3814.00001232,5146.614345005522,2727.7999999999997,72.2529822539957
3814.1999916000004,5504.766101621451,2738.7000000000003,82.98931935917248
3814.4000013600003,5478.21116994317,2725.7,81.80043107962129
3814.60001112,5081.9226607399805,2706.3,69.89273581926219
3814.7999904,4726.966506464685,2701.4,60.3606552510397
3815.0000001600006,4523.255140973302,2706.6,55.37659501458605
3815.2000099200004,4422.6087006990865,2709.2000000000003,52.99050994566741
3815.3999892,4697.078503468872,2722.4,60.06307650380093
3815.59999896,4955.348215635684,2714.0,66.643561696285
3815.80000872,5050.312579221809,2696.5,68.77600449916685
3815.999988,4909.327238551749,2710.7000000000003,65.33191961010908
3816.1999977600003,4870.760257280972,2726.5,64.68431890187462
3816.40000752,4815.706027058328,2722.4,63.13524520509857
3816.5999868000004,4714.974530165473,2706.2,60.1614911201793
3816.79999656,4604.883472879835,2710.4,57.47390135547253
3817.00000632,4620.884335384028,2713.1,57.9316632044303
3817.1999856,4467.3086224332765,2703.3,53.94934267866271
3817.3999953600005,4487.513581795535,2705.7000000000003,54.48678633179512
3817.6000051200003,4551.291623114828,2726.4,56.475346027895036
3817.80001488,4780.141710500316,2739.3999999999996,62.59461822369029
3817.99999416,4865.069344795828,2740.6000000000004,64.8669865991394
3818.2000039199997,5004.096200794285,2740.9,68.63481875675055
3818.4000136800005,4843.984908634944,2735.0,64.17455908955225
3818.5999929600002,4840.361756695596,2728.5,63.92630463150637
3818.80000272,4847.783109420254,2723.3,64.00027623021717
3819.00001248,5049.6934233044685,2717.7,69.29972935223162
3819.19999176,4967.146433041302,2703.6,66.7046891129165
3819.4000015200004,4999.991797913718,2717.8,67.94477708388186
3819.60001128,4972.583900117626,2727.1,67.43188534445888
3819.7999905600004,4845.124513977421,2732.1,64.13668013399716
3820.0000003200003,4866.040211883484,2739.9,64.87630388691336
3820.20001008,4869.009584664536,2743.2,65.03374009329481
3820.39998936,4844.238963383721,2728.1,64.01937095966113
3820.5999991200006,4794.163954744854,2732.2000000000003,62.7969067258362
3820.8000088800004,4626.839616555222,2742.0,58.69976214394481
3820.99998816,4675.979761966857,2730.7000000000003,59.70617313541753
3821.19999792,4576.7140154358995,2728.6000000000004,57.15410468325786
3821.40000768,4575.230112459396,2739.5,57.34521542926632
3821.59998696,4496.072574399824,2737.2999999999997,55.33361234309598
3821.7999967200003,4601.261723933354,2726.3,57.72015884935331
3822.00000648,4643.9557727204165,2725.7,58.78333264938273
3822.1999857600003,4632.225884841771,2740.0,58.79359561606288
3822.39999552,4678.721640622602,2742.5,60.03452125225496
3822.60000528,4798.065661717481,2738.2,63.03729083660812
3822.8000150400003,4837.872542375034,2725.2000000000003,63.78333525847285
3822.9999943200005,4795.461303553645,2713.2999999999997,62.396265380691744
3823.2000040800003,4780.329133816281,2705.4,61.822574246343436
3823.40001384,4819.399029795524,2701.8,62.75364681527902
3823.59999312,4768.87837482633,2707.3999999999996,61.572234862551554
3823.8000028800006,4746.598893706086,2704.8999999999996,60.94194084105884
3824.0000126400005,4718.952912652926,2699.0,60.102726281364106
3824.1999919200002,4746.377150118193,2691.3,60.62986490249794
3824.40000168,4740.287309933608,2693.4,60.521570070984794
3824.60001144,4787.988557838367,2696.8999999999996,61.825985974243075
3824.79999072,4716.616168337392,2716.1,60.42363195051729
3825.0000004800004,4779.077424817336,2718.5,62.08940103657586
3825.20001024,4907.785796404178,2704.6,65.14397310569137
3825.3999895200004,5143.357593286637,2700.7,71.44466168666482
3825.5999992800002,5200.575339240287,2705.9,73.18372772437718
3825.80000904,5124.945774441856,2699.7,70.90780729486016
3825.99998832,5096.989966555185,2706.2,70.30519984340222
3826.1999980800006,4883.089419171894,2700.5,64.39224042533479
3826.4000078400004,4928.521880017658,2698.4,65.54502086421964
3826.59998712,5063.85474312733,2689.5,68.96583955960686
3826.79999688,5120.658024716247,2686.7999999999997,70.45095520684502
3827.00000664,5049.007508907822,2713.5,69.17383586465803
3827.19998592,4975.692891354244,2744.9,67.95691595923091
3827.3999956800003,4900.32154340836,2752.3,66.09139612700449
3827.60000544,4810.067053723463,2719.9,62.929632892273155
3827.8000152,4649.282701709161,2689.8,58.1422585667803
3827.99999448,4652.675059188805,2664.4,57.67729314392563
3828.2000042400005,4664.344696297294,2667.3,58.03007605958691
3828.4000140000003,4662.889033031857,2672.2000000000003,58.10039971386023
3828.5999932800005,4688.89893945967,2681.2,58.9482552766863
3828.8000030400003,4682.027649769586,2700.1,59.189926003949985
3829.0000128,4643.701066314429,2689.2,57.98980013827483
3829.19999208,4681.136004816288,2667.4,58.45082768004983
3829.4000018400006,4701.577835947634,2652.0,58.62202015910115
3829.6000116000005,4700.881723780016,2637.4,58.282027358407575
3829.79999088,4757.861085441695,2654.4,60.0882954524319
3830.00000064,4714.369236575339,2691.1,59.810443738714405
3830.2000104,4685.993828878207,2693.8,59.15191010694997
3830.39998968,4702.687690930972,2698.3,59.6736371381896
3830.5999994400004,4697.7083259482115,2733.7,60.32855871282302
3830.8000092,4714.237988591792,2742.3,60.94498437941473
3830.9999884800004,4766.708109502921,2712.2000000000003,61.625269118897116
3831.1999982400002,4935.800585883417,2687.8,65.48052608917112
3831.400008,5098.36260264051,2701.7000000000003,70.22610192769656
3831.59998728,5113.493381649807,2726.9,71.30247553505257
3831.7999970400006,5114.4801201433,2738.3,71.62819646246552
3832.0000068000004,5116.549216570368,2700.5,70.69659442902729
3832.19998608,5116.987289793055,2661.5,69.68754207596963
3832.39999584,5182.465990066941,2670.7000000000003,71.72953704861213
3832.6000056000003,5398.129781807878,2690.1000000000004,78.38898981045288
3832.79998488,5452.593917710197,2692.8,80.0590455458092
3832.9999946400003,5434.743846686019,2674.1000000000004,78.98339601995872
3833.2000044,5409.424964638192,2669.9,78.12628926845113
3833.40001416,5389.510611925177,2660.2000000000003,77.27036289683112
3833.59999344,5393.315685913679,2666.2,77.55403656921905
3833.8000032000004,5397.900344275534,2701.7000000000003,78.72031939998625
3834.0000129600003,5409.242564066161,2719.3,79.56645998439993
3834.1999922400005,5404.255319148937,2706.6,79.0488934359439
3834.4000020000003,5432.15773218108,2688.6,79.33611654474451
3834.60001176,5419.456703021597,2694.7999999999997,79.1476529240286
3834.79999104,5427.940000605479,2702.5,79.62249448709257
3835.0000008,5413.065947766046,2709.7000000000003,79.39768642279586
