frequency_Hz,wavelet_samples,corr_synthetic_vs_reflectivity_measured,corr_synthetic_vs_reflectivity_gardner,synthetic_rms_measured,synthetic_rms_gardner,synthetic_rms_ratio_gardner_over_measured,corr_synthetic_measured_vs_gardner
25.0,801,0.06582284751893523,0.053159677222318465,0.08666677735298055,0.08589086762561876,0.9910472068875755,0.9741695400080972
30.0,667,0.0711978962452853,0.05665592221076314,0.08607216845283819,0.08324554066771427,0.9671597935089468,0.971302677378877
40.0,501,0.08741397294126711,0.06859800533512447,0.07559102784378494,0.0700804584530765,0.9271002187971769,0.9724795907491329
50.0,401,0.11074132863482165,0.08615834042435976,0.06856065608364634,0.06235815072412025,0.9095325845196286,0.9806601250256657
75.0,267,0.16137694936020436,0.12113992555199893,0.06694658144270664,0.06050354041525584,0.9037584759579576,0.9914631888363059
100.0,201,0.2240010998545354,0.1665991474536201,0.06890195747265009,0.061152671484731386,0.8875317005181645,0.9890933872221747
150.0,133,0.2941235015582967,0.2240269855254523,0.07048162852892079,0.0623122574125136,0.8840921912998216,0.983814549979836
200.0,101,0.36538097592887214,0.28390537988184067,0.06402592300553148,0.05799979878839236,0.9058799321546915,0.9780106376976184
300.0,67,0.446970589510495,0.37203584714010507,0.05416627649356346,0.05129854041213299,0.9470567986748869,0.9660813635299034
