logged_depth_m,rho_g_integral_measured_MPa,rho_g_integral_gardner_MPa,difference_MPa
3614.1999852000004,0.0,0.0,0.0
3614.39999496,0.005399804987620118,0.005085039891879654,-0.00031476509574046395
3614.60000472,0.01082863907579119,0.010188631413967785,-0.0006400076618234052
3614.80001448,0.016239526118689205,0.015324676887314804,-0.0009148492313744027
3614.99999376,0.02162605506097697,0.02046476956037435,-0.001161285500602622
3615.2000035200003,0.027005265078623844,0.025561180990731156,-0.00144408408789269
3615.40001328,0.032361722557988824,0.030610860965906723,-0.0017508615920820993
3615.5999925600004,0.037710303696576346,0.03565742802215258,-0.0020528756744237616
3615.80000232,0.043077647088647926,0.04072198216990032,-0.002355664918747607
3616.00001208,0.048475686793126437,0.045798813377372995,-0.002676873415753442
3616.19999136,0.05389310348259975,0.050901791134255865,-0.002991312348343883
3616.4000011200005,0.05930791337694819,0.05605572274391713,-0.0032521906330310593
3616.6000108800004,0.06471732935056153,0.061245698083017684,-0.0034716312675438458
3616.79999016,0.07010660387036574,0.06646270739450566,-0.0036438964758600777
3616.99999992,0.07546629770215701,0.07164849374443685,-0.003817803957720156
3617.20000968,0.08081432105096867,0.07675081523078932,-0.004063505820179344
3617.39998896,0.08618888711972629,0.08179157685672955,-0.004397310262996733
3617.5999987200003,0.09158074833322141,0.08682323644997747,-0.0047575118832439475
3617.80000848,0.09691817998317125,0.09191525787340646,-0.005002922109764782
3617.9999877600003,0.10216762616170465,0.09704031342859777,-0.005127312733106868
3618.19999752,0.10738433205902533,0.10212946051041927,-0.005254871548606053
3618.4000072800004,0.11265448680703459,0.10715421114189082,-0.005500275665143767
3618.5999865600006,0.1179580600854195,0.11213263672717243,-0.005825423358247063
3618.7999963200004,0.12325734200525336,0.11706985659807848,-0.006187485407174885
3619.0000060800003,0.12859016430477788,0.12197937794854354,-0.006610786356234326
3619.19998536,0.13395992561286027,0.12693812375944008,-0.007021801853420184
3619.39999512,0.13934570640663313,0.13197403698402815,-0.007371669422604987
3619.6000048800006,0.14473746954885486,0.13705543885656074,-0.007682030692294123
3619.8000146400004,0.15012089663177225,0.14216417130118755,-0.007956725330584712
3619.99999392,0.15549026571449343,0.14727963299412622,-0.008210632720367227
3620.20000368,0.16085770717785064,0.1523932146316926,-0.008464492546158057
3620.40001344,0.1662267177817782,0.15750383110319124,-0.008722886678586946
3620.59999272,0.17158216286418748,0.1626043953989334,-0.008977767465254059
3620.8000024800003,0.17690194168273327,0.16766660426729255,-0.009235337415440735
3621.00001224,0.18220102745999586,0.1726792208277697,-0.00952180663222613
3621.1999915200004,0.18751617138653742,0.17766695817990918,-0.00984921320662825
3621.40000128,0.19285723167405613,0.18265484290465325,-0.010202388769402868
3621.6000110400005,0.1982055492367247,0.18766428220567916,-0.010541267031045543
3621.79999032,0.20352530181123668,0.19269843393864472,-0.010826867872591975
3622.0000000800005,0.20880781354124925,0.197763641078441,-0.01104417246280826
3622.2000098400003,0.21408189114067233,0.20284914494306389,-0.011232746197608445
3622.39998912,0.21936006782690476,0.20793746568249397,-0.011422602144410805
3622.59999888,0.22464130463017995,0.21301982641137024,-0.011621478218809702
3622.80000864,0.22992381636018053,0.21809502043669088,-0.01182879592348964
3622.9999879200004,0.2352042483422521,0.22316426640079687,-0.012039981941455247
3623.1999976800003,0.24049656720080517,0.22822867760861046,-0.012267889592194726
3623.40000744,0.24579477033649696,0.23329745675190025,-0.012497313584596704
3623.5999867200003,0.2510655927972181,0.23838880634431547,-0.012676786452902626
3623.79999648,0.25631848699894183,0.24349649804550916,-0.01282198895343268
3624.0000062400004,0.261575402123389,0.2486045533292938,-0.012970848794095189
3624.1999855200006,0.2668172979637185,0.25371971538182625,-0.013097582581892203
3624.3999952800004,0.2720003654100629,0.2588324420083365,-0.013167923401726381
3624.6000050400003,0.27713900656401,0.2639096131017545,-0.013229393462255597
3624.8000148,0.2823128553095038,0.2689297390343239,-0.013383116275179898
3624.99999408,0.2875451416284709,0.2739254975295601,-0.013619644098910852
3625.20000384,0.29281382530719546,0.2789116780360292,-0.013902147271166322
3625.4000136,0.2980922180431869,0.2838967740396124,-0.01419544400357455
3625.59999288,0.3033597065883375,0.2888862073519733,-0.014473499236364209
3625.80000264,0.3086467295974657,0.2938635868167775,-0.014783142780688242
3626.0000124000003,0.3139710196951512,0.2988600519371417,-0.015110967758009502
3626.19999168,0.3193079321292296,0.3038877146228485,-0.015420217506381043
3626.4000014400003,0.3246472271336188,0.3089626688309736,-0.015684558302645223
3626.6000112,0.3299681828075803,0.31407020620692033,-0.015897976600659953
3626.7999904800004,0.33526400963508063,0.31916610047049343,-0.01609790916458721
3627.00000024,0.34056378191134273,0.32425177398861926,-0.01631200792272348
3627.2000100000005,0.34586865389447047,0.32929794345256047,-0.01657071044191002
3627.39998928,0.3511707563277387,0.33430199829002194,-0.016868758037716734
3627.59999904,0.35649259464327093,0.3393001577862904,-0.01719243685698055
3627.8000088,0.36181717895480126,0.3443086951207609,-0.017508483834040352
3627.99998808,0.36710604378213957,0.3493268465763156,-0.017779197205823962
3628.19999784,0.37233765651487827,0.35434451275613754,-0.017993143758740743
3628.4000076,0.3775037576288178,0.3593668166208862,-0.0181369410079316
3628.5999868800004,0.3826468126781141,0.3643978388325619,-0.018248973845552244
3628.7999966400002,0.38781144272275725,0.3694376607903807,-0.0183737819323765
3629.0000064,0.39299431402653034,0.3744772721887231,-0.01851704183780722
3629.1999856800003,0.3981787488514378,0.37951326776657657,-0.01866548108486121
3629.39999544,0.40336063944235445,0.38455735884373826,-0.01880328059861617
3629.6000052000004,0.408535861185859,0.3895989493688855,-0.01893691181697353
3629.80001496,0.41370598322249824,0.39464233454327796,-0.019063648679220294
3629.9999942400004,0.41889277139957315,0.3996897621672227,-0.01920300923235045
3630.2000040000003,0.4241081042988948,0.40472468990603044,-0.019383414392864333
3630.4000137600005,0.42933422503964924,0.409760547063534,-0.01957367797611526
3630.59999304,0.4345664133022642,0.4148221232972954,-0.01974429000496876
3630.8000028,0.43983078184442037,0.41992377793832086,-0.019907003906099476
3631.00001256,0.44513084833453936,0.4250347772744751,-0.020096071060064308
3631.19999184,0.4504232431901289,0.4301236997389914,-0.02029954345113749
3631.4000016,0.45564465650916053,0.43519466024534964,-0.0204499962638109
3631.6000113600003,0.46082635095751767,0.4401722652361052,-0.0206540857214125
3631.7999906400005,0.4660923686575636,0.4451039112765022,-0.020988457381061396
3632.0000004000003,0.47142636781251585,0.45008697183106744,-0.021339395981448354
3632.20001016,0.47674948105476145,0.4551013252653611,-0.021648155789400336
3632.3999894400004,0.48205540768531385,0.4601277111463383,-0.02192769653897552
3632.5999992,0.4873563568170037,0.46515619139827696,-0.02220016541872674
3632.8000089600005,0.4926581885902764,0.4702111576452843,-0.02244703094499209
3632.99998824,0.49795430958678566,0.4752865259371411,-0.02266778364964458
3633.199998,0.503236625174203,0.4803759944783164,-0.02286063069588656
3633.40000776,0.5085038377836308,0.4854749712413906,-0.023028866542240255
3633.59998704,0.5137694632583156,0.4905702064301235,-0.023199256828192096
3633.7999968,0.5190459926398797,0.495660201386573,-0.02338579125330673
3634.00000656,0.5243538067615768,0.5007406675819626,-0.023613139179614197
3634.1999858400004,0.5296881697308193,0.5058280209549655,-0.0238601487758538
3634.3999956000002,0.5350267782361968,0.5108977321395853,-0.024129046096611536
3634.60000536,0.5403604831772921,0.5159298177372873,-0.024430665440004842
3634.8000151200004,0.5456759468592696,0.5209691455389586,-0.024706801320310973
3634.9999944,0.5509951110957517,0.5260201879894544,-0.024974923106297384
3635.2000041600004,0.5563636313432633,0.5310555530182777,-0.02530807832498569
3635.40001392,0.5617645151150256,0.5360593770622634,-0.025705138052762252
3635.5999932,0.567142807324715,0.5410371271526545,-0.0261056801720605
3635.80000296,0.5724722952005276,0.545996085518801,-0.026476209681726526
3636.0000127200005,0.5777731462609559,0.5509444538749888,-0.026828692385967006
3636.1999920000003,0.5830669139052976,0.555916420792413,-0.027150493112884696
3636.40000176,0.5883635479004191,0.5609430630807684,-0.027420484819650766
3636.60001152,0.5936696948102481,0.5660285022224495,-0.02764119258779858
3636.7999908,0.5989833678916849,0.5711508266276265,-0.02783254126405844
3637.00000056,0.6043037351379326,0.5762858634904194,-0.028017871647513123
3637.2000103200003,0.6096437166413213,0.581394859952115,-0.028248856689206323
3637.3999896000005,0.6150078887380183,0.5864629019854378,-0.028544986752580385
3637.5999993600003,0.6203737610608052,0.5915225976299244,-0.028851163430880754
3637.80000912,0.6257129579938966,0.5966015048475092,-0.029111453146387356
3637.9999884000003,0.6310298669345638,0.601689565564383,-0.029340301370180677
3638.19999816,0.63634395761853,0.606749379820195,-0.029594577798335114
3638.4000079200005,0.6416688361439294,0.6117731397491615,-0.02989569639476796
3638.5999872,0.6470152600430179,0.6167687693309504,-0.03024649071206758
3638.79999696,0.6523619103938184,0.6217453284489197,-0.0306165819448987
3639.00000672,0.657697478689341,0.6267162767585885,-0.03098120193075249
3639.199986,0.6630468442786509,0.6316960315068797,-0.03135081277177122
3639.39999576,0.6684295848625688,0.6367080674271358,-0.03172151743543299
3639.60000552,0.6738378239807667,0.64177296775081,-0.03206485622995661
3639.7999848000004,0.6792465136559647,0.6468848279899625,-0.0323616856660021
3639.9999945600002,0.6846595582671469,0.6520079587377446,-0.03265159952940221
3640.20000432,0.6900919229216012,0.6571030465973906,-0.03298887632421055
3640.4000140800003,0.6955185013702146,0.6621618817999565,-0.033356619570258074
3640.5999933600006,0.7009196407072087,0.6672075476901653,-0.03371209301704331
3640.8000031200004,0.7063074809979801,0.6722637044099219,-0.03404377658805822
3641.00001288,0.7116915945798971,0.6773350241161858,-0.03435657046371116
3641.19999216,0.7170725343107749,0.6824161070296961,-0.03465642728107877
3641.40000192,0.7224444870532717,0.687509471742005,-0.034935015311266644
3641.6000116800005,0.7278027098158026,0.6926304749290655,-0.035172234886737194
3641.7999909600003,0.7331454075739593,0.6977616499311657,-0.035383757642793584
3642.00000072,0.7384924502099024,0.7028788157966758,-0.035613634413226625
3642.20001048,0.7438555765366912,0.7080080986965764,-0.03584747784011474
3642.39998976,0.7491986665202213,0.7131797225297954,-0.03601894399042579
3642.59999952,0.7545099131369039,0.7183830941444138,-0.03612681899249007
3642.8000092800003,0.7598092931280355,0.7235878578012515,-0.036221435326784034
3642.9999885600005,0.7651066888569809,0.7287940055196189,-0.0363126833373619
3643.1999983200003,0.7704239178220877,0.7339966144418756,-0.03642730338021216
3643.40000808,0.7757566420503266,0.7391795102535236,-0.03657713179680298
3643.59998736,0.7810718840331964,0.7443171200959576,-0.03675476393723872
3643.7999971199997,0.7863779328717397,0.7493864451872991,-0.03699148768444056
3644.0000068800005,0.7916965348348699,0.7544015251687879,-0.037295009666081985
3644.19998616,0.7970112865360381,0.7594039646976425,-0.03760732183839567
3644.39999592,0.8023124318102993,0.764443541445939,-0.037868890364360294
3644.60000568,0.807611223373705,0.7695275690841633,-0.03808365428954165
3644.79998496,0.8129095996660535,0.7746423531454483,-0.03826724652060517
3644.9999947200004,0.8182092738710419,0.7797512690916077,-0.03845800477943418
3645.20000448,0.8235030637988797,0.7848268008853106,-0.03867626291356911
3645.40001424,0.8287925385901491,0.7898743363514202,-0.038918202238728876
3645.59999352,0.834087286797906,0.794907529560349,-0.03917975723755697
3645.80000328,0.8394052022620125,0.7999332248301827,-0.039471977431829786
3646.0000130400003,0.8447448895515444,0.8049510960708243,-0.03979379348072002
3646.1999923200005,0.8500697410557767,0.8099839823886632,-0.040085758667113496
3646.4000020800004,0.8553628444846149,0.815029252128581,-0.04033359235603386
3646.60001184,0.860638295082037,0.8200654528988051,-0.040572842183231955
3646.79999112,0.8659592243326448,0.8250904866955607,-0.040868737637084096
3647.00000088,0.8713336288572829,0.8301098506430666,-0.04122377821421623
3647.2000106400005,0.8766993050375229,0.8351074881267031,-0.04159181691081985
3647.3999899200003,0.8820355310772192,0.8401026685642848,-0.04193286251293437
3647.59999968,0.8873466796226162,0.8451174070369396,-0.04222927258567652
3647.80000944,0.8926541014591586,0.8501407369882146,-0.04251336447094404
3647.99998872,0.8979788549070506,0.8551740999064263,-0.04280475500062422
3648.19999848,0.9033120694917177,0.8602082212866057,-0.04310384820511204
3648.4000082400003,0.9086413612249711,0.8652473176011957,-0.043394043623775476
3648.5999875200005,0.9139738611237477,0.8702893690923124,-0.04368449203143525
3648.7999972800003,0.9193134503419818,0.8753566332985178,-0.04395681704346393
3649.00000704,0.9246543144869291,0.8804483406476441,-0.04420597383928497
3649.19998632,0.9299673992303121,0.8855431963279795,-0.04442420290233253
3649.3999960800006,0.9352525588850371,0.8906503988380733,-0.04460216004696384
3649.6000058400004,0.9405520369474423,0.8957567550168246,-0.04479528193061764
3649.79998512,0.9458841446208455,0.9008105580086999,-0.045073586612145534
3649.99999488,0.9512348158943574,0.9058002267313506,-0.04543458916300675
3650.20000464,0.9565861736668688,0.9107681379923221,-0.04581803567454673
3650.4000144,0.9619376295106781,0.9157504445502843,-0.04618718496039382
3650.5999936800004,0.9672832689590564,0.9207538422654167,-0.04652942669363972
3650.80000344,0.9726034400627327,0.9257855472025356,-0.046817892860197115
3651.0000132,0.9779111561131321,0.9308419939961322,-0.04706916211699985
3651.19999248,0.9832386551385528,0.9359060394360313,-0.047332615702521404
3651.40000224,0.9885573551729444,0.9409883454744588,-0.047569009698485605
3651.6000120000003,0.9938228024992426,0.946066350495169,-0.047756452004073656
3651.7999912800005,0.9990873493541839,0.9511007084431948,-0.047986640910989024
3652.0000010400004,1.0043908483393005,0.9561176712164821,-0.04827317712281842
3652.2000108,1.0097069004489796,0.9611433808771699,-0.04856351957180979
3652.39999008,1.0150411653618698,0.966164964945482,-0.04887620041638776
3652.59999984,1.020368201455541,0.9711880220333333,-0.04918017942220788
3652.8000096000005,1.025638748488705,0.9762224913858605,-0.04941625710284454
3652.9999888800003,1.0308733881598395,0.9812664609167603,-0.049606927243079295
3653.19999864,1.0361339319218437,0.9863121604699258,-0.04982177145191782
3653.4000084,1.0414436093979558,0.9913571231107842,-0.050086486287171605
3653.59998768,1.0467254141687918,0.9963896344536174,-0.05033577971517434
3653.7999974400004,1.051975170089387,1.001389120669642,-0.05058604941974499
3654.0000072000003,1.0573068155334837,1.0063539804286303,-0.05095283510485338
3654.1999864800005,1.0626886377714364,1.0113120063659544,-0.05137663140548207
3654.3999962400003,1.068058432945649,1.0162936143203933,-0.05176481862525572
3654.600006,1.073442840741423,1.0213135643714737,-0.05212927636994922
3654.79998528,1.0788448625854674,1.0263651182173879,-0.05247974436807958
3654.9999950400006,1.0842602609075298,1.0314546030591443,-0.052805657848385514
3655.2000048000004,1.0896751688731394,1.0365567190182146,-0.05311844985492493
3655.4000145600003,1.0950793870686137,1.0416257378120735,-0.05345364925654023
3655.59999384,1.1004698382645017,1.0466685468061379,-0.053801291458363876
3655.8000036,1.1058313954507202,1.0517202045865601,-0.054111190864159955
3656.00001336,1.1111762805183911,1.0567958030067803,-0.054380477511610834
3656.1999926400003,1.1165310392064183,1.0618864116064137,-0.05464462760000443
3656.4000024,1.121887594757069,1.0669827894604054,-0.05490480529666343
3656.60001216,1.127237089175153,1.0720741610570954,-0.05516292811805755
3656.79999144,1.1325888081166304,1.0771501441234088,-0.055438663993221705
3657.0000012,1.1379608589304129,1.0822176032135777,-0.055743255716835145
3657.2000109600003,1.1433425207302008,1.0872746481932114,-0.056067872536989624
3657.3999902400005,1.1487202246018606,1.0923156747625993,-0.05640454983926145
3657.6000000000004,1.1541085552490602,1.0973648860865424,-0.05674366916251788
3657.80000976,1.159487176838981,1.1024328709820752,-0.05705430585690588
3657.99998904,1.1648365424282787,1.1075195013651609,-0.05731704106311803
3658.1999988000002,1.170165932232818,1.1126313946476907,-0.057534537585127166
3658.40000856,1.1754906146156339,1.1177473398235895,-0.05774327479204442
3658.5999878400003,1.180832135697719,1.1228475774272808,-0.05798455827043811
3658.7999976,1.1861861413949428,1.127940673580337,-0.058245467814605684
3659.00000736,1.1915291631081744,1.133042162747824,-0.05848700036035036
3659.19998664,1.1968488176263703,1.1381693488897313,-0.05867946873663901
3659.3999964000004,1.202153101181784,1.143312627703485,-0.0588404734782991
3659.6000061600002,1.207467093794465,1.1484579563013138,-0.05900913749315101
3659.7999854400005,1.2128151846513509,1.1536002801131795,-0.05921490453817137
3659.9999952000003,1.218183214542422,1.158728279091593,-0.0594549354508291
3660.20000496,1.2235273150397956,1.1638407790279124,-0.05968653601188329
3660.4000147200004,1.2288515070661954,1.1689350905556697,-0.05991641651052562
3660.5999940000006,1.2341799866550192,1.1740248295537383,-0.060155157101280984
3660.8000037600004,1.239514083881257,1.1791238506422417,-0.06039023323901533
3661.0000135200003,1.2448430814006415,1.1842145937111406,-0.06062848768950091
3661.1999928,1.2501688154119244,1.1892835561316557,-0.06088525928026857
3661.40000256,1.2555099737707287,1.194335281122479,-0.06117469264824991
3661.60001232,1.2608485822761184,1.1993939612969824,-0.061454620979136086
3661.7999916000003,1.2661731396113298,1.2044782837858503,-0.06169485582547961
3662.00000136,1.2714990969208593,1.2095884012545746,-0.061910695666284765
3662.20001112,1.2768221120918193,1.2147206732905909,-0.06210143880122854
3662.3999904,1.2821434335678004,1.2198753829904851,-0.06226805057731527
3662.6000001600005,1.2874780211504786,1.2250544922793638,-0.06242352887111483
3662.8000099200003,1.2928197679369968,1.230241311858876,-0.06257845607812097
3662.9999892000005,1.298155209525983,1.2354167308309192,-0.06273847869506362
3663.1999989600004,1.3035051943004954,1.2405561432938215,-0.06294905100667383
3663.40000872,1.308882442892417,1.2456416289052124,-0.06324081398720481
3663.599988,1.314251125580756,1.2507078961882383,-0.0635432293925176
3663.79999776,1.3195891456584319,1.2557932397747718,-0.06379590588366008
3664.00000752,1.3249257927380966,1.2608787234990888,-0.06404706923900777
3664.1999868000003,1.3302871212009244,1.2659140968342935,-0.06437302436663093
3664.39999656,1.3356723135669835,1.2709088374025213,-0.06476347616446228
3664.60000632,1.3410669207764643,1.2759251682453763,-0.06514175253108796
3664.7999856,1.3464564894653017,1.280970462313668,-0.06548602715163375
3664.9999953600004,1.3518440355422283,1.2860439011627551,-0.06580013437947305
3665.2000051200002,1.3572199111361511,1.291134737281206,-0.066085173854945
3665.40001488,1.362574112975946,1.2962221819693631,-0.06635193100658315
3665.5999941600003,1.3679309308471197,1.3012990882678044,-0.06663184257931541
3665.80000392,1.3733106312211827,1.3063552737916366,-0.06695535742954607
3666.0000136800004,1.3787061210722467,1.3113971859366549,-0.06730893513559177
3666.19999296,1.3840971606061765,1.3164386461979316,-0.06765851440824498
3666.40000272,1.3894591100775375,1.3214977457373072,-0.06796136434023035
3666.60001248,1.3947987973670573,1.326573715187194,-0.06822508217986348
3666.79999176,1.4001614986186495,1.3316585044454794,-0.06850299417317007
3667.0000015200003,1.4055527714044307,1.3367424042511924,-0.06881036715323827
3667.20001128,1.4109471824713402,1.3418120950996062,-0.06913508737173421
3667.3999905600003,1.4163449878927636,1.3468714552844938,-0.06947353260826995
3667.60000032,1.421740870028958,1.3519244524556568,-0.06981641757330112
3667.80001008,1.427129298747443,1.3569604037575038,-0.0701688949899394
3667.99998936,1.4325172004784954,1.3619780361320903,-0.07053916434640507
3668.1999991200005,1.4379136710424159,1.367003711513422,-0.07090995952899382
3668.4000088800003,1.4433022959034725,1.3720584229627832,-0.07124387294068933
3668.59998816,1.4486678407889215,1.3771437420430963,-0.07152409874582523
3668.79999792,1.454023611769287,1.382243181801738,-0.07178042996754916
3669.0000076799997,1.4593717331893723,1.3873460956066481,-0.07202563758272422
3669.19998696,1.464721000722342,1.39245150598192,-0.07226949474042188
3669.39999672,1.4700729469225793,1.3975549607546691,-0.07251798616791028
3669.60000648,1.4754042000815335,1.4026763024091065,-0.07272789767242711
3669.7999857600003,1.4807342485718025,1.4078289661478387,-0.07290528242396377
3669.99999552,1.486089136910597,1.4129895306325946,-0.0730996062780025
3670.20000528,1.4914428483939641,1.4181252320857545,-0.07331761630820972
3670.40001504,1.4967847913230659,1.423231229671798,-0.07355356165126781
3670.5999943200004,1.502124449334685,1.42832497854124,-0.07379947079344513
3670.8000040800002,1.507467372976631,1.433427593202851,-0.07403977977377992
3671.00001384,1.5128068641235795,1.438528208575749,-0.0742786555478305
3671.1999931200003,1.5181455415717955,1.4436269004485855,-0.07451864112320984
3671.4000028800006,1.5234802272257593,1.4487242972095715,-0.07475593001618772
3671.6000126400004,1.5287915719137275,1.4538082302221542,-0.07498334169157338
3671.79999192,1.534097498544268,1.458889945284378,-0.07520755325988983
3672.00000168,1.53942159249937,1.4639777954010353,-0.07544379709833464
3672.20001144,1.5447592202918912,1.4690793667622029,-0.0756798535296882
3672.39999072,1.5500958385569608,1.4741838460600005,-0.0759119924969601
3672.6000004800003,1.5554241495773575,1.4792732835221862,-0.07615086605517124
3672.80001024,1.5607491261740303,1.4843525767365577,-0.0763965494374726
3672.9999895200003,1.5660647603822735,1.4894218218637882,-0.07664293851848529
3673.19999928,1.57136443458725,1.4944795085907598,-0.07688492599649005
3673.40000904,1.5766518498815207,1.4995196661614558,-0.07713218372006482
3673.59998832,1.5819439505680892,1.504518308335475,-0.07742564223261433
3673.7999980800005,1.5872647100994914,1.5094943701091068,-0.07777033999038464
3674.0000078400003,1.59262401164614,1.5144738238095283,-0.07815018783661187
3674.19998712,1.5979889681935473,1.5194843481879292,-0.07850462000561809
3674.39999688,1.6033044318755127,1.5245461332186294,-0.07875829865688318
3674.6000066399997,1.6086169534189085,1.5295974737291977,-0.079019479689711
3674.79998592,1.6139544541910409,1.5346392534697628,-0.07931520072127808
3674.99999568,1.6192731542254446,1.539689733261417,-0.07958342096402775
3675.20000544,1.624595777111262,1.5447339576948114,-0.0798618194164508
3675.4000152,1.6299197729950785,1.5497922682189755,-0.08012750477610296
3675.59999448,1.6352059903012284,1.5548729321582453,-0.08033305814298312
3675.8000042400004,1.6404630034969612,1.559960669431077,-0.08050233406588411
3676.000014,1.6457225665461088,1.5650155799970389,-0.08070698654906987
3676.1999932800004,1.6510156477960805,1.570029618758864,-0.08098602903721644
3676.4000030400002,1.6563355246858997,1.5750063793434437,-0.08132914534245594
3676.6000128,1.6616378468155886,1.5799694826094897,-0.08166836420609895
3676.79999208,1.6669056295297482,1.5849671557685518,-0.08193847376119624
3677.0000018400006,1.672185591406334,1.5900274239021799,-0.08215816750415414
3677.2000116000004,1.6775307706878497,1.595119620237299,-0.08241115045055072
3677.39999088,1.682915926841361,1.6002062392473841,-0.08270968759397673
3677.60000064,1.6882665000435872,1.6052792204072732,-0.08298727963631414
3677.8000104,1.6935430294251514,1.6103347471395106,-0.08320828228564071
3677.99998968,1.6988046345898833,1.6153920937012907,-0.0834125408885926
3678.1999994400003,1.704120000200575,1.6204525093535707,-0.08366749084700434
3678.4000092,1.7094447806546764,1.6255126419445982,-0.08393213871007832
3678.5999884800003,1.7147481578203807,1.6305832377639007,-0.08416492005647998
3678.79999824,1.72005204909064,1.6356432320252865,-0.08440881706535351
3679.000008,1.725362609208323,1.6406780465842217,-0.08468456262410129
3679.19998728,1.730688245163278,1.6457006700585335,-0.0849875751047444
3679.3999970400005,1.7360211655341002,1.6507417566907996,-0.08527940884330078
3679.6000068000003,1.7413364330734944,1.6558261921929405,-0.08551024088055384
3679.79998608,1.746609020548329,1.6609348119755643,-0.08567420857276464
3679.99999584,1.751860737894625,1.6660302152503252,-0.08583052264429979
3680.2000056000006,1.7571625696679098,1.6710942494009124,-0.0860683202669972
3680.39998488,1.7625365473986132,1.6761260428039735,-0.08641050459463988
3680.59999464,1.7679171304142591,1.6811138599645545,-0.08680327044970472
3680.8000044,1.7732570138463501,1.6860941142637604,-0.08716289958258974
3681.00001416,1.778552765199901,1.6910981259131992,-0.08745463928670157
3681.19999344,1.7838113306180832,1.6961053848017127,-0.08770594581637066
3681.4000032000004,1.7890438259924046,1.701131134104155,-0.08791269188824971
3681.60001296,1.7942103193914751,1.7061765348082598,-0.08803378458321513
3681.7999922400004,1.7992754196502243,1.7112055523232246,-0.08806986732699978
3682.000002,1.8043540411773566,1.7161849329009762,-0.08816910827638046
3682.20001176,1.809553682670975,1.7211398590174602,-0.08841382365351497
3682.39999104,1.8148166606244593,1.726129269348288,-0.08868739127617144
3682.6000008000005,1.82008367709134,1.7311502713950544,-0.08893340569628566
3682.8000105600004,1.825338728861348,1.736189777363698,-0.08914895149765001
3682.99998984,1.8305530708700384,1.7412514731898292,-0.0893015976802092
3683.1999996,1.8356657231332896,1.7463246257742682,-0.08934109735902143
3683.40000936,1.8406641223487643,1.751354524540744,-0.08930959780802018
3683.59998864,1.8457037279590327,1.7563165761149986,-0.08938715184403397
3683.7999984000003,1.8509044482368049,1.761256804141255,-0.08964764409554983
3684.00000816,1.8561758779115156,1.7661891432249128,-0.0899867346866026
3684.1999874400003,1.8614552312738437,1.7711066461217284,-0.0903485851521152
3684.3999972,1.8667302895861233,1.7760127471797376,-0.09071754240638577
3684.6000069600004,1.8720187836645483,1.7809468695675479,-0.09107191409700038
3684.7999862399997,1.8773454982392221,1.7859197050905373,-0.09142579314868478
3684.9999960000005,1.882654195002502,1.7909076568804791,-0.09174653812202299
3685.2000057600003,1.8878931630816642,1.7959002661696182,-0.09199289691204601
3685.39998504,1.8930851482447637,1.800898811911804,-0.09218633633295982
3685.5999948,1.8982930277263765,1.8058969827449738,-0.09239604498140258
3685.8000045600006,1.9035238558888539,1.8108630535832693,-0.09266080230558454
3686.0000143200004,1.9087912646408531,1.8158131456487094,-0.09297811899214355
3686.1999936,1.9140866992429801,1.820779548740404,-0.09330715050257626
3686.40000336,1.9193705839709678,1.8257864804881025,-0.09358410348286526
3686.60001312,1.9246595684058092,1.8308209846757697,-0.09383858373003942
3686.7999924,1.9299569641347545,1.8358553896237784,-0.09410157451097598
3687.0000021600003,1.935245065928037,1.8408906599109132,-0.09435440601712372
3687.20001192,1.940518064743318,1.8459317383248393,-0.09458632641847874
3687.3999912000004,1.9457786893446467,1.850980679028024,-0.09479801031662244
3687.60000096,1.9510484518075013,1.856021290103218,-0.09502716170428321
3687.80001072,1.95632870789792,1.8610459744506922,-0.09528273344722762
3687.99999,1.9616150232603982,1.866059431771846,-0.09555559148855204
3688.1999997600005,1.9669085189744029,1.871065057904934,-0.09584346106946888
3688.4000095200004,1.9722167253812304,1.8760832926765354,-0.09613343270469503
3688.5999888,1.977553637815309,1.881116097676022,-0.09643754013928701
3688.79999856,1.9828931289622573,1.8861539028264134,-0.09673922613584413
3689.0000083200002,1.9882067292898076,1.8912171074775768,-0.0969896218122309
3689.1999876,1.993509812286479,1.8962381971763658,-0.09727161511011305
3689.3999973600003,1.9988534224274366,1.901204151431615,-0.09764927099582157
3689.60000712,2.0042349861559265,1.9061799137444713,-0.09805507241145545
3689.7999864000003,2.0095953340553514,1.9111578016963333,-0.09843753235901823
3689.99999616,2.0149354136300137,1.9161278767449934,-0.09880753688502032
3690.2000059200004,2.0202599979415563,1.9210986467888695,-0.09916135115268664
3690.3999852000006,2.025548078318172,1.9260999323303716,-0.09944814598780033
3690.5999949600005,2.0308339244718723,1.9311418744242987,-0.09969205004757363
3690.8000047200003,2.036144876874698,1.936211862856692,-0.09993301401800615
3691.00001448,2.0414658325486594,1.941292536172229,-0.10017329637643042
3691.19999376,2.04680019551789,1.9463713175612474,-0.10042887795664254
3691.40000352,2.0521333120312835,1.9514466350927946,-0.10068667693848884
3691.60001328,2.0574374975153997,1.9565222333745078,-0.10091526414089184
3691.79999256,2.0627220478637645,1.9615980059368348,-0.10112404192692973
3692.00000232,2.0680102477283206,1.9666566830485368,-0.10135356467978376
3692.20001208,2.073319042562862,1.97169292924842,-0.10162611331444187
3692.39999136,2.078652326912361,1.9767178872594895,-0.10193443965287158
3692.6000011200003,2.0839968196948893,1.981737374142521,-0.10225944555236842
3692.80001088,2.0893283670677003,1.9867576801646474,-0.1025706869030532
3692.9999901600004,2.094638510120886,1.9917777744412766,-0.10286073567960947
3693.19999992,2.099944657030715,1.9968069316918193,-0.1031377253388958
3693.4000096800005,2.1052611994968347,2.0018483401958442,-0.10341285930099035
3693.59998896,2.1105668319583417,2.00689511520062,-0.10367171675772197
3693.7999987200005,2.1158177647343765,2.0119451196914464,-0.10387264504293049
3694.0000084800004,2.120964643876318,2.016995293134807,-0.10396935074151051
3694.19998776,2.125997973880795,2.02204789239804,-0.10395008148275456
3694.39999752,2.131026677123534,2.02708662086636,-0.10394005625717412
3694.60000728,2.13613069911366,2.032083373456259,-0.10404732565740124
3694.7999865600004,2.1412408072326117,2.0370497557663865,-0.10419105146622541
3694.9999963200003,2.146276767750489,2.042018723325988,-0.10425804442450032
3695.20000608,2.151242607299129,2.046986505437317,-0.10425610186181195
3695.3999853600003,2.15617258592093,2.0519361227630237,-0.10423646315790643
3695.59999512,2.1610722273517604,2.0568616352817974,-0.10421059206996322
3695.8000048800004,2.165923127353636,2.061747572249165,-0.10417555510447128
3696.0000146400002,2.1707145961563996,2.0665794224765324,-0.10413517367986752
3696.1999939200005,2.175463856943008,2.0713616326115605,-0.10410222433144739
3696.4000036800003,2.1802013865386667,2.0761067529254666,-0.10409463361319993
3696.60001344,2.184932345358187,2.0808286185993974,-0.1041037267587895
3696.79999272,2.1896405205381946,2.085541992473986,-0.10409852806420856
3697.00000248,2.194338527405749,2.090239049202983,-0.10409947820276604
3697.20001224,2.1990635038768453,2.0949072916249616,-0.10415621225188369
3697.39999152,2.20381462773392,2.0995549502103357,-0.1042596775235841
3697.60000128,2.2085557859671474,2.104202073810256,-0.10435371215689136
3697.8000110400003,2.2132923348499607,2.1088790531517807,-0.1044132816981799
3697.99999032,2.2180421839746005,2.1136015319527712,-0.10444065202182903
3698.2000000800003,2.2228225707220965,2.1183525422023255,-0.10447002851977107
3698.40000984,2.2276520911836903,2.123127357135114,-0.1045247340485761
3698.5999891200004,2.2325086256065987,2.1279239771740643,-0.10458464843253465
3698.79999888,2.237384239572446,2.132736957342262,-0.10464728223018395
3699.0000086400005,2.242285254001286,2.137560551527627,-0.10472470247365907
3699.1999879200002,2.2472067017214687,2.1423965892748518,-0.10481011244661734
3699.39999768,2.252134293468708,2.147246840398515,-0.1048874530701926
3699.60000744,2.2570556086536655,2.152101425904755,-0.10495418274891051
3699.79998672,2.261978036937263,2.156956247520941,-0.10502178941632155
3699.99999648,2.266966334810316,2.161812211555523,-0.10515412325479276
3700.20000624,2.2721091930295576,2.1666807355034865,-0.10542845752607147
3700.3999855200004,2.2773675623350593,2.171546678935109,-0.10582088339995034
3700.5999952800003,2.282613395404217,2.1764014475520232,-0.10621194785219337
3700.80000504,2.2878173520344034,2.181256915986155,-0.10656043604824879
3701.0000148,2.2929976734847495,2.186112150999664,-0.10688552248508576
3701.19999408,2.2981282753788266,2.190979054748853,-0.10714922062997334
3701.4000038400004,2.303233572295666,2.195873607198115,-0.10735996509755123
3701.6000136000002,2.3083876106414594,2.200777779306309,-0.10760983133515063
3701.7999928800004,2.313617739720952,2.205704703029748,-0.10791303669120371
3702.0000026400003,2.31888112755024,2.2106983269543923,-0.10818280059584742
3702.2000124000006,2.324133041039119,2.215741507262302,-0.10839153377681691
3702.39999168,2.329360424541059,2.220801513854733,-0.10855891068632621
3702.60000144,2.334570363519682,2.225857978269017,-0.10871238525066525
3702.8000112,2.3397778507161524,2.230885113439421,-0.10889273727673106
3702.99999048,2.3449870937951585,2.235890738278682,-0.10909635551647609
3703.20000024,2.3502037016211936,2.240895129709208,-0.10930857191198552
3703.4000100000003,2.355433450999517,2.245901992080142,-0.1095314589193752
3703.5999892800005,2.360670738191852,2.2509210193070066,-0.10974971888484526
3703.7999990400003,2.365912648409583,2.2559426390920874,-0.10997000931749586
3704.0000088,2.3711642676845934,2.2609576457945244,-0.11020662189006898
3704.1999880800004,2.376410968285598,2.2659671760489166,-0.11044379223668109
3704.39999784,2.3816431694460505,2.2709583823349075,-0.11068478711114312
3704.6000076000005,2.38687841081637,2.275950183542854,-0.1109282272735159
3704.7999868800002,2.39210540209296,2.280935488013104,-0.11116991407985613
3704.99999664,2.3973079857251482,2.285916210316495,-0.11139177540865308
3705.2000064,2.4025147864226186,2.290923402865479,-0.11159138355713943
3705.39998568,2.407757956995372,2.2959568208543137,-0.11180113614105852
3705.59999544,2.413005751490242,2.3010093663413804,-0.11199638514886191
3705.8000052,2.4181990183503057,2.3060496722415227,-0.11214934610878304
3706.00001496,2.4233186336748376,2.3110715191043303,-0.11224711457050732
3706.1999942400003,2.4283795175109533,2.3160894632045053,-0.11229005430644798
3706.400004,2.433447645410522,2.3210936362251298,-0.11235400918539194
3706.6000137600004,2.438579617717057,2.3260793791977163,-0.11250023851934075
3706.79999304,2.4437609147390624,2.3310502534445052,-0.11271066129455716
3707.0000028000004,2.448931723274713,2.336012898504551,-0.11291882477016188
3707.2000125600002,2.4540135811542716,2.3409913077835545,-0.11302227337071719
3707.39999184,2.458999549946379,2.3460112596094387,-0.11298829033694044
3707.6000016,2.4639973607341394,2.35103714544414,-0.11296021528999926
3707.8000113600006,2.4690730401227254,2.3560127323365188,-0.11306030778620671
3707.9999906400003,2.4741545157902953,2.3609338144119567,-0.1132207013783385
3708.2000004,2.479190182094315,2.3658418339295144,-0.11334834816480055
3708.40001016,2.484216139341056,2.3707726732451584,-0.11344346609589737
3708.59998944,2.489222601908299,2.375717121741522,-0.11350548016677704
3708.7999992,2.4941592162138173,2.3806709044357306,-0.1134883117780867
3709.0000089600003,2.499047677518095,2.385631620133244,-0.11341605738485093
3709.1999882400005,2.5039895209570737,2.3905738151539344,-0.11341570580313913
3709.3999980000003,2.509051764579503,2.3954553809558288,-0.11359638362367451
3709.60000776,2.514167849337752,2.400293065429441,-0.11387478390831081
3709.79998704,2.5192334398781915,2.4051622347968427,-0.11407120508134877
3709.9999967999997,2.5242523359923656,2.4100786090296533,-0.11417372696271212
3710.2000065600005,2.5292747626728462,2.4150095146292028,-0.11426524804364331
3710.39998584,2.5342806369020368,2.419927299566522,-0.11435333733551437
3710.5999956,2.53926059871581,2.424837984853364,-0.11442261386244604
3710.80000536,2.5442641957094243,2.4297579196321215,-0.11450627607730264
3711.0000151200006,2.549302804152036,2.4346754701866273,-0.11462733396540861
3711.1999944,2.5543508426075485,2.4395857754236068,-0.1147650671839416
3711.40000416,2.5594086730221357,2.444514266366447,-0.11489440665568877
3711.60001392,2.5644931788264067,2.449467923785089,-0.11502525504131755
3711.7999932000002,2.56963858722787,2.45442622929227,-0.11521235793560045
3712.00000296,2.5748618639013294,2.459384155060506,-0.11547770884082327
3712.2000127200004,2.580062780321673,2.4643424800429377,-0.11572030027873535
3712.3999920000006,2.585123271932428,2.4692806446984434,-0.11584262723398442
3712.6000017600004,2.5900869539127838,2.4742167885199087,-0.1158701653928752
3712.80001152,2.59509319883111,2.47919556890435,-0.11589762992676021
3712.9999908,2.6002134067531024,2.484191277430138,-0.11602212932296423
3713.20000056,2.6054170691694325,2.489179236083609,-0.11623783308582333
3713.4000103200005,2.6106557430347612,2.494201301266751,-0.11645444176801062
3713.5999896000003,2.6159000902835867,2.4992635156917133,-0.11663657459187321
3713.79999936,2.621119836390762,2.504323663930623,-0.11679617246013926
3714.00000912,2.6262960388471113,2.5093609434555635,-0.11693509539154777
3714.1999884,2.6314466442346114,2.514395507580259,-0.11705113665435231
3714.39999816,2.636623435118674,2.519434550466817,-0.11718888465185742
3714.6000079200003,2.641854459423711,2.524455476571573,-0.11739898285213811
3714.7999872000005,2.647134401124081,2.5294627980092423,-0.11767160311483871
3714.9999969600003,2.6524214241332094,2.5344695112555797,-0.11795191287762997
3715.20000672,2.6576541156500904,2.539481347691705,-0.11817276795838541
3715.399986,2.662822175066154,2.5444989795549655,-0.11832319551118836
3715.5999957599997,2.667946007455969,2.549521083012138,-0.11842492444383074
3715.8000055200005,2.673058365505386,2.5545434665422935,-0.11851489896309282
3715.9999848,2.6782047544702414,2.559559897852932,-0.11864485661730916
3716.19999456,2.6833999827560056,2.564572965877691,-0.11882701687831478
3716.40000432,2.6886326742728865,2.569593092014217,-0.11903958225866966
3716.6000140800006,2.6938923353933437,2.5746258206553185,-0.11926651473802515
3716.7999933600004,2.6991628636850318,2.5796694410012706,-0.11949342268376145
3717.00000312,2.7044429236328793,2.5847286029708494,-0.11971432066203001
3717.20001288,2.7097310254261497,2.589797759223445,-0.11993326620270497
3717.3999921600002,2.715020282478849,2.5948761101617093,-0.12014417231714027
3717.60000192,2.720301715424696,2.5999564008258993,-0.1203453145987969
3717.8000116800004,2.7255768718082733,2.6050413114985216,-0.12053556030975189
3717.9999909600006,2.7308669133116954,2.6101271276717912,-0.12073978563990398
3718.2000007200004,2.736165508732529,2.615201062388956,-0.12096444634357327
3718.40001048,2.7414508645298015,2.6202696048038443,-0.12118125972595718
3718.59998976,2.7467224714412333,2.6253408962178737,-0.12138157522335928
3718.79999952,2.751995764470371,2.6304115144751288,-0.12158424999524234
3719.0000092800005,2.757289456326947,2.635474042243424,-0.12181541408352274
3719.1999885600003,2.7625897937460895,2.640552292429164,-0.1220375013169255
3719.39999832,2.7678624002762278,2.6456533257437176,-0.12220907453251025
3719.60000808,2.7731119600542398,2.650752745011555,-0.1223592150426847
3719.79998736,2.7783527772748258,2.6558365142695948,-0.12251626300523104
3719.99999712,2.7835736021661432,2.6609071292609983,-0.12266647290514503
3720.2000068800003,2.7887846199289084,2.665973798730344,-0.12281082119856496
3720.3999861600005,2.7939979813742073,2.6710224674613703,-0.12297551391283702
3720.5999959200003,2.799177224040412,2.676048890817848,-0.12312833322256385
3720.80000568,2.8042969374362294,2.6810632629910858,-0.1232336744451439
3720.99998496,2.8093642929907943,2.686085049100993,-0.12327924388980167
3721.1999947200006,2.8143772067565673,2.69112025401576,-0.12325695274080709
3721.4000044800005,2.8193555994297705,2.696129220426747,-0.12322637900302326
3721.6000142400003,2.82431898719627,2.701094058063454,-0.12322492913281592
3721.79999352,2.8292507308321855,2.706010549529984,-0.12324018130220146
3722.00000328,2.83416086589058,2.7109001943709883,-0.12326067151959147
3722.20001304,2.839068156881701,2.7157856073663633,-0.12328254951533768
3722.3999923200004,2.8439722486296604,2.7206646486067636,-0.12330760002289666
3722.60000208,2.848869242135778,2.725532661255066,-0.12333658088071178
3722.80001184,2.8537587822241868,2.730384607942029,-0.1233741742821578
3722.9999911200002,2.8586766018597896,2.735228911724498,-0.12344769013529132
3723.20000088,2.8636577405289905,2.7400681237577764,-0.12358961677121418
3723.4000106400003,2.8686927203340225,2.744911599747485,-0.12378112058653729
3723.5999899200006,2.8737792949312997,2.749793607065822,-0.12398568786547752
3723.7999996800004,2.878909600025967,2.7547249688884294,-0.1241846311375373
3724.00000944,2.88402490021393,2.7596836036818124,-0.12434129653211776
3724.19998872,2.889072252275072,2.7646398756571946,-0.12443237661787727
3724.39999848,2.894054371657129,2.7696038258685314,-0.12445054578859778
3724.6000082400005,2.8989948107428103,2.7745886605363927,-0.12440615020641778
3724.7999875200003,2.903927632998469,2.779562416660995,-0.12436521633747454
3724.99999728,2.9088742505751233,2.784505115951096,-0.12436913462402718
3725.20000704,2.91378477791866,2.789427148201374,-0.12435762971728574
3725.39998632,2.918605815946376,2.7943438013422544,-0.12426201460412145
3725.5999960800004,2.923356585165607,2.79924282237445,-0.12411376279115724
3725.8000058400003,2.928091074551411,2.804099373300976,-0.12399170125043532
3725.9999851200005,2.9328223910277424,2.808906421803282,-0.12391596922446042
3726.1999948800003,2.937531283807993,2.8136916195225763,-0.12383966428541672
3726.40000464,2.942218600905401,2.8184769549904356,-0.12374164591496578
3726.6000144000004,2.9469066045018195,2.8232560795058492,-0.12365052499597054
3726.7999936800006,2.951613112724053,2.8280302356937836,-0.12358287703026924
3727.0000034400005,2.9563453464702865,2.832805806001167,-0.12353954046911933
3727.2000132000003,2.9611148473050655,2.8375867181336747,-0.12352812917139101
3727.39999248,2.965953143248665,2.842381922094125,-0.12357122115453985
3727.60000224,2.970892111265039,2.8471918440595205,-0.12370026720551867
3727.800012,2.9759081633119413,2.8520246699217933,-0.12388349339014804
3727.9999912800004,2.9809565939928375,2.8569122735382066,-0.124044320454631
3728.20000104,2.9860295273854023,2.8618656846882393,-0.12416384269716312
3728.4000108,2.9911186425400986,2.8668610623059836,-0.12425758023411501
3728.59999008,2.996207374376863,2.8718714912367957,-0.1243358831400671
3728.79999984,3.001305610161124,2.8768877342600288,-0.12441787590109557
3729.0000096000003,3.006390704393121,2.881900891683686,-0.12448981270943489
3729.1999888800005,3.011420406313018,2.88689791143892,-0.12452249487409787
3729.3999986400004,3.016422630308633,2.891891011038861,-0.1245316192697715
3729.6000084,3.0214660442442187,2.8968773274930784,-0.12458871675114008
3729.79998768,3.0266127273780947,2.901848842582321,-0.12476388479577377
3729.9999974400002,3.031859345017549,2.9068194547199635,-0.12503989029758564
3730.2000072,3.0371345994723997,2.911794791309744,-0.1253398081626557
3730.3999864800003,3.0424051277641,2.916792695317293,-0.12561243244680717
3730.59999624,3.047684501212948,2.9218212441198705,-0.12586325709307752
3730.800006,3.0529487716838064,2.926871443074858,-0.12607732860894874
3730.99998528,3.0581586031008543,2.931934505082082,-0.12622409801877243
3731.1999950400004,3.0633009709636676,2.936993725076589,-0.12630724588707834
3731.4000048000003,3.0683926359717906,2.942040695312148,-0.1263519406596427
3731.60001456,3.0734694922157813,2.947063226695879,-0.12640626551990258
3731.7999938400003,3.078530866333599,2.952056210942274,-0.12647465539132477
3732.0000036,3.0835512335170576,2.9570441055766765,-0.1265071279403814
3732.2000133600004,3.0885187402775656,2.9620305206175237,-0.12648821966004187
3732.39999264,3.093462152617978,2.9670074211866804,-0.12645473143129748
3732.6000024,3.0984401530060386,2.971967466300075,-0.12647268670596368
3732.80001216,3.1034691504626344,2.9769016664344012,-0.1265674840282332
3732.99999144,3.108517679199871,2.981815570966958,-0.12670210823291353
3733.2000012,3.113534711959618,2.9867327272496507,-0.1268019847099674
3733.40001096,3.1184279787568925,2.991679747721787,-0.1267482310351054
3733.5999902400004,3.1231922421635687,2.996644120839186,-0.12654812132438273
3733.8,3.127959291216207,3.001583236530384,-0.1263760546858227
3734.00000976,3.132813035285355,3.0064685871757484,-0.12634444810960674
3734.19998904,3.1377234026390943,3.0113115440779943,-0.12641185856109996
3734.3999988000005,3.1426273592065037,3.016140943055547,-0.12648641615095688
3734.6000085600003,3.147501011746638,3.021004116873642,-0.12649689487299604
3734.7999878400005,3.152369116817703,3.0259242988227593,-0.1264448179949438
3734.9999976000004,3.157276800093956,3.0308561615500005,-0.12642063854395552
3735.20000736,3.1622404820743117,3.0357630732620344,-0.12647740881227748
3735.39998664,3.16722350917621,3.0406559801503628,-0.1265675290258471
3735.5999964000002,3.1721895448674333,3.045560252675538,-0.1266292921918952
3735.80000616,3.177130768523377,3.0504892173524265,-0.1266415511709503
3735.9999854400003,3.1820564326662044,3.0554329323334066,-0.12662350033279787
3736.1999952,3.1869752960690207,3.0603797309325538,-0.1265955651364671
3736.40000496,3.1919095566636835,3.065325987680852,-0.12658356898283166
3736.60001472,3.196890499190325,3.0702634586855284,-0.12662704050479642
3736.7999940000004,3.201903531532369,3.075188852022795,-0.12671467950957407
3737.0000037600003,3.2069373344819616,3.080110421532993,-0.12682691294896883
3737.20001352,3.212017917434807,3.085024327279348,-0.126993590155459
3737.3999928000003,3.2171316536383503,3.089928262715381,-0.1272033909229692
3737.60000256,3.2222367544126067,3.0948265652266764,-0.12741018918593042
3737.8000123200004,3.227314689440751,3.0997342722941505,-0.12758041714660032
3737.9999916,3.232374788826133,3.10466923761627,-0.12770555120986282
3738.20000136,3.2374337960961364,3.109640581425567,-0.12779321467056917
3738.40001112,3.2424402371570338,3.1146308795715196,-0.12780935758551396
3738.5999904,3.2473379552428727,3.1196149409765077,-0.1277230142663652
3738.8000001600003,3.252186403462607,3.1245901272015772,-0.12759627626102976
3739.00000992,3.2571065417921368,3.12953681886612,-0.12756972292601643
3739.1999892000003,3.262136930106416,3.1344260876804566,-0.12771084242595918
3739.39999896,3.2672246722631133,3.139278541804684,-0.12794613045842945
3739.60000872,3.2722763241866932,3.1441434256508196,-0.12813289853587373
3739.799988,3.277219442358096,3.1490276972377425,-0.12819174512035353
3739.9999977600005,3.2820958408942396,3.153930045562522,-0.12816579533171746
3740.2000075200003,3.2870266689939047,3.158844562281411,-0.12818210671249358
3740.3999868,3.292050193364351,3.1637354308781114,-0.1283147624862399
3740.59999656,3.297099295434504,3.1686006614601485,-0.12849863397435565
3740.8000063199997,3.302134961738524,3.1734646394618737,-0.12867032227665046
3740.9999856,3.307171919827604,3.1783518054367175,-0.12882011439088686
3741.1999953600002,3.3122216103254827,3.1832695628745085,-0.1289520474509741
3741.40000512,3.317270908538207,3.1882059297697602,-0.12906497876844647
3741.60001488,3.322315597400506,3.193170808924259,-0.12914478847624689
3741.79999416,3.3273494176866962,3.1981415967978886,-0.12920782088880753
3742.00000392,3.3323788074284346,3.203109230818422,-0.12926957661001245
3742.20001368,3.3374508581794404,3.208087887332585,-0.12936297084685508
3742.3999929600004,3.342580675622795,3.213072431141956,-0.129508244480839
3742.6000027200002,3.3477335371131605,3.218073910650242,-0.1296596264629187
3742.80001248,3.352907189716083,3.2230858275541987,-0.12982136216188409
3742.9999917600003,3.3581159425133875,3.228098073355934,-0.13001786915745353
3743.2000015200006,3.3633219586405847,3.2331309867199205,-0.13019097192066442
3743.4000112800004,3.3684863925426565,3.238207880766346,-0.1302785117763104
3743.59999056,3.373631899000449,3.243271828924172,-0.13036007007627654
3743.80000032,3.378811632023081,3.2483083763925644,-0.1305032556305169
3744.00001008,3.384047657963674,3.2533508446122905,-0.13069681335138345
3744.19998936,3.3893340713825046,3.2583825095016565,-0.13095156188084792
3744.3999991200003,3.3946482601377683,3.2633908276130508,-0.1312574325247179
3744.60000888,3.399946267130889,3.2683722111680686,-0.13157405596282054
3744.7999881600003,3.4052058131124747,3.2733766974285037,-0.13182911568397096
3744.99999792,3.4104406621976397,3.2784181153239564,-0.13202254687368312
3745.20000768,3.4156759035679474,3.2834625169622456,-0.13221338660570187
3745.39998696,3.420916916901214,3.2885181928442906,-0.1323987240569233
3745.5999967200005,3.426104005270282,3.2935873758022596,-0.13251662946802237
3745.8000064800003,3.431174290738134,3.2986518478824665,-0.13252244285566778
3745.99998576,3.4361555528259062,3.3037086533935685,-0.13244689943233784
3746.19999552,3.4411244325844015,3.308766505425042,-0.13235792715935968
3746.4000052799997,3.4461100825327424,3.3138275474135144,-0.13228253511922808
3746.6000150400005,3.451107893320526,3.3188552302726206,-0.13225266304790553
3746.79999432,3.4561201412118367,3.3238307829030957,-0.1322893583087409
3747.00000408,3.4611453138882924,3.3287807132159433,-0.13236460067234887
3747.20001384,3.466189120109021,3.333720004718361,-0.13246911539065978
3747.39999312,3.4712681443680937,3.338653977011964,-0.13261416735612974
3747.6000028800004,3.476368635791937,3.3435788759577925,-0.13278975983414426
3747.80001264,3.4814480418893545,3.348508334143549,-0.13293970774580538
3747.9999919200004,3.48647715547121,3.3534645970311585,-0.1330125584400515
3748.2000016800002,3.4914662379145485,3.358426891833211,-0.13303934608133744
3748.40001144,3.4964277623266207,3.36337700614674,-0.13305075617988082
3748.59999072,3.501317243679862,3.3683090761662005,-0.13300816751366154
3748.8000004800006,3.5061116546212165,3.3732151588518304,-0.13289649576938617
3749.0000102400004,3.510859677844439,3.378093664203076,-0.13276601364136348
3749.19998952,3.515612566715628,3.38291255598276,-0.13270001073286822
3749.39999928,3.520411685078672,3.3876813242687795,-0.13273036080989242
3749.60000904,3.52532240856478,3.3924049221571377,-0.13291748640764225
3749.79998832,3.5304083948240153,3.3971281324881644,-0.13328026233585086
3749.9999980800003,3.5356160781630686,3.4018981918769793,-0.13371788628608966
3750.20000784,3.540809443094406,3.4066911123919947,-0.134118330702411
3750.3999871200003,3.545909157241285,3.411489843480279,-0.1344193137610061
3750.59999688,3.5509048104607617,3.416278131653949,-0.13462667880681298
3750.80000664,3.555824850719006,3.421096475856735,-0.1347283748622709
3750.9999859199997,3.5607048206072376,3.425908894684263,-0.13479592592297449
3751.1999956800005,3.5655651354525464,3.4307407606951923,-0.13482437475735368
3751.4000054400003,3.5704054437555612,3.4356152793288945,-0.1347901644266667
3751.6000152,3.575234081575584,3.440488773292165,-0.13474530828341888
3751.79999448,3.580066494138765,3.445343978487177,-0.13472251565158833
3752.0000042400006,3.5848939551033823,3.4501780750012396,-0.1347158801021427
3752.2000140000005,3.589719454642265,3.455016193986006,-0.13470326065625857
3752.39999328,3.5945499060786394,3.459848551710255,-0.13470135436838446
3752.60000304,3.5993764844016636,3.46468283311431,-0.13469365128735405
3752.8000128,3.6042298361856697,3.469522189666879,-0.13470764651879064
3752.99999208,3.609160991483554,3.47436533558962,-0.1347956558939344
3753.2000018400004,3.6141760628176,3.479200458686466,-0.13497560413113377
3753.4000116,3.619213592476047,3.484024979179735,-0.1351886132963123
3753.5999908800004,3.624212700817767,3.488863955122369,-0.13534874569539818
3753.8000006400002,3.6291755001565527,3.493753042305299,-0.13542245785125345
3754.0000104,3.634135455428054,3.49868269519896,-0.13545276022909442
3754.19998968,3.639115638896083,3.5036127723214676,-0.13550286657461524
3754.3999994400006,3.6441224722421457,3.508524972800698,-0.13559749944144767
3754.6000092000004,3.649112731540912,3.5134250229061554,-0.13568770863475652
3754.79998848,3.654032022021608,3.5183238346059946,-0.13570818741561333
3754.99999824,3.6588948867203213,3.5232252042743095,-0.1356696824460118
3755.200008,3.663744806009329,3.528109348780179,-0.13563545722915
3755.39998728,3.668616931390347,3.532961483611154,-0.13565544777919306
3755.5999970400003,3.673529322088322,3.537795048803067,-0.1357342732852553
3755.8000068,3.678459365617702,3.542614890751894,-0.13584447486580814
3755.9999860800003,3.683384735591509,3.547440007220825,-0.13594472837068372
3756.19999584,3.6883051681348955,3.5522789060791555,-0.13602626205574023
3756.4000056000004,3.693226287177293,3.557118884621908,-0.13610740255538514
3756.5999848799997,3.6981536182778836,3.561962403186042,-0.1361912150918413
3756.7999946400005,3.70307973895586,3.5668194696991193,-0.1362602692567408
3757.0000044000003,3.708010272841668,3.5716874019044664,-0.13632287093720166
3757.20001416,3.7129997475701493,3.576555260402072,-0.1364444871680774
3757.39999344,3.7181138759990424,3.581423205449142,-0.13669067054990028
3757.6000032000006,3.7233685354839317,3.5863043629604303,-0.13706417252350134
3757.8000129600005,3.728689000801465,3.5912175293552457,-0.13747147144621938
3757.99999224,3.733992868248859,3.596168930137446,-0.1378239381114128
3758.200002,3.7392657689928543,3.6011724290388263,-0.1380933399540279
3758.40001176,3.7445327854597106,3.6062336898415017,-0.13829909561820888
3758.59999104,3.749817924146117,3.6113361901338674,-0.13848173401224986
3758.8000008000004,3.7551285823350984,3.6164560587900128,-0.13867252354508544
3759.00001056,3.7604645429157633,3.621570149230325,-0.1388943936854382
3759.1999898400004,3.7658003767301107,3.6266766651788536,-0.13912371155125694
3759.3999996000002,3.771118586408074,3.6317797947395585,-0.13933879166851565
3759.60000936,3.776433069377183,3.636877144896215,-0.13955592448096768
3759.79998864,3.7817587053321255,3.6419812823785946,-0.13977742295353068
3759.9999984000005,3.787085741425821,3.6471080781124243,-0.13997766331339673
3760.2000081600004,3.7924014012503577,3.6522524794472133,-0.14014892180314428
3760.39998744,3.7977149762754423,3.6573992735539376,-0.14031570272150448
3760.5999972,3.8030367165196886,3.662522925003649,-0.14051379151604
3760.8000069600002,3.8083671851083696,3.667620583241443,-0.14074660186692653
3760.99998624,3.813685074612428,3.672715436815064,-0.14096963779736404
3761.1999960000003,3.8189714111225688,3.677829100475285,-0.1411423106472837
3761.40000576,3.8242367603775698,3.6829606333464406,-0.14127612703112885
3761.5999850400003,3.829486500725124,3.688093697955478,-0.14139280276964605
3761.7999948,3.8347287051567123,3.693214535921017,-0.14151416923569515
3762.0000045600004,3.839983854998018,3.6983170919689754,-0.14166676302904216
3762.2000143200003,3.845247046684734,3.703409805308251,-0.14183724137648335
3762.3999936000005,3.8505157119059685,3.7085087931354983,-0.1420069187704702
3762.6000033600003,3.855801459988383,3.713611464850809,-0.14218999513757416
3762.80001312,3.861085246645085,3.718714348677077,-0.14237089796800817
3762.9999924,3.866360775810129,3.7238172379786407,-0.14254353783148807
3763.20000216,3.8716551541656927,3.7289090339573883,-0.14274612020830438
3763.40001192,3.8769699313486585,3.7340159825992276,-0.14295394874943093
3763.5999912,3.882274975472148,3.7391499499193013,-0.14312502555284695
3763.80000096,3.8875682750435576,3.7442850775216607,-0.14328319752189655
3764.00001072,3.892870891387103,3.749410920959872,-0.14345997042723094
3764.19999,3.898187408102409,3.7545320568193223,-0.14365535128308646
3764.3999997600004,3.903524545538514,3.75965229571499,-0.14387224982352415
3764.60000952,3.908883258657449,3.7647602191171035,-0.1441230395403453
3764.7999888000004,3.914244391007596,3.769849989446614,-0.14439440156098177
3764.99999856,3.9196065366215285,3.7749331629072636,-0.14467337371426495
3765.2000083200005,3.924969074520616,3.78000963572937,-0.14495943879124568
3765.3999876,3.9303192245606238,3.785088377664202,-0.14523084689642163
3765.5999973600005,3.9356567542818834,3.7901902407014605,-0.1454665135804233
3765.8000071200004,3.9409950685734043,3.7953180737059284,-0.1456769948674757
3765.9999864,3.946347571965592,3.800438186953351,-0.14590938501224107
3766.19999616,3.9517058927993842,3.8055404198750065,-0.14616547292437776
3766.4000059200002,3.9570527392927684,3.8106569970873596,-0.14639574220540888
3766.5999852000004,3.962379257754786,3.8158035946371975,-0.1465756631175885
3766.7999949600003,3.9676793242449047,3.8209774905644176,-0.14670183368048723
3767.00000472,3.9729515384899003,3.8261684446392064,-0.14678309385069413
3767.20001448,3.9782253218754664,3.8313489654027917,-0.14687635647267475
3767.39999376,3.9835241884495165,3.8364935570811154,-0.147030631368401
3767.6000035200004,3.988837200349353,3.841615518836354,-0.1472216815129989
3767.8000132800003,3.9941504083917483,3.84674729907368,-0.1474031093180678
3767.9999925600005,3.9994672192760747,3.851875728059261,-0.14759149121681367
3768.2000023200003,4.004797393650887,3.856983999144842,-0.14781339450604516
3768.40001208,4.010146201569972,3.8620918329338703,-0.1480543686361015
3768.59999136,4.015493311863443,3.8672065646938347,-0.1482867471696078
3768.80000112,4.020826428376836,3.872332810202771,-0.14849361817406445
3769.00001088,4.026165919523784,3.8774664566567236,-0.1486994628670602
3769.19999016,4.031521854887894,3.8825878767051245,-0.14893397818277032
3769.39999992,4.036898515052102,3.8876950456851143,-0.14920346936698817
3769.6000096800003,4.042278901925178,3.892809575121915,-0.14946932680326236
3769.79998896,4.047649741853003,3.897941468096966,-0.149708273756037
3769.9999987200003,4.053015712247087,3.903082418892686,-0.14993329335440184
3770.20000848,4.058371090942311,3.9082229084296425,-0.15014818251266795
3770.3999877600004,4.06371722067239,3.913364219933591,-0.15035300073879956
3770.59999752,4.069074070436898,3.918504293853015,-0.15056977658388346
3770.8000072800005,4.07443199898556,3.9236368299786037,-0.15079516900695628
3770.9999865600003,4.079765185278707,3.9287639828677716,-0.15100120241093495
3771.19999632,4.085122329257071,3.9338935491716485,-0.15122878008542257
3771.40000608,4.090538316006823,3.93903004232141,-0.15150827368541248
3771.59998536,4.095958772442858,3.9441693348150673,-0.15178943762779049
3771.79999512,4.101345828163344,3.9492941456964203,-0.15205168246692372
3772.0000048800002,4.106703952854577,3.9544084481696444,-0.15229550468493253
3772.20001464,4.11204491507081,3.9595194583051674,-0.1525254567656424
3772.3999939200003,4.117379768321754,3.96462853451127,-0.15275123381048394
3772.60000368,4.12270984462528,3.9697461139372323,-0.15296373068804806
3772.80001344,4.128035017364525,3.974852104792626,-0.1531829125718982
3772.99999272,4.13336408529139,3.9799380660866808,-0.15342601920470922
3773.2000024800004,4.138702203440351,3.985020896241778,-0.15368130719857337
3773.4000122400003,4.144031691316164,3.990109372375793,-0.1539223189403708
3773.59999152,4.149346246904652,3.9952013548755883,-0.1541448920290633
3773.80000128,4.154650628531339,4.000298732799005,-0.1543518957323334
3774.0000110400006,4.159959619508476,4.005405349111008,-0.154554270397468
3774.19999032,4.165298591125689,4.010499990543908,-0.15479860058178146
3774.40000008,4.170644260763646,4.0155678089297595,-0.1550764518338861
3774.60000984,4.175956782307042,4.020634871151597,-0.15532191115544364
3774.79998912,4.18123005617627,4.025728110070479,-0.1555019461057917
3774.99999888,4.186479714025568,4.030842135769078,-0.15563757825649016
3775.2000086400003,4.191725350952166,4.035964163701422,-0.15576118725074362
3775.3999879200005,4.196972836003893,4.0410808059591705,-0.15589203004472238
3775.5999976800003,4.202207488946487,4.04617622932243,-0.15603125962405698
3775.80000744,4.20742233148938,4.051253061418433,-0.15616927007094725
3775.9999867200004,4.212629221216218,4.056321855211336,-0.15630736600488238
3776.19999648,4.217842200404685,4.061382756403902,-0.15645944400078243
3776.4000062400005,4.223058121731732,4.066423795014563,-0.15663432671716904
3776.5999855200002,4.22825922613448,4.071433909301842,-0.15682531683263834
3776.79999528,4.233449452784676,4.076434188916403,-0.15701526386827278
3777.00000504,4.238642621573442,4.08145144831908,-0.15719117325436138
3777.2000147999997,4.2438454013482,4.086479967809981,-0.15736543353821897
3777.39999408,4.249044544624154,4.091497044058361,-0.15754750056579384
3777.60000384,4.25420623253024,4.096497541594367,-0.15770869093587295
3777.8000136,4.259311823660925,4.101512726146865,-0.15779909751406032
3777.9999928800003,4.264363686313732,4.106544311537165,-0.15781937477656688
3778.20000264,4.269368754376631,4.111553675295088,-0.15781507908154327
3778.4000124000004,4.274315960381011,4.1165255415409,-0.15779041884010983
3778.59999168,4.279186516860572,4.1214605640505875,-0.15772595280998525
3778.8000014400004,4.2840044649104705,4.126367124296766,-0.1576373406137051
3779.0000112000002,4.288797012497376,4.131254667056215,-0.15754234544116166
3779.19999048,4.293558138101152,4.136123474968349,-0.15743466313280352
3779.40000024,4.29827742643768,4.1409812982347995,-0.15729612820288072
3779.6000100000006,4.302964645463824,4.145803891150211,-0.1571607543136133
3779.7999892800003,4.307640167882509,4.1505858357656775,-0.1570543321168311
3779.99999904,4.312317677851353,4.155345993717413,-0.1569716841339404
3780.2000088,4.316997737673623,4.160090523109943,-0.15690721456367987
3780.39998808,4.321685419078516,4.16483273266783,-0.15685268641068692
3780.59999784,4.326391958147911,4.1695719576956805,-0.15682000045223116
3780.8000076000003,4.331103400781599,4.174311874428831,-0.15679152635276783
3780.9999868800005,4.3358187340744605,4.179050688802483,-0.15676804527197777
3781.1999966400003,4.340553811887978,4.183785525681095,-0.15676828620688243
3781.4000064,4.345355382033163,4.188508735076883,-0.15684664695627987
3781.59998568,4.350307521387863,4.193227616940945,-0.15707990444691852
3781.7999954399997,4.35544841818138,4.197962510194706,-0.15748590798667444
3782.0000052000005,4.360694643535704,4.202750475548187,-0.157944167987518
3782.2000149600003,4.365949989519569,4.20762438162941,-0.1583256078901589
3782.39999424,4.371207966599697,4.212588712525384,-0.15861925407431368
3782.600004,4.376488026547545,4.217637170289348,-0.15885085625819675
3782.8000137600006,4.381798782807823,4.222717598592711,-0.15908118421511258
3782.99999304,4.387123732368371,4.227798489662471,-0.15932524270590023
3783.2000028,4.3924218374327895,4.23285733602339,-0.15956450140940026
3783.40001256,4.397663257294093,4.237917501339269,-0.15974575595482438
3783.5999918400003,4.4028523007669955,4.243006638922346,-0.15984566184464843
3783.8000016,4.408006633326646,4.248092765931998,-0.1599138673946485
3784.0000113600004,4.413140370916323,4.253168096804053,-0.15997227411226927
3784.1999906400006,4.418271266979421,4.258235598893077,-0.16003566808634345
3784.4000004000004,4.423383821171386,4.263293015868396,-0.16009080530298966
3784.6000101600002,4.428442926512675,4.268326080580004,-0.16011684593267086
3784.79998944,4.433463215023891,4.273337318305438,-0.16012589671845362
3784.9999992,4.438456024176084,4.2783348698396075,-0.16012115433647578
3785.2000089600006,4.443370572442354,4.283299908954189,-0.16007066348816454
3785.3999882400003,4.448186413484022,4.288231636879499,-0.15995477660452295
3785.599998,4.452968369372078,4.293148986184597,-0.1598193831874812
3785.80000776,4.457754836539274,4.298038691437716,-0.1597161451015584
3785.99998704,4.462516746593782,4.302881221885974,-0.1596355247078091
3786.1999968,4.467246920843018,4.307689620700959,-0.1595573001420591
3786.4000065600003,4.471976997020978,4.312491493227415,-0.1594855037935637
3786.5999858400005,4.476716354117215,4.317276725928583,-0.15943962818863336
3786.7999956000003,4.481447803293164,4.322042400198501,-0.15940540309466328
3787.00000536,4.48618945188282,4.326801256500966,-0.15938819538185373
3787.2000151200004,4.491006615362433,4.331549927102499,-0.1594566882599341
3787.3999943999997,4.495917374941511,4.336293421818809,-0.15962395312270242
3787.6000041600005,4.500858402454906,4.341053659076794,-0.1598047433781121
3787.8000139200003,4.505775892859724,4.345857162755997,-0.1599187301037265
3787.9999932,4.5106447823815,4.350708024477247,-0.15993675790425296
3788.20000296,4.515423109631987,4.355584707790697,-0.1598384018412903
3788.4000127200006,4.520102090670137,4.360453703075279,-0.1596483875948582
3788.5999920000004,4.524724564608713,4.365288293666283,-0.15943627094243001
3788.80000176,4.529340780024028,4.370084637674046,-0.1592561423499817
3789.00001152,4.533980336405327,4.374848646323682,-0.15913169008164574
3789.1999908000003,4.53865223073943,4.379589976690484,-0.1590622540489463
3789.40000056,4.543380345491667,4.384319226111466,-0.1590611193802012
3789.6000103200004,4.5481982935415655,4.389030000821614,-0.15916829271995184
3789.7999896000006,4.553102973627566,4.393767862553524,-0.1593351110740425
3789.9999993600004,4.558058025334786,4.398550638522988,-0.15950738681179752
3790.2000091200002,4.56302445331114,4.403352203276974,-0.15967225003416557
3790.3999884,4.567974827651714,4.4081897129447,-0.15978511470701454
3790.59999816,4.5728915334862466,4.413066593327588,-0.15982494015865867
3790.8000079200006,4.577745571769273,4.417970683969115,-0.159774887800158
3790.9999872000003,4.582499637316546,4.422870528155673,-0.1596291091608731
3791.19999696,4.587144195333413,4.427746406360953,-0.15939778897245974
3791.40000672,4.5917407964915995,4.432600308968118,-0.15914048752348217
3791.599986,4.596381312796804,4.437414768789525,-0.15896654400727805
3791.79999576,4.601086969224627,4.442170327636957,-0.15891664158767088
3792.0000055200003,4.605814985905589,4.446869927678203,-0.1589450582273854
3792.1999848000005,4.610572679537464,4.451552985963526,-0.15901969357393775
3792.3999945600003,4.615446135935027,4.4562543827210925,-0.1591917532139346
3792.60000432,4.620445613934644,4.460974015618426,-0.15947159831621777
3792.8000140800004,4.625496971644378,4.465721364241525,-0.15977560740285274
3792.9999933600006,4.630560503001682,4.47050532461527,-0.16005517838641256
3793.2000031200005,4.635590971527564,4.475363979476588,-0.16022699205097557
3793.4000128800003,4.640539746672502,4.4803052447808245,-0.16023450189167726
3793.59999216,4.645400105292671,4.485281481123354,-0.16011862416931708
3793.80000192,4.650136556104187,4.49026113475109,-0.159875421353098
3794.00001168,4.654714033361684,4.495183535777584,-0.15953049758410082
3794.1999909600004,4.659200797325282,4.500049675647385,-0.15915112167789694
3794.40000072,4.66373855571208,4.504865860843628,-0.15887269486845285
3794.60001048,4.66842136153035,4.509604355178855,-0.15881700635149515
3794.7999897600002,4.6732091584587,4.514297490947879,-0.15891166751082147
3794.99999952,4.678038286635151,4.519010741176956,-0.1590275454581948
3795.2000092800004,4.682930376576997,4.523794851268047,-0.1591355253089508
3795.3999885600006,4.687891635171358,4.528645817510943,-0.15924581766041368
3795.5999983200004,4.69286777220499,4.5335249083919775,-0.15934286381301282
3795.80000808,4.697810859215361,4.538391573881891,-0.15941928533346952
3795.99998736,4.702725933273423,4.543259350486425,-0.1594665827869987
3796.19999712,4.707661468794799,4.548147692593328,-0.1595137762014717
3796.40000688,4.712629171697878,4.553048065527264,-0.15958110617061425
3796.5999861600003,4.717617003560463,4.557944989712248,-0.15967201384821442
3796.79999592,4.722598044158379,4.562833834486917,-0.15976420967146102
3797.00000568,4.727517986345337,4.567721743520209,-0.15979624282512814
3797.19998496,4.732354811443843,4.572604189031096,-0.15975062241274676
3797.3999947200004,4.737155695090039,4.577460645173508,-0.15969504991653188
3797.6000044800003,4.742006104735476,4.582251391239093,-0.1597547134963833
3797.80001424,4.7469778285612545,4.586989678006349,-0.15998815055490564
3797.9999935200003,4.752086465835102,4.591735124201489,-0.16035134163361323
3798.20000328,4.757238935040325,4.596512389374843,-0.16072654566548206
3798.4000130400004,4.762306964868619,4.601315444101527,-0.1609915207670927
3798.5999923200006,4.76724939664564,4.606171896522692,-0.1610775001229476
3798.8000020800005,4.772105494425643,4.611115108498007,-0.16099038592763618
3799.0000118400003,4.776923050190388,4.616107693469496,-0.1608153567208927
3799.19999112,4.781716436330126,4.621093409496779,-0.16062302683334703
3799.40000088,4.786475933893769,4.626018476503382,-0.16045745739038755
3799.60001064,4.79120846185387,4.630868451951218,-0.16034000990265235
3799.7999899200004,4.795942523907731,4.635660661811647,-0.16028186209608336
3799.99999968,4.800689370275525,4.640405468958149,-0.16028390131737663
3800.20000944,4.805445337272885,4.645136979153711,-0.1603083581191739
3800.3999887200002,4.810211071524666,4.6498802733258255,-0.16033079819884058
3800.59999848,4.814990183345438,4.654632004121287,-0.1603581792241512
3800.8000082400004,4.819778808080929,4.659376496172873,-0.1604023119080551
3800.9999875200006,4.824565624445876,4.664108019026706,-0.16045760541917012
3801.1999972800004,4.829352385826929,4.668837490606923,-0.1605148952200059
3801.40000704,4.834144148843549,4.673567227048113,-0.16057692179543617
3801.59998632,4.838939005828391,4.678304874547814,-0.1606341312805768
3801.7999960800003,4.843731161130164,4.683060670949836,-0.1606704901803285
3802.00000584,4.84851988393693,4.687828890609405,-0.16069099332752546
3802.1999851200003,4.853302974160946,4.6925962058460815,-0.1607067683148645
3802.39999488,4.858069532857155,4.697358035951078,-0.1607114969060775
3802.60000464,4.862832757129653,4.702108771671587,-0.16072398545806668
3802.8000144000002,4.867617557085004,4.706841864689163,-0.16077569239584077
3802.9999936800004,4.872414277140322,4.711572650433336,-0.16084162670698576
3803.2000034400003,4.877199273238233,4.716321606052991,-0.1608776671852423
3803.4000132,4.881972991138295,4.72108958207357,-0.16088340906472504
3803.5999924800003,4.886762160855411,4.725861745920546,-0.1609004149348652
3803.80000224,4.8915783436221565,4.730636958714274,-0.16094138490788265
3804.0000120000004,4.896394232175057,4.735410826979366,-0.16098340519569068
3804.19999128,4.901184970793606,4.740181863896125,-0.1610031068974808
3804.40000104,4.905972026388515,4.744951842640599,-0.16102018374791555
3804.6000108,4.910786541943405,4.749725967648004,-0.16106057429540063
3804.79999008,4.915618366168555,4.7545006682000235,-0.1611176979685314
3804.99999984,4.920443767636152,4.759258579315615,-0.1611851883205371
3805.2000096,4.925253477698056,4.764012792835605,-0.1612406848624507
3805.3999888800004,4.930036665978412,4.768778194144513,-0.1612584718338987
3805.59999864,4.93479989025091,4.773562865773075,-0.16123702447783575
3805.8000084,4.939564095236264,4.778356477954752,-0.16120761728151237
3805.9999876800002,4.944333065347275,4.783137384317646,-0.16119568102962897
3806.1999974400005,4.949114628950199,4.787900205413103,-0.161214423537096
3806.4000072000003,4.9539080591786755,4.792654592707093,-0.16125346647158265
3806.5999864800006,4.958752630728066,4.797401792979928,-0.16135083774813824
3806.7999962400004,4.963776136192665,4.802135356486009,-0.161640779706656
3807.000006,4.969059334421654,4.806875595149461,-0.16218373927219212
3807.19998528,4.974510580548534,4.811624567596646,-0.16288601295188815
3807.3999950400002,4.97999227505968,4.816379964435681,-0.1636123106239997
3807.6000048,4.9854523938879725,4.821171834736792,-0.1642805591511801
3807.80001456,4.990886621896854,4.82602123666012,-0.16486538523673358
3807.99999384,4.996311098642842,4.830925068306353,-0.16538603033648897
3808.2000036,5.001746503507151,4.83584822576436,-0.16589827774279192
3808.4000133600002,5.007191029001038,4.840766014842588,-0.16642501415845007
3808.5999926400004,5.012623938592292,4.845683064826095,-0.16694087376619782
3808.8000024000003,5.018026783789768,4.8506129107656255,-0.16741387302414235
3809.00001216,5.0234111915855415,4.855569130472375,-0.16784206111316663
3809.1999914400003,5.028797426358809,4.860546296599592,-0.1682511297592167
3809.4000012,5.034189483714862,4.8655059290291325,-0.16868355468573049
3809.6000109600004,5.039591740484636,4.87042537056115,-0.16916636992348638
3809.79999024,5.044998665145696,4.875318619752274,-0.16968004539342132
3810.0,5.050399254703602,4.8801958457600785,-0.17020340894352365
3810.20000976,5.055800334617935,4.885082678573255,-0.1707176560446797
3810.39998904,5.061215397955253,4.889992037158713,-0.17122336079654096
3810.5999988000003,5.066639230407869,4.89492371024991,-0.17171552015795932
3810.80000856,5.072057668939761,4.899882406414023,-0.17217526252573823
3810.9999878400004,5.077461749966965,4.904892629287814,-0.17256912067915126
3811.1999976,5.082846550047882,4.909946495802325,-0.1729000542455567
3811.40000736,5.088214089582525,4.915006194862313,-0.17320789472021256
3811.59998664,5.093572182186123,4.920037142090392,-0.17353504009573162
3811.7999964000005,5.098930404948642,4.9250219391540675,-0.17390846579457447
3812.0000061600003,5.104299905908997,4.929979072256756,-0.17432083365224116
3812.19998544,5.1096789825694096,4.93495375443044,-0.1747252281389693
3812.3999952,5.1150591732999,4.939974967640892,-0.17508420565900765
3812.6000049599998,5.120444659879816,4.945000919556726,-0.17544374032308999
3812.8000147200005,5.12584515136646,4.949999719709269,-0.17584543165719135
3812.9999940000002,5.1312570769008765,4.954985247185303,-0.17627182971557323
3813.20000376,5.136662766165634,4.959977674876215,-0.17668509128941967
3813.40001352,5.142053058238547,4.964982878420469,-0.17707017981807888
3813.5999928,5.1474443919415105,4.969995232371635,-0.17744915956987534
3813.80000256,5.152831839947139,4.97504768514097,-0.17778415480616874
3814.00001232,5.158194377846226,4.980168586592428,-0.17802579125379864
3814.1999916000004,5.163554627689311,4.985361550306322,-0.17819307738298829
3814.4000013600003,5.168913635022102,4.9905958169469,-0.17831781807520147
3814.60001112,5.174240867258344,4.995778277927511,-0.17846258933083434
3814.7999904,5.179543459973314,5.000865274904042,-0.17867818506927322
3815.0000001600006,5.184847155101027,5.005879390518177,-0.1789677645828491
3815.2000099200004,5.1901584997889945,5.010851909805205,-0.17930658998379018
3815.3999892,5.195484527969299,5.01584728326526,-0.17963724470403883
3815.59999896,5.20081607534211,5.0209149264541875,-0.179901148887923
3815.80000872,5.206122222251939,5.026028609842435,-0.18009361240950414
3815.999988,5.21142432468522,5.031135571765046,-0.18028875292017404
3816.1999977600003,5.216756656628329,5.036220222319005,-0.1805364343093233
3816.40000752,5.222100462911845,5.041292652602778,-0.18080781030906642
3816.5999868000004,5.227423549401952,5.046343756490218,-0.1810797929117335
3816.79999656,5.232735678660205,5.051367444977766,-0.18136823368243965
3817.00000632,5.238054574837169,5.056378469947159,-0.18167610489000938
3817.1999856,5.243365698453758,5.061369815391471,-0.18199588306228723
3817.3999953600005,5.248670374294314,5.066343635729041,-0.1823267385652736
3817.6000051200003,5.253997704601843,5.071329056156138,-0.18266864844570496
3817.80001488,5.259358084932634,5.076354086094951,-0.18300399883768242
3817.99999416,5.264731572381648,5.081420313128007,-0.18331125925364158
3818.2000039199997,5.270107349904285,5.086516414839104,-0.18359093506518193
3818.4000136800005,5.27547763543495,5.091609761079433,-0.18386787435551732
3818.5999929600002,5.280834943587814,5.09668115618348,-0.18415378740433416
3818.80000272,5.286181593938614,5.101753821288682,-0.18442777264993265
3819.00001248,5.291517652590565,5.106853469660903,-0.18466418292966205
3819.19999176,5.29683358096783,5.111967811922351,-0.18486576904547866
3819.4000015200004,5.302150417647806,5.117076604114023,-0.18507381353378297
3819.60001128,5.3074903010798975,5.122186094508804,-0.18530420657109375
3819.7999905600004,5.312843392810139,5.127274779184467,-0.1855686136256717
3820.0000003200003,5.3182098535606395,5.132350452951749,-0.1858594006088907
3820.20001008,5.323587200223847,5.1374292469741345,-0.1861579532497125
3820.39998936,5.328952156771255,5.142504418580435,-0.1864477381908195
3820.5999991200006,5.334307143181359,5.147570547410431,-0.18673659577092902
3820.8000088800004,5.3396757615001444,5.152607727825474,-0.18706803367467037
3820.99998816,5.3450420908363165,5.157628405977795,-0.18741368485852145
3821.19999792,5.35039609653354,5.1626430305000355,-0.1877530660335049
3821.40000768,5.355758732503901,5.1676440022143755,-0.18811473028952536
3821.59998696,5.361129082150037,5.172633124917495,-0.18849595723254234
3821.7999967200003,5.366487304912556,5.177626557077447,-0.188860747835109
3822.00000648,5.371834151405928,5.182640212402055,-0.18919393900387269
3822.1999857600003,5.37719361679829,5.18765730500457,-0.18953631179372035
3822.39999552,5.382570375033784,5.192679846270563,-0.18989052876322066
3822.60000528,5.387945367986135,5.197724540932885,-0.1902208270532498
3822.8000150400003,5.393303394606082,5.202790350570717,-0.19051304403536581
3822.9999943200005,5.39863618867388,5.207855044843256,-0.19078114383062442
3823.2000040800003,5.4039503774291315,5.212912937589818,-0.19103743983931282
3823.40001384,5.409253287986534,5.2179739816550175,-0.19127930633151624
3823.59999312,5.414557351546608,5.223032739468135,-0.19152461207847296
3823.8000028800006,5.419865263739602,5.228082647629641,-0.19178261610996164
3824.0000126400005,5.4251649379445785,5.233125917358111,-0.19203902058646827
3824.1999919200002,5.430450468856335,5.238168389061879,-0.19228207979445625
3824.40000168,5.435731313374467,5.243214472500464,-0.19251684087400325
3824.60001144,5.4410176498845955,5.248266068601887,-0.1927515812827088
3824.79999072,5.446325439585614,5.253313740178403,-0.19301169940721058
3825.0000004800004,5.451655221675296,5.258361003588701,-0.19329421808659472
3825.20001024,5.456973725567115,5.263433417239133,-0.1935403083279822
3825.3999895200004,5.46227396492993,5.268551901444361,-0.1937220634855684
3825.5999992800002,5.467576287059619,5.273708297142496,-0.1938679899171237
3825.80000904,5.472877628476451,5.278862385620413,-0.1940152428560378
3825.99998832,5.478178456177295,5.284002737543047,-0.1941757186342478
3826.1999980800006,5.4834808763782945,5.28911297229834,-0.19436790407995413
3826.4000078400004,5.488775647018989,5.294201712391417,-0.19457393462757114
3826.59998712,5.494058824578577,5.299312873854136,-0.19474595072444062
3826.79999688,5.499331431108715,5.3044492859128045,-0.1948821451959107
3827.00000664,5.504627574747408,5.309583816029347,-0.19504375871806032
3827.19998592,5.5099798820269275,5.314699168262104,-0.19528071376482398
3827.3999956800003,5.515371056741423,5.319796220878094,-0.19557483586332947
3827.60000544,5.520737713634495,5.324871754327129,-0.19586595930736606
3827.8000152,5.526043075974039,5.329914065175224,-0.1961290107988147
3827.99999448,5.531293208546955,5.334934640141681,-0.19635856840527338
3828.2000042400005,5.536522075283707,5.33995801108799,-0.19656406419571676
3828.4000140000003,5.541758591580728,5.344982758939534,-0.19677583264119364
3828.5999932800005,5.5470079397029215,5.350010040612107,-0.19699789909081442
3828.8000030400003,5.552285449797343,5.355040662444104,-0.19724478735323903
3829.0000128,5.557570805594615,5.360065199644259,-0.19750560595035552
3829.19999208,5.562823291519686,5.365088851420059,-0.1977344400996268
3829.4000018400006,5.568040095488316,5.370121052466928,-0.1979190430213874
3829.6000116000005,5.573227478071229,5.375155901204494,-0.19807157686673477
3829.79999088,5.578416423487779,5.380197482186923,-0.19821894130085596
3830.00000064,5.5836588240619385,5.385241635327028,-0.19841718873491046
3830.2000104,5.588939864722642,5.390276199084314,-0.1986636656383276
3830.39998968,5.594227160648535,5.395308433852816,-0.198918726795719
3830.5999994400004,5.59955439288479,5.4003430061902495,-0.19921138669454028
3830.8000092,5.604924776486716,5.405379122990749,-0.1995456534959674
3830.9999884800004,5.610273259568963,5.410423662679283,-0.19984959688968026
3831.1999982400002,5.6155691089938,5.415498062715537,-0.2000710462782625
3831.400008,5.6208546609336425,5.420615301248857,-0.20023935968478582
3831.59998728,5.626177747423737,5.425754388035079,-0.20042335938865785
3831.7999970400006,5.631537539326838,5.430896286036363,-0.20064125329047536
3832.0000068000004,5.636871440410505,5.436038568043512,-0.20083287236699368
3832.19998608,5.642129221377953,5.44118038138308,-0.20094883999487292
3832.39999584,5.647358578471122,5.446331220160304,-0.20102735831081867
3832.6000056000003,5.652615983951998,5.451516672787519,-0.20109931116447877
3832.79998488,5.65789425869457,5.456734305704268,-0.20115995299030281
3832.9999946400003,5.663157646523871,5.461957141523122,-0.20120050500074868
3833.2000044,5.668398576028745,5.467174791059461,-0.20122378496928514
3833.40001416,5.673625873624916,5.472386992096761,-0.20123888152815494
3833.59999344,5.678848746535226,5.477596455820315,-0.2012522907149112
3833.8000032000004,5.684113115077382,5.482807726704384,-0.20130538837299775
3834.0000129600003,5.689429559472204,5.488020918918465,-0.20140864055373892
3834.1999922400005,5.6947499984411225,5.493234083213956,-0.2015159152271664
3834.4000020000003,5.700041140444248,5.4984507990065055,-0.20159034143774213
3834.60001176,5.705320710035667,5.503669345920757,-0.20165136411490944
3834.79999104,5.7106131048912445,5.508886590864202,-0.2017265140270423
3835.0000008,5.715920919012942,5.5141038616532665,-0.20181705735967495
