status,scenario_id,realisation_id,schedule_id,seed,k_median_mD,V_DP,phi_mean,h_total_m,r_e_m,n_g,n_a,krg0,S_ar,mu_g_cP,rho_g,n_layers,k_geom_mean_m2,k_arith_mean_m2,k_harm_mean_m2,k_min_layer_m2,k_max_layer_m2,V_DP_layers,CV_k_layers,kh_total,q_ref_kg_s,endpoint_mobility_ratio,q1_kg_s,q2_kg_s,q3_kg_s,q4_kg_s,planned_mass_kg,rom_dp_bh_max_Pa,rom_r_fill_max_m,rom_max_layer_share,r_plume_m95_m,r_plume_m50_m,dp_bh_max_Pa,p_bh_max_Pa,dp_cell_max_Pa,r_plume_max_m,r_plume_end_m,r_plume_layer_max_m,r_plume_layer_min_m,r_plume_spread_m,mass_injected_kg,mass_retained_kg,mass_lost_kg,retention_fraction,sweep_efficiency,storage_efficiency,sg_max,sg_min,mass_balance_error,n_steps,n_clipped,max_clip,wall_time_s,max_bhp_spread_Pa,max_rate_rel_err,n_steps_layer_closed,sg_threshold,p_limit_Pa,p_limit_exceeded,p_margin_Pa,final_Sg_profile,log10_k_mD,kh_mD_m,log10_kh,pore_volume_m3,log10_pv,q_mean_kg_s,q_max_kg_s,q_cv,q_front_load,q_ramp,mobility_ratio,log10_mobility_ratio,dimensionless_mass,injectivity_index,log10_injectivity,aspect_ratio,log10_q_ref,q_mult_mean,q_mult_max,log10_q_mult_mean,r_fill_est_m,r_fill_over_re,log10_k_arith_mD,log10_k_harm_mD,log10_k_min_layer_mD,log10_k_max_layer_mD,log10_kh_realised,log10_rom_dp_MPa,dp_bh_max_MPa,p_bh_max_MPa,mass_retained_Mt,mass_injected_Mt,mass_lost_Mt,set
ok,R20000_S+00,20000,0,20262205,14.20436272104565,0.3677577165588542,0.18008559598254964,36.26051956627437,3901.8159819044536,1.7885356170612967,2.3944893936896676,0.2262529229453863,0.26683376792666524,0.0690121947852836,711.2585810983155,4,1.7319995977205167e-14,2.0459845862517036e-14,1.5373933971715932e-14,1.059740876501059e-14,4.319558553980146e-14,0.4639639222754123,0.7450864075703139,7.418846412207569e-13,1.4391032582361787,1.967069069308602,2.7313557039337732,2.069927769112636,2.405050260185481,3.736723177152308,431670765.9439255,9096577.206911867,267.82880669325704,0.4687899924944479,314.79569189685014,166.30599120424898,8848502.878939517,23848502.878939517,7694566.510622423,362.49735648165034,362.49735648165034,362.49735648165034,222.6781829599341,139.81917352171624,431670765.9439261,431670765.94392556,0.0,0.9999999999999988,0.004698980873432862,0.0018918756626064436,0.5745945710462288,0.0,1.24271052223212e-15,1247,0,0.0,0.8285340370002814,0.0,4.768618408941445e-15,0,0.05,24000000.0,False,151497.12106048316,0.50631;0.50659;0.50749;0.50875;0.51050;0.51293;0.51632;0.52104;0.52530;0.52843;0.53200;0.53660;0.54721;0.56228;0.54717;0.49276;0.33503;0.09415;0.00729;0.00000;0.00000;0.00000;0.00000;0.00000,1.1524217538673471,515.057572372934,2.711855776548771,312317586.1398229,8.494596439396542,2.7357642275960496,3.736723177152308,0.22788062296920442,0.4387515766723579,0.3674905399658521,1.967069069308602,0.2938196094836272,0.0019432500137936087,7463.283467152774,3.8729299371158126,107.60507650126179,0.15809195646148985,1.901020105359993,2.5965636279165833,0.2789867100273201,200.87685298094644,0.05148291306216333,1.3166189553294854,1.1925016092876364,1.030916284104552,1.6411559632471937,2.8760529780109096,0.9588780099276356,8.848502878939517,23.848502878939517,0.43167076594392556,0.4316707659439261,0.0,shift
ok,R20000_S+01,20000,1,20262205,14.20436272104565,0.3677577165588542,0.18008559598254964,36.26051956627437,3901.8159819044536,1.7885356170612967,2.3944893936896676,0.2262529229453863,0.26683376792666524,0.0690121947852836,711.2585810983155,4,1.7319995977205167e-14,2.0459845862517036e-14,1.5373933971715932e-14,1.059740876501059e-14,4.319558553980146e-14,0.4639639222754123,0.7450864075703139,7.418846412207569e-13,1.4391032582361787,1.967069069308602,0.48551155015074204,0.284357597148418,0.22755846569887914,0.3151141558021252,51775835.153860085,955432.8250912566,91.623979862574,0.4574120368241258,107.06179114450903,56.67970434558225,900252.3598990906,15900252.35989909,710290.8832952417,123.89272566566181,123.89272566566181,123.89272566566181,76.80374285556742,47.08898281009439,51775835.153860055,51775835.15386005,0.0,0.9999999999999999,0.0005518287436967131,0.00023233328494551696,0.6462716720365731,0.0,1.43900732354838e-16,214,0,0.0,0.1396008299998357,0.0,1.8847673987207152e-14,0,0.05,24000000.0,False,8099747.640100909,0.63652;0.63664;0.63705;0.63761;0.63839;0.63948;0.64100;0.64311;0.64282;0.62921;0.59974;0.55287;0.47891;0.27181;0.07765;0.00151;0.00000;0.00000;0.00000;0.00000;0.00000;0.00000;0.00000;0.00000,1.1524217538673471,515.057572372934,2.711855776548771,312317586.1398229,8.494596439396542,0.3281354422000411,0.48551155015074204,0.29297855915517995,0.5865483031468947,-0.5192898188813677,1.967069069308602,0.2938196094836272,0.0002330790044512396,7463.283467152774,3.8729299371158126,107.60507650126179,0.15809195646148985,0.22801382758469796,0.33737089216642036,-0.6420388150099022,69.56921988243515,0.017829959230542394,1.3166189553294854,1.1925016092876364,1.030916284104552,1.6411559632471937,2.8760529780109096,-0.01979984206552794,0.9002523598990906,15.90025235989909,0.05177583515386005,0.051775835153860056,0.0,shift
ok,R20000_S+02,20000,2,20262205,14.20436272104565,0.3677577165588542,0.18008559598254964,36.26051956627437,3901.8159819044536,1.7885356170612967,2.3944893936896676,0.2262529229453863,0.26683376792666524,0.0690121947852836,711.2585810983155,4,1.7319995977205167e-14,2.0459845862517036e-14,1.5373933971715932e-14,1.059740876501059e-14,4.319558553980146e-14,0.4639639222754123,0.7450864075703139,7.418846412207569e-13,1.4391032582361787,1.967069069308602,0.4616510337594132,1.4466518679672415,1.8576919185214857,1.6947711854221457,215410836.62567577,4267663.287087043,190.25566355931937,0.47404987603873044,224.536569313977,116.88711979245976,3937723.7491379455,18937723.749137945,3506442.071017429,261.9705981508009,261.9705981508009,261.9705981508009,158.16743842790285,103.80315972289807,215410836.6256761,215410836.62567613,0.0,1.0000000000000002,0.002405254276922553,0.0009565775582739634,0.5932449120167953,0.0,1.3835108230642746e-16,548,0,0.0,0.4383311799992953,0.0,1.0356563427975142e-14,0,0.05,24000000.0,False,5062276.2508620545,0.55732;0.55753;0.55823;0.55920;0.56054;0.56242;0.56502;0.56865;0.57158;0.57454;0.57846;0.58469;0.58433;0.55473;0.48921;0.30997;0.09352;0.00368;0.00000;0.00000;0.00000;0.00000;0.00000;0.00000,1.1524217538673471,515.057572372934,2.711855776548771,312317586.1398229,8.494596439396542,1.3651915014175715,1.8576919185214857,0.3968693653781144,0.34945699920947604,0.9032580047431439,1.967069069308602,0.2938196094836272,0.000969713828845462,7463.283467152774,3.8729299371158126,107.60507650126179,0.15809195646148985,0.9486404075624175,1.2908677038215768,-0.022898380414030795,141.90161907018194,0.036368096221934224,1.3166189553294854,1.1925016092876364,1.030916284104552,1.6411559632471937,2.8760529780109096,0.6301901468516105,3.9377237491379455,18.937723749137945,0.21541083662567612,0.2154108366256761,0.0,shift
ok,R20001_S+00,20001,0,20263205,11.719064737817495,0.2667350144636272,0.2067991058182801,58.33476076934916,2190.5028938640976,2.6158093876253186,2.9566631295929007,0.32878898969446163,0.2496879856902275,0.05647777505543257,712.9124519355053,4,1.2024025277553413e-14,1.2873516623897234e-14,1.1252282216662432e-14,7.295474696867555e-15,2.0444864751844182e-14,0.3470335752848168,0.43078865164055835,7.509735125152845e-13,1.5356004588543393,3.4929384810760413,3.6232443311990337,2.5023569447228864,1.6013626035160917,0.9202613075786491,341107091.9522462,7061964.503143738,147.90526348974194,0.3353798202939612,175.68900203592693,111.01123551997975,7280706.109208159,22280706.10920816,5628603.11209622,210.0754064148211,210.0754064148211,210.0754064148211,158.73505037714645,51.34035603767464,341107091.952246,341107091.95224607,0.0,1.0000000000000002,0.0070731343885489075,0.002550317459423306,0.5206469953240742,0.0,1.74738802509961e-16,655,0,0.0,0.452174494999781,0.0,8.735115469134938e-15,0,0.05,24000000.0,False,1719293.8907918409,0.50375;0.50385;0.50416;0.50460;0.50521;0.50607;0.50725;0.50890;0.51050;0.51205;0.51125;0.51271;0.51533;0.50809;0.46678;0.33157;0.02382;0.00000;0.00000;0.00000;0.00000;0.00000;0.00000;0.00000,1.068892953370424,683.6288379210991,2.8348203745370584,181850128.7839751,8.259713612952732,2.161806296754165,3.6232443311990337,0.4687397755228545,0.7083892397204108,-1.2503354383224652,3.4929384810760413,0.5431909367500188,0.0026311216954112565,12104.386853946033,4.082942795207569,37.550559305885656,0.18627823321736378,1.4077921664382786,2.359496775549427,0.14853854427247545,129.71594048556148,0.05921742484290426,1.1154137959331574,1.0569572138662642,0.8687701532869462,1.316300839694822,2.881341217099792,0.8489255302580123,7.280706109208159,22.280706109208158,0.3411070919522461,0.34110709195224603,0.0,shift
ok,R20001_S+01,20001,1,20263205,11.719064737817495,0.2667350144636272,0.2067991058182801,58.33476076934916,2190.5028938640976,2.6158093876253186,2.9566631295929007,0.32878898969446163,0.2496879856902275,0.05647777505543257,712.9124519355053,4,1.2024025277553413e-14,1.2873516623897234e-14,1.1252282216662432e-14,7.295474696867555e-15,2.0444864751844182e-14,0.3470335752848168,0.43078865164055835,7.509735125152845e-13,1.5356004588543393,3.4929384810760413,1.0613037145843778,0.9046354069718765,0.5471057096494182,0.03127199317278344,100365665.77125695,2153086.980910238,81.51367540743396,0.34620728262046463,95.98713475285346,59.75823305477615,2245448.9573758394,17245448.95737584,1688161.2078412548,111.46358898588753,111.46358898588753,111.46358898588753,83.47992748410715,27.983661501780375,100365665.77125691,100365665.77125692,0.0,1.0000000000000002,0.001776117147208265,0.0007669464119104625,0.5679489175052771,0.0,1.4846871267519759e-16,282,0,0.0,0.1768180039998697,0.0,6.210076945162649e-14,11,0.05,24000000.0,False,6754551.042624161,0.56128;0.56133;0.56150;0.56175;0.56208;0.56255;0.56321;0.56411;0.56490;0.56568;0.55740;0.52591;0.47802;0.37446;0.06246;0.00000;0.00000;0.00000;0.00000;0.00000;0.00000;0.00000;0.00000;0.00000,1.068892953370424,683.6288379210991,2.8348203745370584,181850128.7839751,8.259713612952732,0.636079206094614,1.0613037145843778,0.6222573968497735,0.7726785841761307,-1.61934506197076,3.4929384810760413,0.5431909367500188,0.0007741682507208575,12104.386853946033,4.082942795207569,37.550559305885656,0.18627823321736378,0.41422181298980054,0.6911327151961008,-0.38276703482048013,70.36238619576628,0.032121567331803616,1.1154137959331574,1.0569572138662642,0.8687701532869462,1.316300839694822,2.881341217099792,0.33306157490769933,2.245448957375839,17.24544895737584,0.10036566577125693,0.10036566577125691,0.0,shift
ok,R20001_S+02,20001,2,20263205,11.719064737817495,0.2667350144636272,0.2067991058182801,58.33476076934916,2190.5028938640976,2.6158093876253186,2.9566631295929007,0.32878898969446163,0.2496879856902275,0.05647777505543257,712.9124519355053,4,1.2024025277553413e-14,1.2873516623897234e-14,1.1252282216662432e-14,7.295474696867555e-15,2.0444864751844182e-14,0.3470335752848168,0.43078865164055835,7.509735125152845e-13,1.5356004588543393,3.4929384810760413,0.15212413568441155,0.4722467378521832,0.8981237615068287,1.4297552066483479,116457399.50521532,3339937.5266888733,89.70838875418704,0.3613761131243147,104.60055514383976,64.44299733599756,2981237.348941833,17981237.348941833,2638940.520932708,125.50671516453662,125.50671516453662,125.50671516453662,85.00318948131087,40.503525683225746,116457399.5052155,116457399.50521547,0.0,0.9999999999999998,0.002239918281726627,0.0008883958424345981,0.5688870157687459,0.0,2.559075036392224e-16,277,0,0.0,0.12751219399979163,0.0,2.4261727783902312e-14,0,0.05,24000000.0,False,6018762.651058167,0.52980;0.52998;0.53060;0.53145;0.53264;0.53430;0.53660;0.53980;0.54389;0.55439;0.56210;0.53588;0.48926;0.40487;0.12890;0.00052;0.00000;0.00000;0.00000;0.00000;0.00000;0.00000;0.00000;0.00000,1.068892953370424,683.6288379210991,2.8348203745370584,181850128.7839751,8.259713612952732,0.7380624604229429,1.4297552066483479,0.6490942108000456,0.21148984910396412,1.731060905376215,3.4929384810760413,0.5431909367500188,0.0008982914681593457,12104.386853946033,4.082942795207569,37.550559305885656,0.18627823321736378,0.48063443597404687,0.931072401290529,-0.31818511655803994,75.79342250356501,0.034600923247293074,1.1154137959331574,1.0569572138662642,0.8687701532869462,1.316300839694822,2.881341217099792,0.5237383434379009,2.981237348941833,17.981237348941832,0.11645739950521547,0.1164573995052155,0.0,shift
ok,R20002_S+00,20002,0,20264205,10.459093301385854,0.48490032843592296,0.20155004008478467,49.030016954582635,1632.2363951213113,1.6375749564064612,3.4996036902110825,0.5452470920156882,0.2774330410670225,0.04661698479989078,646.4883777970142,4,5.8260995636655375e-15,7.274501993145809e-15,4.410487077079163e-15,1.9282960725891757e-15,1.1752243071991966e-14,0.5682877673261152,0.6456322891789114,3.5666895606008413e-13,0.8345116317034919,7.017790974979132,0.3185129210427469,0.21491413746578664,0.11013282683409904,0.01,25780976.79711083,1453485.1256168433,49.57724252080532,0.36020450498973716,73.23542774212852,42.04174576811472,1098487.328355668,16098487.328355668,914976.6914676931,81.79321785557866,81.79321785557866,81.79321785557866,47.98911868688139,33.80409916869727,25780976.797110826,25780976.797110848,0.0,1.0000000000000009,0.0018366234997944915,0.000479122179098514,0.47537761103581216,0.0,8.66985838693139e-16,177,0,0.0,0.15722899299908022,0.0,9.856745208199017e-14,15,0.05,24000000.0,False,7901512.671644332,0.46581;0.46575;0.46557;0.46531;0.46495;0.46445;0.46377;0.46283;0.45093;0.42006;0.37664;0.32303;0.22872;0.11531;0.00103;0.00000;0.00000;0.00000;0.00000;0.00000;0.00000;0.00000;0.00000;0.00000,1.0194940371820662,512.8095218965101,2.7099560806073266,82710552.09773925,7.917560919776003,0.16338997133565816,0.3185129210427469,0.7050517774702488,0.8161869638447612,-1.8881998602530947,7.017790974979132,0.846200428603661,0.0004821450656075328,11000.486713111302,4.041411900807524,33.290553348845066,-0.07856760560014954,0.19579112516637973,0.3816758316388775,-0.7082069978169544,42.16313270699531,0.025831511191037777,0.8675198649739887,0.6502031516809667,0.2908903144811898,1.0758373631678917,2.557981908399249,0.16241059173384226,1.0984873283556682,16.098487328355667,0.025780976797110847,0.025780976797110826,0.0,shift
ok,R20002_S+01,20002,1,20264205,10.459093301385854,0.48490032843592296,0.20155004008478467,49.030016954582635,1632.2363951213113,1.6375749564064612,3.4996036902110825,0.5452470920156882,0.2774330410670225,0.04661698479989078,646.4883777970142,4,5.8260995636655375e-15,7.274501993145809e-15,4.410487077079163e-15,1.9282960725891757e-15,1.1752243071991966e-14,0.5682877673261152,0.6456322891789114,3.5666895606008413e-13,0.8345116317034919,7.017790974979132,0.5386985644916451,0.49544141408752795,0.37708283113889746,0.18362281564575345,62911875.38372675,2794945.814650178,77.15827647396387,0.3575330363653696,112.92647464067953,65.53667758098742,2096621.6351310834,17096621.635131083,2010756.086717885,124.27380283785719,124.27380283785719,124.27380283785719,74.86750126958295,49.406301568274245,62911875.383726746,62911875.38372676,0.0,1.0000000000000002,0.004257229264642256,0.0011590335157914272,0.44977151782691316,0.0,2.368576854999001e-16,224,0,0.0,0.13899875400056771,0.0,4.294344435808991e-14,0,0.05,24000000.0,False,6903378.364868917,0.43621;0.43626;0.43643;0.43667;0.43699;0.43743;0.43805;0.43890;0.43959;0.44109;0.43095;0.39567;0.34629;0.27705;0.16746;0.02213;0.00000;0.00000;0.00000;0.00000;0.00000;0.00000;0.00000;0.00000,1.0194940371820662,512.8095218965101,2.7099560806073266,82710552.09773925,7.917560919776003,0.3987114063409559,0.5386985644916451,0.34499545296659695,0.6484263819222378,-0.8905582915334269,7.017790974979132,0.846200428603661,0.0011765516304168555,11000.486713111302,4.041411900807524,33.290553348845066,-0.07856760560014954,0.47777812937977243,0.6455255313721603,-0.3207737342577036,65.8642124296349,0.04035212829863393,0.8675198649739887,0.6502031516809667,0.2908903144811898,1.0758373631678917,2.557981908399249,0.4463733926780641,2.0966216351310836,17.096621635131083,0.06291187538372676,0.06291187538372675,0.0,shift
ok,R20002_S+02,20002,2,20264205,10.459093301385854,0.48490032843592296,0.20155004008478467,49.030016954582635,1632.2363951213113,1.6375749564064612,3.4996036902110825,0.5452470920156882,0.2774330410670225,0.04661698479989078,646.4883777970142,4,5.8260995636655375e-15,7.274501993145809e-15,4.410487077079163e-15,1.9282960725891757e-15,1.1752243071991966e-14,0.5682877673261152,0.6456322891789114,3.5666895606008413e-13,0.8345116317034919,7.017790974979132,0.07482448543187815,1.1498973398004264,2.0110708045545005,2.6583448796941007,232506042.3364933,15173927.09836773,152.3164835183193,0.3770017259412631,223.40508483481773,129.654320716091,11540185.82198064,26540185.82198064,10413612.453554198,244.87246948142834,244.87246948142834,244.87246948142834,134.70643675746348,110.16603272396486,232506042.3364933,232506042.3364931,0.0,0.9999999999999991,0.014853551992531364,0.004109597236607093,0.38681808843599164,0.0,8.972509041805816e-16,690,0,0.0,0.3122214269988035,0.0,4.613531507458909e-14,0,0.05,24000000.0,True,-2540185.8219806403,0.32143;0.32162;0.32228;0.32320;0.32446;0.32620;0.32860;0.33191;0.33557;0.33836;0.34221;0.35033;0.35855;0.36218;0.33960;0.25947;0.16343;0.03647;0.00000;0.00000;0.00000;0.00000;0.00000;0.00000,1.0194940371820662,512.8095218965101,2.7099560806073266,82710552.09773925,7.917560919776003,1.4735343773702265,2.6583448796941007,0.6574281314510626,0.2077864358037628,1.7532813851774232,7.017790974979132,0.846200428603661,0.004348230942476903,11000.486713111302,4.041411900807524,33.290553348845066,-0.07856760560014954,1.7657445641138578,3.1855096785980215,0.24692787793949286,126.6194169046918,0.07757419040719354,0.8675198649739887,0.6502031516809667,0.2908903144811898,1.0758373631678917,2.557981908399249,1.1810979932081676,11.540185821980641,26.54018582198064,0.2325060423364931,0.2325060423364933,0.0,shift
ok,R20003_S+00,20003,0,20265205,13.042174015581217,0.32695720818225327,0.14220848880385945,47.49642329752224,1770.5018770665743,2.4347240551351224,3.1940534048512053,0.4577338638222183,0.23836561126809946,0.04872203278745958,633.9115529729954,4,1.1971994599258746e-14,1.3043091613857488e-14,1.1073964281731595e-14,8.085492321857489e-15,2.1565562411403095e-14,0.3762748146384509,0.4879987909286763,6.195002004001378e-13,0.7730103899186783,5.63688135697039,0.2069294656425403,0.12438123839011324,0.08045777646208999,0.07515907985847052,19207831.473253235,690065.2427863163,47.169947093773445,0.30716736004199846,60.37218033302838,38.64172417104815,625788.5219275355,15625788.521927536,617511.1155529153,67.60106394511763,67.60106394511763,67.60106394511763,59.80397843237194,7.797085512745689,19207831.47325324,19207831.47325331,0.0,1.0000000000000038,0.0011622608346936142,0.00045311488674440177,0.5645044540339201,0.0,3.684982126656916e-15,197,0,0.0,0.07652638899890007,0.0,7.260889700794736e-14,0,0.05,24000000.0,False,8374211.4780724645,0.56115;0.56111;0.56098;0.56079;0.56053;0.56018;0.55969;0.55901;0.54539;0.51392;0.47278;0.42320;0.33146;0.00861;0.00000;0.00000;0.00000;0.00000;0.00000;0.00000;0.00000;0.00000;0.00000;0.00000,1.1153499904966908,619.456617763991,2.7920108969502944,66516453.18724636,7.822929083568011,0.12173189008830353,0.2069294656425403,0.43348455992176615,0.6804106627119708,-1.0824639762718251,5.63688135697039,0.7510388940440088,0.00045553377867415027,12714.096319959603,4.104285497252413,37.27653061317854,-0.11181466875434674,0.1574776894022212,0.2676929939639098,-0.8027809660384437,43.299552931051714,0.024456089819453814,1.1210971425141834,1.0500197161599787,0.9134230668031896,1.3394773864250509,2.797758048967787,-0.1611098465923378,0.6257885219275355,15.625788521927536,0.01920783147325331,0.01920783147325324,0.0,shift
ok,R20003_S+01,20003,1,20265205,13.042174015581217,0.32695720818225327,0.14220848880385945,47.49642329752224,1770.5018770665743,2.4347240551351224,3.1940534048512053,0.4577338638222183,0.23836561126809946,0.04872203278745958,633.9115529729954,4,1.1971994599258746e-14,1.3043091613857488e-14,1.1073964281731595e-14,8.085492321857489e-15,2.1565562411403095e-14,0.3762748146384509,0.4879987909286763,6.195002004001378e-13,0.7730103899186783,5.63688135697039,1.3134573126442777,0.9964190844613482,0.5744148220548647,0.04744452542482753,115648179.91665705,4686304.4720929945,117.81388729946447,0.31825614148116077,148.0050062354618,95.18802528118215,4061895.50410033,19061895.50410033,3888177.157711286,169.41090639107784,169.41090639107784,169.41090639107784,147.73095990734592,21.679946483731925,115648179.91665703,115648179.91665706,0.0,1.0000000000000002,0.007452720398814089,0.0026574154448574675,0.49862809425318366,0.0,2.576981532192953e-16,385,0,0.0,0.19901260300139256,0.0,4.9796124027031774e-14,13,0.05,24000000.0,False,4938104.49589967,0.47554;0.47556;0.47562;0.47570;0.47582;0.47597;0.47619;0.47649;0.47505;0.47672;0.48040;0.48941;0.49429;0.46149;0.40662;0.26653;0.00228;0.00000;0.00000;0.00000;0.00000;0.00000;0.00000;0.00000,1.1153499904966908,619.456617763991,2.7920108969502944,66516453.18724636,7.822929083568011,0.7329339361463295,1.3134573126442777,0.6477052327282862,0.787886971522513,-1.7273218291350778,5.63688135697039,0.7510388940440088,0.002742717337330952,12714.096319959603,4.104285497252413,37.27653061317854,-0.11181466875434674,0.9481553491453525,1.6991457421192684,-0.023120500479176583,106.24625847525559,0.0600091193641025,1.1210971425141834,1.0500197161599787,0.9134230668031896,1.3394773864250509,2.797758048967787,0.6708305015580498,4.06189550410033,19.06189550410033,0.11564817991665706,0.11564817991665703,0.0,shift
ok,R20003_S+02,20003,2,20265205,13.042174015581217,0.32695720818225327,0.14220848880385945,47.49642329752224,1770.5018770665743,2.4347240551351224,3.1940534048512053,0.4577338638222183,0.23836561126809946,0.04872203278745958,633.9115529729954,4,1.1971994599258746e-14,1.3043091613857488e-14,1.1073964281731595e-14,8.085492321857489e-15,2.1565562411403095e-14,0.3762748146384509,0.4879987909286763,6.195002004001378e-13,0.7730103899186783,5.63688135697039,1.3497416131597217,0.82998115602855,0.5731172576830745,0.5791499181232952,131437007.36020361,4814477.90078767,124.00197015579657,0.31021452733128047,156.86801450414796,101.27304425893313,4438917.750361152,19438917.750361152,4322921.723530997,179.490875272256,179.490875272256,179.490875272256,159.88731603170027,19.60355924055574,131437007.36020365,131437007.36020365,0.0,1.0,0.00907258012149135,0.003008012564999617,0.4975671008071374,0.0,0.0,420,0,0.0,0.2166621340002166,0.0,1.5110053393804326e-14,0,0.05,24000000.0,False,4561082.249638848,0.46275;0.46281;0.46302;0.46332;0.46373;0.46429;0.46508;0.46616;0.46765;0.47010;0.47502;0.48523;0.49472;0.46996;0.41933;0.32168;0.01504;0.00000;0.00000;0.00000;0.00000;0.00000;0.00000;0.00000,1.1153499904966908,619.456617763991,2.7920108969502944,66516453.18724636,7.822929083568011,0.8329974862486603,1.3497416131597217,0.37915619446695176,0.6541804762834532,-0.9250828577007196,5.63688135697039,0.7510388940440088,0.003117165865589239,12714.096319959603,4.104285497252413,37.27653061317854,-0.11181466875434674,1.0776019276225934,1.7460846979064748,0.03245835958492434,113.26691580816806,0.06397446807333095,1.1210971425141834,1.0500197161599787,0.9134230668031896,1.3394773864250509,2.797758048967787,0.6825491975662676,4.438917750361152,19.438917750361153,0.13143700736020367,0.13143700736020367,0.0,shift
ok,R20004_S+00,20004,0,20266205,11.432763129743385,0.6300004034114861,0.22870396676570212,69.24405070195687,2035.2916230135902,1.8697777059811944,3.5434881362088264,0.473856871688429,0.21788522953910025,0.051299236929097644,676.9875983689304,4,1.4041137324004737e-14,2.114600880319108e-14,7.94971477402371e-15,2.7437882181043466e-15,4.5494424704406425e-14,0.696736615053978,0.8577244889445779,1.4642353057121898e-12,1.6809461408924211,5.542268073227235,1.4777672221321227,5.21677596405632,8.345439679594701,10.863758368747265,1021824880.478521,19524287.725023855,253.4653203529657,0.44326057173140954,335.7446664353456,200.69211875877807,17842879.042931836,32842879.042931836,16478706.123840109,391.7237513070876,391.7237513070876,391.7237513070876,158.97388879125114,232.74986251583644,1021824880.4785228,1021824880.4785222,0.0,0.9999999999999994,0.024355021166739484,0.006653424039764499,0.4296897296190467,0.0,5.833156533385412e-16,1998,0,0.0,1.1824509500002023,0.0,1.072849264778525e-14,0,0.05,24000000.0,True,-8842879.042931836,0.34488;0.34510;0.34582;0.34682;0.34821;0.35015;0.35284;0.35659;0.36099;0.36374;0.36701;0.37177;0.38146;0.38171;0.38151;0.34988;0.27125;0.16538;0.01575;0.00000;0.00000;0.00000;0.00000;0.00000,1.0581512056337836,791.6508298194141,2.898533671337012,206091142.067594,8.314059325918777,6.475935308632602,10.863758368747265,0.5421980119330092,0.2584392395514062,1.4493645626915628,5.542268073227235,0.7436875282862835,0.007323799296051318,15432.019601258018,4.188422766263147,29.3930179182321,0.22555379845556375,3.852553720248587,6.462883077847843,0.5857487032619343,196.9516476450501,0.09676826918465384,1.3309450064370398,0.9060681447519519,0.444067184664045,1.663674775337001,3.171327472140268,1.2905751991314527,17.842879042931838,32.842879042931834,1.0218248804785222,1.0218248804785228,0.0,shift
ok,R20004_S+01,20004,1,20266205,11.432763129743385,0.6300004034114861,0.22870396676570212,69.24405070195687,2035.2916230135902,1.8697777059811944,3.5434881362088264,0.473856871688429,0.21788522953910025,0.051299236929097644,676.9875983689304,4,1.4041137324004737e-14,2.114600880319108e-14,7.94971477402371e-15,2.7437882181043466e-15,4.5494424704406425e-14,0.696736615053978,0.8577244889445779,1.4642353057121898e-12,1.6809461408924211,5.542268073227235,1.8410673260014052,2.8846220986071276,5.771247412280496,10.50094326702151,828303376.458959,17379508.894374754,229.50352731446023,0.4483196554793792,301.89582998446963,180.55743522706197,15527616.022457175,30527616.022457175,14219941.967644602,354.69308696582044,354.69308696582044,354.69308696582044,140.72021418596086,213.97287277985959,828303376.4589641,828303376.4589633,0.0,0.999999999999999,0.018543741773287263,0.0054834080030393955,0.44350202869554056,0.0,1.007438881177626e-15,1473,0,0.0,0.9736448719995678,0.0,1.3395551334949797e-14,0,0.05,24000000.0,True,-6527616.022457175,0.35503;0.35527;0.35602;0.35708;0.35854;0.36058;0.36342;0.36736;0.37170;0.37467;0.37843;0.38643;0.39382;0.39154;0.39069;0.31293;0.25053;0.10961;0.00113;0.00000;0.00000;0.00000;0.00000;0.00000,1.0581512056337836,791.6508298194141,2.898533671337012,206091142.067594,8.314059325918777,5.249470025977635,10.50094326702151,0.6393664400556428,0.22505554852313134,1.6496667088612116,5.542268073227235,0.7436875282862835,0.005936758637728795,15432.019601258018,4.188422766263147,29.3930179182321,0.22555379845556375,3.122925772738126,6.247043264245526,0.4945616618243894,177.32341950104959,0.08712433024142877,1.3309450064370398,0.9060681447519519,0.444067184664045,1.663674775337001,3.171327472140268,1.2400375001059436,15.527616022457176,30.527616022457174,0.8283033764589632,0.8283033764589641,0.0,shift
ok,R20004_S+02,20004,2,20266205,11.432763129743385,0.6300004034114861,0.22870396676570212,69.24405070195687,2035.2916230135902,1.8697777059811944,3.5434881362088264,0.473856871688429,0.21788522953910025,0.051299236929097644,676.9875983689304,4,1.4041137324004737e-14,2.114600880319108e-14,7.94971477402371e-15,2.7437882181043466e-15,4.5494424704406425e-14,0.696736615053978,0.8577244889445779,1.4642353057121898e-12,1.6809461408924211,5.542268073227235,0.017032340363739486,0.32871533514217444,0.501807459927051,0.5256704041922815,54169627.8615971,1018524.604156781,58.049555395542114,0.43857151964332985,77.14538588320569,45.80086204819457,838683.7606843449,15838683.760684345,813561.67313217,90.86055973096843,90.86055973096843,90.86055973096843,34.95421310050804,55.90634663046039,54169627.86159708,54169627.861597106,0.0,1.0000000000000004,0.0012141838594264313,0.0003861142700843702,0.5492711345213713,0.0,4.126249832817753e-16,194,0,0.0,0.0964077479984553,0.0,2.677213835441212e-13,0,0.05,24000000.0,False,8161316.239315655,0.52377;0.52376;0.52372;0.52367;0.52361;0.52351;0.52337;0.52319;0.50642;0.46846;0.41216;0.30291;0.24841;0.09834;0.00062;0.00000;0.00000;0.00000;0.00000;0.00000;0.00000;0.00000;0.00000;0.00000,1.0581512056337836,791.6508298194141,2.898533671337012,206091142.067594,8.314059325918777,0.3433063849063116,0.5256704041922815,0.591686662155823,0.2517777783249418,1.4815863793717368,5.542268073227235,0.7436875282862835,0.0003882538877056302,15432.019601258018,4.188422766263147,29.3930179182321,0.22555379845556375,0.20423401830355425,0.312722931094747,-0.6898719178268058,45.347077985355334,0.02228038354435488,1.3309450064370398,0.9060681447519519,0.444067184664045,1.663674775337001,3.171327472140268,0.007971524568837257,0.8386837606843449,15.838683760684345,0.054169627861597104,0.05416962786159708,0.0,shift
ok,R20005_S+00,20005,0,20267205,12.636910461282012,0.5268650869969121,0.245994300605436,71.77940840627171,2302.3449069927888,2.6317156930511487,2.6645603497854804,0.5149848680363518,0.33672989351886407,0.04939399337135948,689.8404163072539,4,3.307710610230822e-14,3.7631071236045847e-14,2.8045639707320677e-14,1.3647668581709143e-14,5.874639759012518e-14,0.4695386626811866,0.5068252774978952,2.7011360310176393e-12,2.123349500942136,6.255637573150256,2.4870631358752737,2.3419723642761503,1.5491628243199904,0.10863451600679477,255886095.05834392,2232342.1942417533,111.89112194098153,0.32115413739728094,136.7657148391048,86.50553916425639,1892958.9068793207,16892958.90687932,1848813.5845312662,152.73645690861312,152.73645690861312,152.73645690861312,121.96532184451013,30.771135064102992,255886095.05834392,255886095.05834362,0.0,0.9999999999999989,0.003874632356410501,0.0012427734010096014,0.4994645622740091,0.0,1.1646714285471495e-15,249,0,0.0,0.1417737070005387,0.0,3.545669924654998e-14,16,0.05,24000000.0,False,7107041.093120679,0.47924;0.47927;0.47938;0.47953;0.47973;0.48002;0.48042;0.48097;0.48151;0.48521;0.49373;0.48791;0.45371;0.40844;0.33034;0.08654;0.00000;0.00000;0.00000;0.00000;0.00000;0.00000;0.00000;0.00000,1.1016409083114809,907.069956993849,2.95764078294188,294046193.24798477,8.468415561353783,1.6217082101195524,2.4870631358752737,0.5819169079739551,0.7444365561600362,-1.4666193369602174,6.255637573150256,0.7962715794794747,0.001261486160352756,18363.972926307324,4.263966643821494,32.07528395833953,0.3270214844335327,0.7637500135517002,1.1712924013553854,-0.11704876904342722,100.40756094487337,0.04361099878645935,1.5812631792356089,1.4535819482703207,1.1407750653653237,1.7746978379926586,3.437263053866008,0.3487607680791394,1.8929589068793207,16.892958906879322,0.25588609505834364,0.2558860950583439,0.0,shift
ok,R20005_S+01,20005,1,20267205,12.636910461282012,0.5268650869969121,0.245994300605436,71.77940840627171,2302.3449069927888,2.6317156930511487,2.6645603497854804,0.5149848680363518,0.33672989351886407,0.04939399337135948,689.8404163072539,4,3.307710610230822e-14,3.7631071236045847e-14,2.8045639707320677e-14,1.3647668581709143e-14,5.874639759012518e-14,0.4695386626811866,0.5068252774978952,2.7011360310176393e-12,2.123349500942136,6.255637573150256,1.9336447411856619,2.0224529738049197,2.6103094837509158,3.6972142710236486,404869076.11782575,4106563.8829530845,142.37823878917132,0.32865600908726034,175.57052980380163,109.10192301902005,3408043.1019434296,18408043.10194343,3262152.9828280583,196.2798097439648,196.2798097439648,196.2798097439648,145.78197861401645,50.49783112994834,404869076.1178253,404869076.11782545,0.0,1.0000000000000002,0.005931864403464781,0.0019490617992046814,0.4884777261694657,0.0,2.9443910780701083e-16,336,0,0.0,0.30510828000115,0.0,2.1546897598874883e-14,0,0.05,24000000.0,False,5591956.89805657,0.44636;0.44644;0.44670;0.44706;0.44757;0.44827;0.44926;0.45062;0.45228;0.45496;0.46167;0.47753;0.47637;0.43988;0.38847;0.26264;0.01609;0.00000;0.00000;0.00000;0.00000;0.00000;0.00000;0.00000,1.1016409083114809,907.069956993849,2.95764078294188,294046193.24798477,8.468415561353783,2.5659053674412866,3.6972142710236486,0.2739835748250359,0.38544852093820503,0.6873088743707696,6.255637573150256,0.7962715794794747,0.0019959534579672726,18363.972926307324,4.263966643821494,32.07528395833953,0.3270214844335327,1.208423467876008,1.7412179527596303,0.0822191507870144,126.2991353706251,0.05485673974695255,1.5812631792356089,1.4535819482703207,1.1407750653653237,1.7746978379926586,3.437263053866008,0.6134785832325437,3.4080431019434294,18.40804310194343,0.40486907611782547,0.40486907611782535,0.0,shift
ok,R20005_S+02,20005,2,20267205,12.636910461282012,0.5268650869969121,0.245994300605436,71.77940840627171,2302.3449069927888,2.6317156930511487,2.6645603497854804,0.5149848680363518,0.33672989351886407,0.04939399337135948,689.8404163072539,4,3.307710610230822e-14,3.7631071236045847e-14,2.8045639707320677e-14,1.3647668581709143e-14,5.874639759012518e-14,0.4695386626811866,0.5068252774978952,2.7011360310176393e-12,2.123349500942136,6.255637573150256,0.07610868516892327,0.23841821468234256,0.439034132884707,0.6779564397760168,56469069.73818045,653474.6725632933,53.93082558828943,0.33809010087133184,66.52966292939684,40.82386069252492,520858.9663076829,15520858.966307683,504515.1453610249,74.49178825589794,74.49178825589794,74.49178825589794,49.49320539087553,24.998582865022414,56469069.73818047,56469069.7381805,0.0,1.0000000000000004,0.0008109485845823923,0.0002774281506413285,0.5332766518520834,0.0,5.277636505413343e-16,185,0,0.0,0.12502566799958004,0.0,1.8868002181718472e-13,0,0.05,24000000.0,False,8479141.033692317,0.52591;0.52589;0.52580;0.52569;0.52552;0.52530;0.52498;0.52454;0.50955;0.47841;0.43894;0.38841;0.25786;0.03084;0.00000;0.00000;0.00000;0.00000;0.00000;0.00000;0.00000;0.00000;0.00000;0.00000,1.1016409083114809,907.069956993849,2.95764078294188,294046193.24798477,8.468415561353783,0.35787936812799737,0.6779564397760168,0.6290155888839145,0.21971572536892772,1.681705647786434,6.255637573150256,0.7962715794794747,0.00027838538841458806,18363.972926307324,4.263966643821494,32.07528395833953,0.3270214844335327,0.1685447299039585,0.31928631601872687,-0.7732848225521609,47.16810088886946,0.020486982964893017,1.5812631792356089,1.4535819482703207,1.1407750653653237,1.7746978379926586,3.437263053866008,-0.18477124018620794,0.5208589663076829,15.520858966307683,0.056469069738180507,0.05646906973818047,0.0,shift
ok,R20006_S+00,20006,0,20268205,21.335315749044057,0.3213297750672577,0.18610805081457496,68.10087151457427,2891.9172105252574,2.368778711394883,2.3878857966368487,0.3183601967586327,0.21153409995688124,0.07019536468430441,740.557242145504,4,2.0661609614358513e-14,2.1448458923414675e-14,1.9816430086402537e-14,1.3198041827421377e-14,2.86420941596617e-14,0.2781053633739259,0.2974758584322033,1.4606587453290868e-12,3.1285068934061036,2.7212070043976926,0.8624460043073295,0.9106475063159983,1.2782154024830936,1.9651496928086156,197884242.6275305,2508196.9647752433,101.88471909942123,0.31087391157946626,117.29339863778561,74.8792712897247,2153363.396573879,17153363.39657388,1940628.8089029677,141.04038458984684,141.04038458984684,141.04038458984684,107.55297795219828,33.48740663764856,197884242.6275306,197884242.62753046,0.0,0.9999999999999992,0.001713310901210212,0.0007948209313497361,0.6613925814825076,0.0,7.530241415884488e-16,284,0,0.0,0.18331746900003054,0.0,1.3778397428077275e-14,0,0.05,24000000.0,False,6846636.603426121,0.62328;0.62343;0.62391;0.62457;0.62550;0.62679;0.62858;0.63107;0.63435;0.64279;0.65752;0.63792;0.59035;0.52169;0.33082;0.01440;0.00000;0.00000;0.00000;0.00000;0.00000;0.00000;0.00000;0.00000,1.3290990745237954,1452.953596548522,3.162251744315415,332996305.2443788,8.522439414824998,1.2541146514787593,1.9651496928086156,0.35155245495198395,0.35345522606976704,0.8792686435813978,2.7212070043976926,0.43476158016569866,0.0008024411004264881,20698.711418952145,4.3159433096570305,42.465201196527396,0.495337116246554,0.4008668333517288,0.6281429959289927,-0.39699987462547986,92.2573510096839,0.03190179534666805,1.3371126912528986,1.3027420171687296,1.1262260981676668,1.462721365897947,3.1702653610445184,0.39936163796260243,2.1533633965738788,17.15336339657388,0.19788424262753046,0.1978842426275306,0.0,shift
ok,R20006_S+01,20006,1,20268205,21.335315749044057,0.3213297750672577,0.18610805081457496,68.10087151457427,2891.9172105252574,2.368778711394883,2.3878857966368487,0.3183601967586327,0.21153409995688124,0.07019536468430441,740.557242145504,4,2.0661609614358513e-14,2.1448458923414675e-14,1.9816430086402537e-14,1.3198041827421377e-14,2.86420941596617e-14,0.2781053633739259,0.2974758584322033,1.4606587453290868e-12,3.1285068934061036,2.7212070043976926,0.9327869923205163,0.7545184537218391,0.9071676679391011,1.3907346349723022,157204490.0729789,1855179.7358468708,90.51859518923808,0.308878763658879,105.67512097087038,66.69830203592065,1584666.5131028723,16584666.513102872,1445206.5978760384,123.6574208042038,123.6574208042038,123.6574208042038,94.64372566232933,29.013695141874464,157204490.072979,157204490.0729789,0.0,0.9999999999999994,0.001492841516968069,0.0006326705935836783,0.6702301462570274,0.0,5.68730365917542e-16,258,0,0.0,0.15066667000064626,0.0,1.4692287948593014e-14,0,0.05,24000000.0,False,7415333.486897128,0.63959;0.63972;0.64015;0.64075;0.64159;0.64275;0.64436;0.64661;0.65189;0.66522;0.65936;0.62309;0.56988;0.48450;0.19444;0.00039;0.00000;0.00000;0.00000;0.00000;0.00000;0.00000;0.00000;0.00000,1.3290990745237954,1452.953596548522,3.162251744315415,332996305.2443788,8.522439414824998,0.9963019372384396,1.3907346349723022,0.23858773522973603,0.42339209203969996,0.45964744776180005,2.7212070043976926,0.43476158016569866,0.0006374804902661612,20698.711418952145,4.3159433096570305,42.465201196527396,0.495337116246554,0.31845924307800855,0.44453622202448334,-0.4969461414728739,82.22953741095273,0.02843426399333798,1.3371126912528986,1.3027420171687296,1.1262260981676668,1.462721365897947,3.1702653610445184,0.26838599185139017,1.5846665131028723,16.58466651310287,0.1572044900729789,0.15720449007297901,0.0,shift
ok,R20006_S+02,20006,2,20268205,21.335315749044057,0.3213297750672577,0.18610805081457496,68.10087151457427,2891.9172105252574,2.368778711394883,2.3878857966368487,0.3183601967586327,0.21153409995688124,0.07019536468430441,740.557242145504,4,2.0661609614358513e-14,2.1448458923414675e-14,1.9816430086402537e-14,1.3198041827421377e-14,2.86420941596617e-14,0.2781053633739259,0.2974758584322033,1.4606587453290868e-12,3.1285068934061036,2.7212070043976926,7.998580312279845,7.61062712112442,7.265447708513719,6.963042074447742,1177007642.093979,10981737.938456086,246.68652028392776,0.30640012714626935,285.15601489378196,185.0489242710787,10755629.06623742,25755629.06623742,9680362.532973282,339.07357988397433,339.07357988397433,339.07357988397433,260.9138794626367,78.15970042133762,1177007642.0939758,1177007642.093977,0.0,1.000000000000001,0.010608957853254594,0.004518482897696475,0.5784508830639957,0.0,1.0128166146712515e-15,1486,0,0.0,0.9624691959998017,0.0,3.3595422623759703e-15,0,0.05,24000000.0,True,-1755629.0662374198,0.51979;0.51998;0.52061;0.52149;0.52272;0.52442;0.52679;0.53009;0.53280;0.53490;0.53732;0.54041;0.54491;0.55285;0.56745;0.56036;0.48833;0.20948;0.00031;0.00000;0.00000;0.00000;0.00000;0.00000,1.3290990745237954,1452.953596548522,3.162251744315415,332996305.2443788,8.522439414824998,7.459424304091431,7.998580312279845,0.0518155893170496,0.5231371348872977,-0.13882280932378643,2.7212070043976926,0.43476158016569866,0.004772887901489123,20698.711418952145,4.3159433096570305,42.465201196527396,0.495337116246554,2.3843400568538056,2.5566765824100646,0.3773681949789227,225.00129376815195,0.07780350452262258,1.3371126912528986,1.3027420171687296,1.1262260981676668,1.462721365897947,3.1702653610445184,1.040671075756494,10.75562906623742,25.755629066237418,1.177007642093977,1.1770076420939757,0.0,shift
ok,R20007_S+00,20007,0,20269205,29.82960961391344,0.4229206688330666,0.13231796426913497,78.04963590106121,3943.4664648726266,2.1153796463209393,2.262014314572893,0.564041236010056,0.3242035009104755,0.07727875519081125,743.1064473150378,4,2.7860045665697768e-14,3.162689498430112e-14,2.4071846697370244e-14,1.2697493138174635e-14,4.794555938273086e-14,0.4583342131122603,0.5220722850002781,2.468467638205801e-12,4.822659540797891,4.379272683293346,2.558548958904182,1.5715924309530018,0.8151027689228709,0.2890799728137893,206478384.01898238,1603065.6977589407,126.93705560639447,0.3282232049456581,154.52581685600904,94.45254813231585,1218747.0208293833,16218747.020829383,995970.2059835326,177.1945534553672,177.1945534553672,177.1945534553672,132.5218682519966,44.672685203370605,206478384.01898223,206478384.01898313,0.0,1.0000000000000044,0.0017959962763581846,0.0005470561548896112,0.5656737470761593,0.0,4.33008847816566e-15,246,0,0.0,0.20812380200004554,0.0,8.040612167806229e-14,2,0.05,24000000.0,False,7781252.979170617,0.56046;0.56048;0.56053;0.56060;0.56070;0.56084;0.56103;0.56130;0.56071;0.56027;0.55843;0.54220;0.50399;0.45044;0.37074;0.17534;0.00076;0.00000;0.00000;0.00000;0.00000;0.00000;0.00000;0.00000,1.474647569700225,2328.190169436739,3.3670184511341668,504540308.72363317,8.702895868604523,1.308581032898461,2.558548958904182,0.65230583814343,0.7890496052638531,-1.7342976315831191,4.379272683293346,0.641401988161425,0.0005507160004973569,30127.169668923056,4.478958333302762,50.52511032686328,0.6832866036652387,0.27134012298159477,0.5305265564072723,-0.5664859824967458,112.5729457082608,0.028546697863676872,1.505773154293144,1.3872260066841948,1.1094345845716873,1.6864649876913098,3.3981440357270856,0.2049513212247078,1.2187470208293834,16.218747020829383,0.20647838401898314,0.20647838401898222,0.0,shift
ok,R20007_S+01,20007,1,20269205,29.82960961391344,0.4229206688330666,0.13231796426913497,78.04963590106121,3943.4664648726266,2.1153796463209393,2.262014314572893,0.564041236010056,0.3242035009104755,0.07727875519081125,743.1064473150378,4,2.7860045665697768e-14,3.162689498430112e-14,2.4071846697370244e-14,1.2697493138174635e-14,4.794555938273086e-14,0.4583342131122603,0.5220722850002781,2.468467638205801e-12,4.822659540797891,4.379272683293346,1.5696707411226551,1.2251791906437821,0.6912986893571318,0.043177223229828414,139221316.58220848,983625.6454382747,105.89599242641809,0.3387820150908617,129.88524879237553,77.59279965068686,768335.3781813737,15768335.378181374,680994.1384579465,145.48882082212293,145.48882082212293,145.48882082212293,104.23129105075705,41.25752977136588,139221316.58220842,139221316.58220828,0.0,0.9999999999999989,0.0009728843624882505,0.00036963014782199344,0.5761284079443602,0.0,1.0703218127554993e-15,217,0,0.0,0.15003853000052914,0.0,1.7936716599226696e-13,20,0.05,24000000.0,False,8231664.621818626,0.57192;0.57194;0.57200;0.57210;0.57223;0.57241;0.57266;0.57302;0.57280;0.57153;0.55709;0.52186;0.47287;0.40718;0.25979;0.03698;0.00000;0.00000;0.00000;0.00000;0.00000;0.00000;0.00000;0.00000,1.474647569700225,2328.190169436739,3.3670184511341668,504540308.72363317,8.702895868604523,0.8823314610883495,1.5696707411226551,0.6536882546051114,0.7918934252664555,-1.7300681038959078,4.379272683293346,0.641401988161425,0.0003713289747806313,30127.169668923056,4.478958333302762,50.52511032686328,0.6832866036652387,0.1829553700865998,0.32547824034515177,-0.7376548386247633,92.43780033842629,0.023440747160357052,1.505773154293144,1.3872260066841948,1.1094345845716873,1.6864649876913098,3.3981440357270856,-0.007170156705245277,0.7683353781813737,15.768335378181373,0.13922131658220827,0.13922131658220843,0.0,shift
ok,R20007_S+02,20007,2,20269205,29.82960961391344,0.4229206688330666,0.13231796426913497,78.04963590106121,3943.4664648726266,2.1153796463209393,2.262014314572893,0.564041236010056,0.3242035009104755,0.07727875519081125,743.1064473150378,4,2.7860045665697768e-14,3.162689498430112e-14,2.4071846697370244e-14,1.2697493138174635e-14,4.794555938273086e-14,0.4583342131122603,0.5220722850002781,2.468467638205801e-12,4.822659540797891,4.379272683293346,0.1353870153341302,1.7143199156478364,3.505625638829004,5.492466420898539,427913126.78651804,4139735.938862326,189.73180469766234,0.35382759449875584,235.66319266521975,137.5754802342981,3030386.588101644,18030386.588101644,2797192.8730478324,265.02414245086305,265.02414245086305,265.02414245086305,167.92071720403453,97.10342524682852,427913126.786518,427913126.7865182,0.0,1.0000000000000007,0.0031786898075526794,0.0011249213376441625,0.5368007274048242,0.0,5.571658455350621e-16,432,0,0.0,0.2380712180001865,0.0,1.1723317162135344e-13,0,0.05,24000000.0,False,5969613.411898356,0.49690;0.49703;0.49744;0.49801;0.49881;0.49991;0.50145;0.50359;0.50548;0.50771;0.51157;0.52050;0.52605;0.50367;0.45087;0.36250;0.19111;0.00795;0.00000;0.00000;0.00000;0.00000;0.00000;0.00000,1.474647569700225,2328.190169436739,3.3670184511341668,504540308.72363317,8.702895868604523,2.7119497476773775,5.492466420898539,0.7373646682444407,0.17051449170160046,1.9753608672699141,4.379272683293346,0.641401988161425,0.0011413233732133655,30127.169668923056,4.478958333302762,50.52511032686328,0.6832866036652387,0.5623348952451028,1.138887448810005,-0.2500049658553967,162.05951647040172,0.04109570042346898,1.505773154293144,1.3872260066841948,1.1094345845716873,1.6864649876913098,3.3981440357270856,0.6169726396831086,3.030386588101644,18.030386588101646,0.4279131267865182,0.427913126786518,0.0,shift
ok,R20008_S+00,20008,0,20270205,13.938554875340605,0.7208606782499795,0.2552790571977358,75.6412958822408,1812.889349634865,2.5496505623461454,2.436706175826044,0.24437794529234916,0.3212689930625344,0.0666163690883963,645.5361562587739,4,3.696105292093756e-14,4.0518846806468293e-14,3.340230241242333e-14,1.8846479015900245e-14,6.539635608101968e-14,0.4003966072055608,0.4713359504562913,3.0648980800952554e-12,1.8528629002676176,2.2010621290518513,0.9426169474680065,0.6772504817907992,0.5458476364252147,0.5484084113712534,107064028.79939939,1189766.1239128292,67.60003862988296,0.29332717095741034,77.77212484627225,50.42636112683506,1150036.901660405,16150036.901660405,1124537.0753337108,88.02644179880407,88.02644179880407,88.02644179880407,76.15699276257567,11.869449036228403,107064028.79939939,107064028.7993994,0.0,1.0000000000000002,0.0020472917041152753,0.0008238419684366208,0.5843069822866681,0.0,1.3917990347409054e-16,229,0,0.0,0.09488722599962784,0.0,3.7055890449834896e-14,0,0.05,24000000.0,False,7849963.098339595,0.57186;0.57192;0.57212;0.57240;0.57279;0.57332;0.57406;0.57509;0.58003;0.58156;0.56211;0.52693;0.47650;0.31902;0.00096;0.00000;0.00000;0.00000;0.00000;0.00000;0.00000;0.00000;0.00000;0.00000,1.1442177492140106,1054.3303534964887,3.022976709758317,199373124.78716657,8.29966661564431,0.6785308692638184,0.9426169474680065,0.2379580869635992,0.5968289368383134,-0.5809736210298806,2.2010621290518513,0.34263230149181617,0.000831871784601559,15826.896120643405,4.199395751890203,23.96692611476661,0.26784328555741005,0.3662067329243924,0.5087353993281748,-0.43627367520354643,63.4673915743096,0.035008971500159455,1.6133736743193055,1.5294930014214514,1.280946823035896,1.8212701476511317,3.492132634863612,0.07546159914334688,1.150036901660405,16.150036901660407,0.1070640287993994,0.10706402879939939,0.0,shift
ok,R20008_S+01,20008,1,20270205,13.938554875340605,0.7208606782499795,0.2552790571977358,75.6412958822408,1812.889349634865,2.5496505623461454,2.436706175826044,0.24437794529234916,0.3212689930625344,0.0666163690883963,645.5361562587739,4,3.696105292093756e-14,4.0518846806468293e-14,3.340230241242333e-14,1.8846479015900245e-14,6.539635608101968e-14,0.4003966072055608,0.4713359504562913,3.0648980800952554e-12,1.8528629002676176,2.2010621290518513,0.9773889112505666,0.8670987223498657,0.6903943738884072,0.4472758658661907,117637181.63023587,1239053.8424671802,70.48126487615718,0.2902049093073404,80.92044569427198,52.809542130554,1207229.401000196,16207229.401000196,1188335.5226036087,89.8914029303879,89.8914029303879,89.8914029303879,78.04429798938546,11.847104941002442,117637181.63023587,117637181.63023585,0.0,0.9999999999999999,0.0020472917041152753,0.0009043540321553721,0.5819543826785217,0.0,1.2667050491472897e-16,228,0,0.0,0.1271603099994536,0.0,3.614659223512705e-14,0,0.05,24000000.0,False,7792770.598999804,0.56845;0.56849;0.56864;0.56884;0.56913;0.56952;0.57006;0.57081;0.57462;0.58048;0.56625;0.53302;0.48571;0.37057;0.00816;0.00000;0.00000;0.00000;0.00000;0.00000;0.00000;0.00000;0.00000;0.00000,1.1442177492140106,1054.3303534964887,3.022976709758317,199373124.78716657,8.29966661564431,0.7455394683387575,0.9773889112505666,0.2687085534364711,0.6185077088240538,-0.7110462529443224,2.2010621290518513,0.34263230149181617,0.0009140236297439894,15826.896120643405,4.199395751890203,23.96692611476661,0.26784328555741005,0.40237163161455486,0.5275020138345896,-0.395372645913251,66.52749398852065,0.03669694126777234,1.6133736743193055,1.5294930014214514,1.280946823035896,1.8212701476511317,3.492132634863612,0.09309017883637193,1.207229401000196,16.207229401000195,0.11763718163023586,0.11763718163023587,0.0,shift
ok,R20008_S+02,20008,2,20270205,13.938554875340605,0.7208606782499795,0.2552790571977358,75.6412958822408,1812.889349634865,2.5496505623461454,2.436706175826044,0.24437794529234916,0.3212689930625344,0.0666163690883963,645.5361562587739,4,3.696105292093756e-14,4.0518846806468293e-14,3.340230241242333e-14,1.8846479015900245e-14,6.539635608101968e-14,0.4003966072055608,0.4713359504562913,3.0648980800952554e-12,1.8528629002676176,2.2010621290518513,6.720381843498093,5.785166205563488,4.514182821358076,2.907431690881858,786066781.5556608,8058183.353000406,182.49005615761436,0.29115278792695193,207.7104941371423,137.18488527918288,8219776.202091061,23219776.20209106,8026432.296870105,236.7886473820944,236.7886473820944,236.7886473820944,197.8819736970346,38.906673685059815,786066781.555661,786066781.5556612,0.0,1.0000000000000002,0.01434813170527574,0.005706373726248,0.5186337755093732,0.0,3.033057555615333e-16,941,0,0.0,0.5231439959989075,0.0,9.24384276362569e-15,0,0.05,24000000.0,False,780223.7979089394,0.47550;0.47556;0.47575;0.47601;0.47637;0.47687;0.47757;0.47854;0.47944;0.48039;0.48180;0.48413;0.48774;0.49836;0.51260;0.47663;0.31330;0.00439;0.00000;0.00000;0.00000;0.00000;0.00000;0.00000,1.1442177492140106,1054.3303534964887,3.022976709758317,199373124.78716657,8.29966661564431,4.981790640325379,6.720381843498093,0.2872231392832555,0.6275629061885265,-0.7653774371311594,2.2010621290518513,0.34263230149181617,0.006107623482149214,15826.896120643405,4.199395751890203,23.96692611476661,0.26784328555741005,2.6886990071450163,3.627025962108388,0.4295421868076844,171.97233211205176,0.0948609092698839,1.6133736743193055,1.5294930014214514,1.280946823035896,1.8212701476511317,3.492132634863612,0.9062371449449357,8.21977620209106,23.21977620209106,0.7860667815556612,0.786066781555661,0.0,shift
ok,R20009_S+00,20009,0,20271205,20.7498878819441,0.09683075395058899,0.20657983180036216,58.36395388114432,2903.4700937895827,2.1503741179228477,3.100138389995502,0.380127490943296,0.2834454391358597,0.05721995339132491,662.1598939971668,4,2.1486982620537904e-14,2.1705215961576898e-14,2.1265282198000652e-14,1.7418600270482096e-14,2.5711373048508525e-14,0.15245060145690603,0.1618134106209997,1.2668022233617515e-12,2.475006073123965,3.9859608589012967,2.146972953399419,1.651835336074846,1.3255745094783495,1.1681904736099291,248223137.88277465,2680344.61959728,123.85208261089376,0.2806409202916152,158.20075618191302,103.21500998612771,2542084.8068673313,17542084.80686733,2036252.43518126,184.81196190104725,184.81196190104725,184.81196190104725,164.3013479934259,20.510613907621348,248223137.88277447,248223137.88277453,0.0,1.0000000000000002,0.003484343547274905,0.0011581115656719224,0.5149085013207328,0.0,2.40125256991713e-16,297,0,0.0,0.16401884799961408,0.0,1.7822042845627887e-14,0,0.05,24000000.0,False,6457915.193132669,0.49446;0.49456;0.49486;0.49528;0.49586;0.49668;0.49781;0.49939;0.50153;0.50466;0.50943;0.51317;0.49514;0.45391;0.39741;0.26588;0.00013;0.00000;0.00000;0.00000;0.00000;0.00000;0.00000;0.00000,1.3170157544271694,1211.045499380701,3.0831604600371616,319313449.8906454,8.504217211963397,1.5731433181406358,2.146972953399419,0.23800515166605496,0.6036971084688323,-0.6221826508129938,3.9859608589012967,0.6005330297265752,0.0011739839965635246,21164.7411017344,4.325612960323574,49.74765931215652,0.393576268934634,0.6356119022184888,0.8674616909887007,-0.19680797896085875,117.52325546224061,0.04047682657852016,1.3422807090869753,1.3333877481005818,1.2467298506644062,1.41584186738816,3.1084254146969674,0.428190636106223,2.542084806867331,17.542084806867333,0.24822313788277453,0.24822313788277447,0.0,shift
ok,R20009_S+01,20009,1,20271205,20.7498878819441,0.09683075395058899,0.20657983180036216,58.36395388114432,2903.4700937895827,2.1503741179228477,3.100138389995502,0.380127490943296,0.2834454391358597,0.05721995339132491,662.1598939971668,4,2.1486982620537904e-14,2.1705215961576898e-14,2.1265282198000652e-14,1.7418600270482096e-14,2.5711373048508525e-14,0.15245060145690603,0.1618134106209997,1.2668022233617515e-12,2.475006073123965,3.9859608589012967,1.9252633513041468,2.6296753716361723,2.67110168573638,2.0495422936047696,365893910.8568971,4280571.342844854,150.80276716178417,0.2822604756301456,197.49890678567454,125.49208082462292,3600407.8188883625,18600407.818888362,3240776.9120002016,221.27107563388972,221.27107563388972,221.27107563388972,194.6940986503808,26.576976983508928,365893910.856897,365893910.8568971,0.0,1.0000000000000002,0.0049957928838226945,0.0016962577563386792,0.4995159881726284,0.0,3.2580287895909977e-16,404,0,0.0,0.2735067080011504,0.0,8.203622788851335e-15,0,0.05,24000000.0,False,5399592.1811116375,0.46814;0.46826;0.46864;0.46917;0.46991;0.47095;0.47238;0.47437;0.47622;0.47856;0.48182;0.48600;0.49840;0.47942;0.43272;0.36293;0.11218;0.00000;0.00000;0.00000;0.00000;0.00000;0.00000;0.00000,1.3170157544271694,1211.045499380701,3.0831604600371616,319313449.8906454,8.504217211963397,2.318895675570367,2.67110168573638,0.1443414831865177,0.4910676632552652,0.053594020468408735,3.9859608589012967,0.6005330297265752,0.0017305139216671178,21164.7411017344,4.325612960323574,49.74765931215652,0.393576268934634,0.936925246669575,1.0792303561360161,-0.028295058262696002,142.68564195354693,0.04914314160106086,1.3422807090869753,1.3333877481005818,1.2467298506644062,1.41584186738816,3.1084254146969674,0.6315017396871436,3.6004078188883626,18.600407818888364,0.3658939108568971,0.365893910856897,0.0,shift
ok,R20009_S+02,20009,2,20271205,20.7498878819441,0.09683075395058899,0.20657983180036216,58.36395388114432,2903.4700937895827,2.1503741179228477,3.100138389995502,0.380127490943296,0.2834454391358597,0.05721995339132491,662.1598939971668,4,2.1486982620537904e-14,2.1705215961576898e-14,2.1265282198000652e-14,1.7418600270482096e-14,2.5711373048508525e-14,0.15245060145690603,0.1618134106209997,1.2668022233617515e-12,2.475006073123965,3.9859608589012967,0.6361631736493087,0.4813857578257689,0.32133976935117375,0.15602520822552318,62914568.97036535,794407.921140605,62.176551632778825,0.2790542672945393,81.57545203191829,51.75007301811042,799528.9384340402,15799528.93843404,558944.9292486645,91.77265099229503,91.77265099229503,91.77265099229503,81.27181977697187,10.50083121532316,62914568.970365345,62914568.97036548,0.0,1.0000000000000022,0.0008725344907124239,0.0002965271264435964,0.5600275348577685,0.0,2.131627903352544e-15,213,0,0.0,0.10325524299878452,0.0,6.775380321874785e-14,0,0.05,24000000.0,False,8200471.06156596,0.55967;0.55966;0.55963;0.55959;0.55953;0.55945;0.55934;0.55919;0.55232;0.53028;0.49473;0.45030;0.39376;0.24602;0.00100;0.00000;0.00000;0.00000;0.00000;0.00000;0.00000;0.00000;0.00000;0.00000,1.3170157544271694,1211.045499380701,3.0831604600371616,319313449.8906454,8.504217211963397,0.39872847726294364,0.6361631736493087,0.44881731516866225,0.7006954576874278,-1.2041727461245664,3.9859608589012967,0.6005330297265752,0.0002975576642528076,21164.7411017344,4.325612960323574,49.74765931215652,0.393576268934634,0.16110201974561886,0.2570349950076447,-0.7928990147708591,59.1668291397008,0.02037797092047082,1.3422807090869753,1.3333877481005818,1.2467298506644062,1.41584186738816,3.1084254146969674,-0.0999564340865622,0.7995289384340402,15.79952893843404,0.06291456897036549,0.06291456897036535,0.0,shift
ok,R20010_S+00,20010,0,20272205,16.94733167791201,0.594531769780375,0.141820550204957,32.01880593804723,1236.160494488925,1.8324502323082528,2.230151974697675,0.3363519287512795,0.24753625841422844,0.04143945558475571,645.7271674723517,4,8.221670183226928e-15,9.796706694621879e-15,6.940925080997274e-15,3.70252013518296e-15,1.904545001329485e-14,0.49827718921209774,0.6801067983231887,3.1367885048706607e-13,0.3345647308978471,4.870024337988835,0.01,0.08297733881323313,0.12106024601102457,0.12270785586960976,13283597.39905099,1652776.5533095354,50.17071643730333,0.34491318042355434,61.25790032755176,37.60096953352892,1394141.4643714074,16394141.464371407,1372898.5013040695,71.17019229789132,71.17019229789132,71.17019229789132,55.689709478609615,15.480482819281704,13283597.399050994,13283597.399051,0.0,1.0000000000000004,0.002718742822467069,0.0009331801359505485,0.6016451911861762,0.0,4.2066431854461984e-16,184,0,0.0,0.12604160299997602,0.0,1.3958219781265795e-13,0,0.05,24000000.0,False,7605858.535628593,0.59272;0.59277;0.59295;0.59319;0.59351;0.59396;0.59456;0.59539;0.59492;0.57432;0.52908;0.46847;0.38880;0.19837;0.00151;0.00000;0.00000;0.00000;0.00000;0.00000;0.00000;0.00000;0.00000;0.00000,1.2291013291596173,542.633324162785,2.7345064611093415,21799367.40189006,7.338443890950723,0.08418636017346687,0.12270785586960976,0.5426712788917348,0.2761057094690053,1.338789984949748,4.870024337988835,0.6875311316104947,0.0009436756627390745,13094.605527646048,4.117092419924519,38.607326484340355,-0.4755198433609835,0.2516295126134247,0.36676865352874344,-0.5992384235865038,43.7767431913073,0.035413478578609846,0.9967967035894316,0.8471339545041765,0.5742140267632514,1.285507836564155,2.5022018355391555,0.21821414321201985,1.3941414643714074,16.39414146437141,0.013283597399051,0.013283597399050993,0.0,shift
ok,R20010_S+01,20010,1,20272205,16.94733167791201,0.594531769780375,0.141820550204957,32.01880593804723,1236.160494488925,1.8324502323082528,2.230151974697675,0.3363519287512795,0.24753625841422844,0.04143945558475571,645.7271674723517,4,8.221670183226928e-15,9.796706694621879e-15,6.940925080997274e-15,3.70252013518296e-15,1.904545001329485e-14,0.49827718921209774,0.6801067983231887,3.1367885048706607e-13,0.3345647308978471,4.870024337988835,0.8499577512096472,1.0367247186115027,1.115455603678016,1.0861504064091874,161270715.66694483,17464966.293514855,171.7024578651402,0.3327533223591857,207.47319703468526,131.53401142135775,15683979.750616629,30683979.75061663,15300942.571107931,232.504701663882,232.504701663882,232.504701663882,196.49421426723944,36.01048739664256,161270715.66694507,161270715.66694504,0.0,0.9999999999999998,0.02983724851846114,0.010138440127988946,0.4868931597003625,0.0,1.8479686323983841e-16,886,0,0.0,0.48896838200016646,0.0,1.0213713658643387e-14,0,0.05,24000000.0,True,-6683979.750616629,0.40509;0.40518;0.40549;0.40591;0.40649;0.40727;0.40834;0.40980;0.41160;0.41302;0.41489;0.41774;0.42270;0.43421;0.46712;0.46345;0.38449;0.18509;0.00046;0.00000;0.00000;0.00000;0.00000;0.00000,1.2291013291596173,542.633324162785,2.7345064611093415,21799367.40189006,7.338443890950723,1.0220721199770884,1.115455603678016,0.10104668719685848,0.46148467239852003,0.23109196560887976,4.870024337988835,0.6875311316104947,0.011456779734854174,13094.605527646048,4.117092419924519,38.607326484340355,-0.4755198433609835,3.0549308566812394,3.3340501871926214,0.4850013851508745,152.5328388231743,0.1233924231547596,0.9967967035894316,0.8471339545041765,0.5742140267632514,1.285507836564155,2.5022018355391555,1.2421677518084993,15.68397975061663,30.68397975061663,0.16127071566694504,0.16127071566694506,0.0,shift
ok,R20010_S+02,20010,2,20272205,16.94733167791201,0.594531769780375,0.141820550204957,32.01880593804723,1236.160494488925,1.8324502323082528,2.230151974697675,0.3363519287512795,0.24753625841422844,0.04143945558475571,645.7271674723517,4,8.221670183226928e-15,9.796706694621879e-15,6.940925080997274e-15,3.70252013518296e-15,1.904545001329485e-14,0.49827718921209774,0.6801067983231887,3.1367885048706607e-13,0.3345647308978471,4.870024337988835,0.5299417235604925,0.7118428852512482,1.1461283690751853,1.832798175032304,166494392.84920487,21082922.27665099,179.8809146189933,0.35374918809171135,213.0174980189663,134.0027978733003,18360722.288876638,33360722.288876638,17618064.81253866,249.20212685004233,249.20212685004233,249.20212685004233,192.82550032365538,56.37662652638696,166494392.84920546,166494392.84920514,0.0,0.999999999999998,0.032153568821953644,0.010413480945532487,0.4907703230781998,0.0,1.968988508589362e-15,1009,0,0.0,0.6370230699994863,0.0,1.704201441438701e-14,0,0.05,24000000.0,True,-9360722.288876638,0.39318;0.39331;0.39375;0.39436;0.39519;0.39631;0.39785;0.39994;0.40273;0.40458;0.40680;0.40990;0.41492;0.42700;0.46008;0.46287;0.38684;0.19344;0.00135;0.00000;0.00000;0.00000;0.00000;0.00000,1.2291013291596173,542.633324162785,2.7345064611093415,21799367.40189006,7.338443890950723,1.0551777882298075,1.832798175032304,0.47544262992901776,0.29421217511008013,1.2347269493395192,4.870024337988835,0.6875311316104947,0.01182787326312208,13094.605527646048,4.117092419924519,38.607326484340355,-0.4755198433609835,3.1538823156825386,5.478157156953623,0.49884548398235024,154.983477925541,0.12537488345282946,0.9967967035894316,0.8471339545041765,0.5742140267632514,1.285507836564155,2.5022018355391555,1.3239308077105238,18.360722288876637,33.36072228887664,0.16649439284920514,0.16649439284920547,0.0,shift
ok,R20011_S+00,20011,0,20273205,11.902558522806078,0.7672791576233732,0.24966091467461285,56.430824135033205,3057.6897487973733,2.1054123498641344,3.29924060237435,0.6324171959894247,0.21715416306553798,0.057902712394580086,688.1729229811024,4,1.3322435077364014e-14,1.725483006110061e-14,1.0270725965983925e-14,4.792782970892546e-15,3.6764086613838793e-14,0.5738696863241636,0.8060197063877225,9.737042806578526e-13,1.8568449762216708,6.553239078126032,0.7432656830411677,1.2379461847175712,2.5173937640196486,4.581608420947401,358187203.73787415,7877929.723483606,166.89876870571743,0.49181647793584315,225.87530802351668,120.21607716195446,5837719.704963945,20837719.704963945,5176286.435202729,261.37054826391847,261.37054826391847,261.37054826391847,117.12660155879807,144.24394670512038,358187203.73787344,358187203.7378735,0.0,1.0000000000000002,0.0038316475784751516,0.001234573208880472,0.49454788755640294,0.0,1.6640640467717591e-16,534,0,0.0,0.39902466900093714,0.0,1.304989822233769e-14,0,0.05,24000000.0,False,3162280.295036055,0.43504;0.43528;0.43605;0.43712;0.43861;0.44068;0.44357;0.44758;0.45102;0.45479;0.46399;0.47156;0.46630;0.43353;0.35002;0.22684;0.08605;0.00179;0.00000;0.00000;0.00000;0.00000;0.00000;0.00000,1.0756403255020839,671.6711867574104,2.827156718403415,413812549.6753241,8.616803657359434,2.270053513181447,4.581608420947401,0.6534234795409284,0.21818999599067812,1.6908600240559313,6.553239078126032,0.8164560123658541,0.0012577920009571107,11599.995215773024,4.064457810109349,54.1847438109469,0.2687756469913365,1.222532598171215,2.467415686079572,0.08726044817776828,122.56309186991943,0.04008356044563546,1.2426272841480772,1.0173177396972444,0.6863043612722302,1.5711403783701008,2.9941436770494083,0.8964121022868562,5.837719704963945,20.837719704963945,0.3581872037378735,0.35818720373787344,0.0,shift
ok,R20011_S+01,20011,1,20273205,11.902558522806078,0.7672791576233732,0.24966091467461285,56.430824135033205,3057.6897487973733,2.1054123498641344,3.29924060237435,0.6324171959894247,0.21715416306553798,0.057902712394580086,688.1729229811024,4,1.3322435077364014e-14,1.725483006110061e-14,1.0270725965983925e-14,4.792782970892546e-15,3.6764086613838793e-14,0.5738696863241636,0.8060197063877225,9.737042806578526e-13,1.8568449762216708,6.553239078126032,0.034980556955704505,0.5798564882567004,1.0229232291644659,1.262432530879245,114403905.588938,2257492.693898234,94.26351941089727,0.4911943092574239,127.88961699798114,67.5698214521582,1592902.4937053844,16592902.493705384,1473007.439191023,146.7248155348294,146.7248155348294,146.7248155348294,63.15217743568345,83.57263809914593,114403905.58893798,114403905.58893788,0.0,0.9999999999999991,0.0011845698021141966,0.00039931314491724595,0.5438580174040702,0.0,9.117532117454164e-16,231,0,0.0,0.12974400500024785,0.0,1.035814938478356e-13,0,0.05,24000000.0,False,7407097.506294616,0.51754;0.51769;0.51819;0.51888;0.51985;0.52120;0.52307;0.52567;0.52735;0.52081;0.49531;0.44962;0.38032;0.25953;0.12194;0.02207;0.00000;0.00000;0.00000;0.00000;0.00000;0.00000;0.00000;0.00000,1.0756403255020839,671.6711867574104,2.827156718403415,413812549.6753241,8.616803657359434,0.7250482013140289,1.262432530879245,0.6449913601131816,0.21199867956989457,1.6929246520424277,6.553239078126032,0.8164560123658541,0.0004017349470511063,11599.995215773024,4.064457810109349,54.1847438109469,0.2687756469913365,0.3904732008319646,0.6798804138448095,-0.4084087674977848,69.26679616358733,0.022653310784990794,1.2426272841480772,1.0173177396972444,0.6863043612722302,1.5711403783701008,2.9941436770494083,0.35362635344631166,1.5929024937053844,16.592902493705385,0.11440390558893788,0.11440390558893798,0.0,shift
ok,R20011_S+02,20011,2,20273205,11.902558522806078,0.7672791576233732,0.24966091467461285,56.430824135033205,3057.6897487973733,2.1054123498641344,3.29924060237435,0.6324171959894247,0.21715416306553798,0.057902712394580086,688.1729229811024,4,1.3322435077364014e-14,1.725483006110061e-14,1.0270725965983925e-14,4.792782970892546e-15,3.6764086613838793e-14,0.5738696863241636,0.8060197063877225,9.737042806578526e-13,1.8568449762216708,6.553239078126032,1.0368151820735516,1.2202767480027594,1.2217318183848302,1.0411803932197636,178300603.37688667,2321582.776655046,115.35124984714592,0.47195291492445024,153.0482467481672,83.17491552227614,1715077.582321342,16715077.582321342,1629571.644998718,174.47518189563198,174.47518189563198,174.47518189563198,83.34715196934599,91.12802992628599,178300603.37688673,178300603.37688673,0.0,1.0,0.0018228708760685036,0.0006205448476053763,0.5313977799633823,0.0,0.0,248,0,0.0,0.13613599100062856,0.0,1.1895698841247599e-14,0,0.05,24000000.0,False,7284922.417678658,0.51181;0.51194;0.51237;0.51297;0.51381;0.51498;0.51660;0.51886;0.52150;0.52158;0.51281;0.48393;0.43522;0.35537;0.22811;0.08177;0.00197;0.00000;0.00000;0.00000;0.00000;0.00000;0.00000;0.00000,1.0756403255020839,671.6711867574104,2.827156718403415,413812549.6753241,8.616803657359434,1.1300010354202263,1.2217318183848302,0.08054664080269411,0.4993561641377038,0.0038630151737769707,6.553239078126032,0.8164560123658541,0.0006261113472311379,11599.995215773024,4.064457810109349,54.1847438109469,0.2687756469913365,0.6085597074019422,0.657961129781994,-0.21569680556359402,86.47311055135026,0.02828053780975038,1.2426272841480772,1.0173177396972444,0.6863043612722302,1.5711403783701008,2.9941436770494083,0.36578417316420697,1.715077582321342,16.715077582321342,0.17830060337688672,0.17830060337688672,0.0,shift
ok,R20012_S+00,20012,0,20274205,14.61222238592484,0.08943685471721965,0.16600262426948098,60.32659972960378,2887.672156803331,2.49127356856913,3.4152322777547957,0.6357595849372326,0.18529273534110058,0.07780521776624041,660.1330114675786,4,1.2735051871641617e-14,1.2773037454096398e-14,1.269716849685378e-14,1.1512125725787377e-14,1.4082180915464246e-14,0.08529949685266591,0.0890391645746336,7.705539178245106e-13,1.8848552437994648,4.9027014114707965,2.723079765053536,2.339557564462837,1.7159327620563396,0.8522053578340427,301011199.1527483,5350097.653293981,137.80572009445967,0.26847931928997143,181.48313282412474,120.34021825065903,5721750.396857835,20721750.396857835,3919083.6227611713,210.4361827618054,210.4361827618054,210.4361827618054,192.72102084389917,17.715161917906244,301011199.15274805,301011199.1527482,0.0,1.0000000000000007,0.004682403970312374,0.0017035948763407264,0.5245943517491276,0.0,5.940441247019278e-16,443,0,0.0,0.25555771599829313,0.0,1.3269499762720824e-14,0,0.05,24000000.0,False,3278249.6031421646,0.51583;0.51592;0.51624;0.51668;0.51730;0.51815;0.51934;0.52100;0.52266;0.52298;0.51792;0.51882;0.52264;0.51011;0.46646;0.39034;0.05001;0.00000;0.00000;0.00000;0.00000;0.00000;0.00000;0.00000,1.1647162731925662,881.5056910356437,2.945225120466762,262342978.1505532,8.418869444401409,1.9076938623516888,2.723079765053536,0.37086327416357007,0.6634499158155625,-0.9806994948933752,4.9027014114707965,0.6904354442763002,0.0017381280099148587,11329.647501071939,4.054216397884507,47.86731176208291,0.2752780021634953,1.012116908514516,1.444715595010039,0.005230680280735011,133.379157571941,0.04618916217954342,1.1120107834168178,1.1094234806683332,1.066872121721891,1.1543865172184318,2.8925196306910137,0.7283617091052778,5.721750396857836,20.721750396857836,0.3010111991527482,0.30101119915274804,0.0,shift
ok,R20012_S+01,20012,1,20274205,14.61222238592484,0.08943685471721965,0.16600262426948098,60.32659972960378,2887.672156803331,2.49127356856913,3.4152322777547957,0.6357595849372326,0.18529273534110058,0.07780521776624041,660.1330114675786,4,1.2735051871641617e-14,1.2773037454096398e-14,1.269716849685378e-14,1.1512125725787377e-14,1.4082180915464246e-14,0.08529949685266591,0.0890391645746336,7.705539178245106e-13,1.8848552437994648,4.9027014114707965,0.6963669857272965,0.7644362626896264,0.6666353567976412,0.40296426805134095,99816802.14172015,1680085.3012879307,79.43221978102262,0.2689978127999364,105.7262704945173,68.62697741354724,1559078.1815461796,16559078.18154618,1229616.839927284,120.9453317030069,120.9453317030069,120.9453317030069,109.19047008022496,11.754861622781945,99816802.14172015,99816802.14172018,0.0,1.0000000000000002,0.0015699881768464503,0.0005725266914801036,0.5786383318137526,0.0,2.9857019808530733e-16,228,0,0.0,0.1911615669996536,0.0,1.420905428907873e-14,0,0.05,24000000.0,False,7440921.81845382,0.57158;0.57165;0.57187;0.57218;0.57261;0.57320;0.57403;0.57518;0.57416;0.57820;0.56749;0.53218;0.48539;0.42417;0.20428;0.00005;0.00000;0.00000;0.00000;0.00000;0.00000;0.00000;0.00000;0.00000,1.1647162731925662,881.5056910356437,2.945225120466762,262342978.1505532,8.418869444401409,0.6326007183164762,0.7644362626896264,0.21694386701834045,0.5773006598477,-0.4638039590861998,4.9027014114707965,0.6904354442763002,0.0005763718431439935,11329.647501071939,4.054216397884507,47.86731176208291,0.2752780021634953,0.3356229717892227,0.40556762393524,-0.4741483214432526,76.80658737231626,0.026598098122517334,1.1120107834168178,1.1094234806683332,1.066872121721891,1.1543865172184318,2.8925196306910137,0.2253313322843063,1.5590781815461796,16.55907818154618,0.09981680214172017,0.09981680214172015,0.0,shift
ok,R20012_S+02,20012,2,20274205,14.61222238592484,0.08943685471721965,0.16600262426948098,60.32659972960378,2887.672156803331,2.49127356856913,3.4152322777547957,0.6357595849372326,0.18529273534110058,0.07780521776624041,660.1330114675786,4,1.2735051871641617e-14,1.2773037454096398e-14,1.269716849685378e-14,1.1512125725787377e-14,1.4082180915464246e-14,0.08529949685266591,0.0890391645746336,7.705539178245106e-13,1.8848552437994648,4.9027014114707965,4.732564815451809,4.386409057202677,2.8030168398349957,0.1488047359479781,476156668.0545125,9799287.04043697,173.13375416830803,0.2678999448229049,233.54960817874488,152.7740592664116,9685814.754805341,24685814.75480534,7710259.54445634,258.03228903255535,258.03228903255535,258.03228903255535,249.67587751404102,8.356411518514335,476156668.0545122,476156668.0545122,0.0,1.0,0.007159897568735221,0.0026638715985838994,0.5063792305135816,0.0,0.0,818,0,0.0,0.47477140400042117,0.0,5.90400166930281e-14,0,0.05,24000000.0,True,-685814.7548053414,0.49474;0.49471;0.49459;0.49442;0.49419;0.49387;0.49342;0.49279;0.48682;0.48001;0.48172;0.48600;0.48747;0.48987;0.48845;0.44716;0.34379;0.00597;0.00000;0.00000;0.00000;0.00000;0.00000;0.00000,1.1647162731925662,881.5056910356437,2.945225120466762,262342978.1505532,8.418869444401409,3.017698862109365,4.732564815451809,0.5994828725942405,0.7554575762308124,-1.5189587460359755,4.9027014114707965,0.6904354442763002,0.002749469933951869,11329.647501071939,4.054216397884507,47.86731176208291,0.2752780021634953,1.6010242017452385,2.5108372810168547,0.20439789694426364,167.75349550756073,0.05809298507530882,1.1120107834168178,1.1094234806683332,1.066872121721891,1.1543865172184318,2.8925196306910137,0.9911944791957915,9.68581475480534,24.685814754805342,0.4761566680545122,0.4761566680545122,0.0,shift
ok,R20013_S+00,20013,0,20275205,18.816622070350917,0.7997270684080646,0.16952981733914085,35.163422642469904,3232.8188984214285,2.429178912811412,2.884513743573538,0.34176049587435886,0.34853548679082264,0.06606089039970967,748.5723171256307,4,4.021665722526889e-14,7.822245361194061e-14,1.955662031253984e-14,7.48005790552652e-15,1.7577720531612216e-13,0.7760306909624288,1.0254917853195609,2.7505691964876643e-12,1.5893804519348402,3.1040498589089034,2.8153116325327785,3.911341932634455,6.148997273800945,9.52827765603225,883767767.3422819,13471176.03872524,398.8931998545891,0.44745941659565175,473.47950724033655,285.3910895689465,13913642.91148718,28913642.91148718,13087357.719328232,553.0231132203656,553.0231132203656,553.0231132203656,224.37084176937887,328.65227145098675,883767767.3422877,883767767.3422852,0.0,0.9999999999999971,0.01656230263936166,0.00553359499077291,0.4597823144090029,0.0,2.832639040564634e-15,3688,0,0.0,1.8886568910002097,0.0,1.5682542045173857e-14,0,0.05,24000000.0,True,-4913642.911487181,0.38645;0.38662;0.38719;0.38799;0.38909;0.39063;0.39277;0.39575;0.39895;0.40098;0.40321;0.40594;0.41011;0.41922;0.42271;0.40981;0.35538;0.25943;0.17596;0.02443;0.00000;0.00000;0.00000;0.00000,1.2745416622433545,661.6568345633764,2.820632802888393,195726603.57979563,8.291649859907674,5.600982123750107,9.52827765603225,0.4581460352620437,0.3002443775281789,1.1985337348309266,3.1040498589089034,0.49192868851240884,0.006031905592278516,10015.863100844374,4.000688379868532,91.93698040408825,0.20122786725075123,3.5240034045540973,5.994963411329838,0.5470363193138876,311.0736766218411,0.09622366312376393,1.8990480321576684,1.2970104018774873,0.879621557657453,2.250679153105104,3.445139172802707,1.129405511449342,13.91364291148718,28.91364291148718,0.8837677673422851,0.8837677673422877,0.0,shift
ok,R20013_S+01,20013,1,20275205,18.816622070350917,0.7997270684080646,0.16952981733914085,35.163422642469904,3232.8188984214285,2.429178912811412,2.884513743573538,0.34176049587435886,0.34853548679082264,0.06606089039970967,748.5723171256307,4,4.021665722526889e-14,7.822245361194061e-14,1.955662031253984e-14,7.48005790552652e-15,1.7577720531612216e-13,0.7760306909624288,1.0254917853195609,2.7505691964876643e-12,1.5893804519348402,3.1040498589089034,1.010559279990085,0.5333806698983351,0.2590725940855758,0.18763505255180746,78525075.74015337,913196.7260458571,111.50198646149367,0.3934915312413043,136.64991071669044,79.91644022157534,849814.4325021747,15849814.432502175,841690.7103932966,151.51091068752572,151.51091068752572,151.51091068752572,81.29731793318307,70.21359275434266,78525075.7401534,78525075.74015373,0.0,1.0000000000000042,0.0014628575954327553,0.0005320526495716556,0.5297129511191717,0.0,4.1747880301249616e-15,242,0,0.0,0.14441808500123443,0.0,1.2284243103433542e-13,0,0.05,24000000.0,False,8150185.567497825,0.51789;0.51795;0.51812;0.51835;0.51868;0.51913;0.51977;0.52065;0.52162;0.52050;0.51196;0.48626;0.44635;0.35100;0.22740;0.06751;0.00000;0.00000;0.00000;0.00000;0.00000;0.00000;0.00000;0.00000,1.2745416622433545,661.6568345633764,2.820632802888393,195726603.57979563,8.291649859907674,0.49766189913145087,1.010559279990085,0.6490856061864794,0.7755968221512417,-1.6535809329074496,3.1040498589089034,0.49192868851240884,0.0005359505754724803,10015.863100844374,4.000688379868532,91.93698040408825,0.20122786725075123,0.3131169120178996,0.6358196231493068,-0.5042934747091942,92.72532521483892,0.028682499121777682,1.8990480321576684,1.2970104018774873,0.879621557657453,2.250679153105104,3.445139172802707,-0.03943565419315479,0.8498144325021747,15.849814432502175,0.07852507574015373,0.0785250757401534,0.0,shift
ok,R20013_S+02,20013,2,20275205,18.816622070350917,0.7997270684080646,0.16952981733914085,35.163422642469904,3232.8188984214285,2.429178912811412,2.884513743573538,0.34176049587435886,0.34853548679082264,0.06606089039970967,748.5723171256307,4,4.021665722526889e-14,7.822245361194061e-14,1.955662031253984e-14,7.48005790552652e-15,1.7577720531612216e-13,0.7760306909624288,1.0254917853195609,2.7505691964876643e-12,1.5893804519348402,3.1040498589089034,1.3127139294373058,2.343687332904223,5.5302605980275015,10.872433724807143,791271143.5484445,13253653.106165001,383.30921379674464,0.46147877817673394,458.63677361510855,274.7345889950646,13711980.665816989,28711980.66581699,12744360.640365317,519.4536165918237,519.4536165918237,519.4536165918237,200.5607141688602,318.8929024229635,791271143.5484487,791271143.5484469,0.0,0.9999999999999978,0.015752050153469616,0.0049860251000153205,0.46283193335645845,0.0,2.2598313584934023e-15,3379,0,0.0,1.4207724440002494,0.0,1.941348882548502e-14,0,0.05,24000000.0,True,-4711980.665816989,0.38776;0.38795;0.38856;0.38942;0.39061;0.39228;0.39459;0.39781;0.40127;0.40348;0.40596;0.40905;0.41463;0.42375;0.42319;0.40244;0.32649;0.22477;0.16537;0.01061;0.00000;0.00000;0.00000;0.00000,1.2745416622433545,661.6568345633764,2.820632802888393,195726603.57979563,8.291649859907674,5.014773896294043,10.872433724807143,0.7422385558755665,0.18228146163497208,1.9063112301901675,3.1040498589089034,0.49192868851240884,0.0054005961884440986,10015.863100844374,4.000688379868532,91.93698040408825,0.20122786725075123,3.155175269828746,6.840674120265875,0.49902348928704177,294.345124904683,0.09104906094443165,1.8990480321576684,1.2970104018774873,0.879621557657453,2.250679153105104,3.445139172802707,1.1223355994186597,13.71198066581699,28.711980665816988,0.7912711435484469,0.7912711435484486,0.0,shift
ok,R20014_S+00,20014,0,20276205,29.124437336164515,0.4337855951789274,0.1635616979016307,55.208689756702114,3697.545089676604,2.0123662500848423,3.792080581003467,0.35313341676584875,0.2183683902929093,0.0668888597924912,736.4035099511225,4,2.562278012244321e-14,2.869647887605755e-14,2.331462617712431e-14,1.51966822305612e-14,5.3276215938688696e-14,0.41184064477056737,0.5884567781368389,1.584294999378017e-12,3.471766419601679,3.1676433223233746,10.698096028981599,9.710996718246347,5.928236952563198,0.32108933039654114,1051594655.4838135,11069408.94263802,311.803337302385,0.39398298561465134,403.2353148885496,234.9955492318504,12002007.089820191,27002007.08982019,10330946.204516761,469.61858359600996,469.61858359600996,469.61858359600996,325.3597249294571,144.25885866655284,1051594655.4838148,1051594655.4838135,0.0,0.9999999999999988,0.010208538587661185,0.0035175009468607784,0.47717969089674,0.0,1.2469654331357298e-15,2619,0,0.0,1.2573946270003944,0.0,3.220104879243313e-14,58,0.05,24000000.0,True,-3002007.0898201913,0.45160;0.45162;0.45170;0.45181;0.45196;0.45217;0.45246;0.45287;0.45141;0.45008;0.44431;0.44097;0.44410;0.44799;0.45127;0.45301;0.42279;0.32013;0.08802;0.00189;0.00000;0.00000;0.00000;0.00000,1.4642575438483465,1607.9220252308185,3.2062649841928597,387851861.9323878,8.588665880671323,6.664604757546921,10.698096028981599,0.6110223419556298,0.7655777607860739,-1.5570325737372883,3.1676433223233746,0.5007362739693746,0.0036818546502284002,24038.711830625645,4.380911191290754,66.97396924236438,0.5405504981604088,1.9196581659176142,3.0814561626553805,0.28322390064480907,253.77319147957485,0.06863288623257072,1.4635452088386702,1.3733450542072998,1.1874653800384416,1.7322499682967316,3.2055526491831836,1.044124432097891,12.002007089820191,27.002007089820193,1.0515946554838136,1.051594655483815,0.0,shift
ok,R20014_S+01,20014,1,20276205,29.124437336164515,0.4337855951789274,0.1635616979016307,55.208689756702114,3697.545089676604,2.0123662500848423,3.792080581003467,0.35313341676584875,0.2183683902929093,0.0668888597924912,736.4035099511225,4,2.562278012244321e-14,2.869647887605755e-14,2.331462617712431e-14,1.51966822305612e-14,5.3276215938688696e-14,0.41184064477056737,0.5884567781368389,1.584294999378017e-12,3.471766419601679,3.1676433223233746,0.5117724974601662,0.9755293672229514,1.1218695023370948,0.9507929028025963,140429910.55170032,1356809.3906053074,114.12040139847544,0.3952130536152153,145.45104606707355,84.16287761506892,1232381.0901607946,16232381.090160795,1151720.0792740956,174.36433509371224,174.36433509371224,174.36433509371224,116.8057527169325,57.55858237677974,140429910.55170032,140429910.55170035,0.0,1.0000000000000002,0.0014627873587071008,0.0004886235037962469,0.5612047217805055,0.0,2.1222204208926961e-16,240,0,0.0,0.1284229070006404,0.0,1.731698012491543e-14,0,0.05,24000000.0,False,7767618.909839205,0.53973;0.53987;0.54031;0.54092;0.54178;0.54296;0.54462;0.54692;0.55040;0.55599;0.55186;0.52286;0.47992;0.42635;0.31448;0.07386;0.00001;0.00000;0.00000;0.00000;0.00000;0.00000;0.00000;0.00000,1.4642575438483465,1607.9220252308185,3.2062649841928597,387851861.9323878,8.588665880671323,0.8899910674557021,1.1218695023370948,0.25611738536211737,0.41778561579696577,0.49328630521820566,3.1676433223233746,0.5007362739693746,0.0004916747308477497,24038.711830625645,4.380911191290754,66.97396924236438,0.5405504981604088,0.2563510789293861,0.32314083574372743,-0.5911648503628733,92.7366419856296,0.02508059800123778,1.4635452088386702,1.3733450542072998,1.1874653800384416,1.7322499682967316,3.2055526491831836,0.13251884071596523,1.2323810901607946,16.232381090160793,0.14042991055170034,0.14042991055170032,0.0,shift
ok,R20014_S+02,20014,2,20276205,29.124437336164515,0.4337855951789274,0.1635616979016307,55.208689756702114,3697.545089676604,2.0123662500848423,3.792080581003467,0.35313341676584875,0.2183683902929093,0.0668888597924912,736.4035099511225,4,2.562278012244321e-14,2.869647887605755e-14,2.331462617712431e-14,1.51966822305612e-14,5.3276215938688696e-14,0.41184064477056737,0.5884567781368389,1.584294999378017e-12,3.471766419601679,3.1676433223233746,0.08177412618555889,1.4401761975570584,2.457908054062181,2.8485207063704188,269359069.7334598,3401112.216083899,161.0658642571266,0.41043059748622845,206.20473343403407,117.28374268476702,3213781.8425319493,18213781.84253195,2875571.3111531064,248.31340446188864,248.31340446188864,248.31340446188864,158.6091115104295,89.70429295145914,269359069.7334598,269359069.73345983,0.0,1.0000000000000002,0.002682607670955029,0.0009316633082918097,0.5308723387802586,0.0,2.212832292388428e-16,420,0,0.0,0.24252055199940514,0.0,7.945133748060563e-14,0,0.05,24000000.0,False,5786218.157468051,0.48831;0.48851;0.48915;0.49004;0.49128;0.49300;0.49539;0.49873;0.50163;0.50503;0.51159;0.52288;0.51401;0.47762;0.42291;0.30405;0.07614;0.00046;0.00000;0.00000;0.00000;0.00000;0.00000;0.00000,1.4642575438483465,1607.9220252308185,3.2062649841928597,387851861.9323878,8.588665880671323,1.7070947710438042,2.8485207063704188,0.626788129067071,0.22288603268522986,1.620734025500606,3.1676433223233746,0.5007362739693746,0.0009430829058588725,24038.711830625645,4.380911191290754,66.97396924236438,0.5405504981604088,0.4917078411167022,0.8204816690107953,-0.3082928660914462,128.4361734800891,0.034735525967939565,1.4635452088386702,1.3733450542072998,1.1874653800384416,1.7322499682967316,3.2055526491831836,0.5316209612541077,3.213781842531949,18.21378184253195,0.26935906973345985,0.26935906973345974,0.0,shift
