grid,y_m,T_K
13x12,0.000000,700.0000
13x12,0.090909,610.6434
13x12,0.181818,539.1022
13x12,0.272727,484.0343
13x12,0.363636,444.2643
13x12,0.454545,418.7255
13x12,0.545455,406.4020
13x12,0.636364,406.2789
13x12,0.727273,417.2671
13x12,0.818182,438.0344
13x12,0.909091,466.6513
13x12,1.000000,500.0000
25x23,0.000000,700.0000
25x23,0.045455,652.6591
25x23,0.090909,610.0140
25x23,0.136364,571.8956
25x23,0.181818,538.1312
25x23,0.227273,508.5430
25x23,0.272727,482.9569
25x23,0.318182,461.2086
25x23,0.363636,443.1464
25x23,0.409091,428.6309
25x23,0.454545,417.5325
25x23,0.500000,409.7280
25x23,0.545455,405.0978
25x23,0.590909,403.5234
25x23,0.636364,404.8837
25x23,0.681818,409.0519
25x23,0.727273,415.8889
25x23,0.772727,425.2337
25x23,0.818182,436.8885
25x23,0.863636,450.5956
25x23,0.909091,466.0098
25x23,0.954545,482.6716
25x23,1.000000,500.0000
49x45,0.000000,700.0000
49x45,0.022727,675.5951
49x45,0.045455,652.3913
49x45,0.068182,630.3692
49x45,0.090909,609.5103
49x45,0.113636,589.7957
49x45,0.136364,571.2054
49x45,0.159091,553.7178
49x45,0.181818,537.3106
49x45,0.204545,521.9604
49x45,0.227273,507.6437
49x45,0.250000,494.3375
49x45,0.272727,482.0188
49x45,0.295455,470.6659
49x45,0.318182,460.2577
49x45,0.340909,450.7742
49x45,0.363636,442.1963
49x45,0.386364,434.5061
49x45,0.409091,427.6860
49x45,0.431818,421.7196
49x45,0.454545,416.5909
49x45,0.477273,412.2844
49x45,0.500000,408.7851
49x45,0.522727,406.0781
49x45,0.545455,404.1490
49x45,0.568182,402.9833
49x45,0.590909,402.5665
49x45,0.613636,402.8843
49x45,0.636364,403.9217
49x45,0.659091,405.6639
49x45,0.681818,408.0949
49x45,0.704545,411.1983
49x45,0.727273,414.9563
49x45,0.750000,419.3494
49x45,0.772727,424.3558
49x45,0.795455,429.9506
49x45,0.818182,436.1053
49x45,0.840909,442.7862
49x45,0.863636,449.9537
49x45,0.886364,457.5611
49x45,0.909091,465.5540
49x45,0.931818,473.8693
49x45,0.954545,482.4356
49x45,0.977273,491.1740
49x45,1.000000,500.0000
97x89,0.000000,700.0000
97x89,0.011364,687.6065
97x89,0.022727,675.5162
97x89,0.034091,663.7267
97x89,0.045455,652.2359
97x89,0.056818,641.0416
97x89,0.068182,630.1418
97x89,0.079545,619.5342
97x89,0.090909,609.2167
97x89,0.102273,599.1871
97x89,0.113636,589.4431
97x89,0.125000,579.9820
97x89,0.136364,570.8014
97x89,0.147727,561.8985
97x89,0.159091,553.2706
97x89,0.170455,544.9147
97x89,0.181818,536.8280
97x89,0.193182,529.0074
97x89,0.204545,521.4499
97x89,0.215909,514.1525
97x89,0.227273,507.1121
97x89,0.238636,500.3258
97x89,0.250000,493.7906
97x89,0.261364,487.5035
97x89,0.272727,481.4616
97x89,0.284091,475.6622
97x89,0.295455,470.1025
97x89,0.306818,464.7797
97x89,0.318182,459.6913
97x89,0.329545,454.8346
97x89,0.340909,450.2071
97x89,0.352273,445.8065
97x89,0.363636,441.6304
97x89,0.375000,437.6764
97x89,0.386364,433.9423
97x89,0.397727,430.4259
97x89,0.409091,427.1250
97x89,0.420455,424.0376
97x89,0.431818,421.1616
97x89,0.443182,418.4949
97x89,0.454545,416.0357
97x89,0.465909,413.7819
97x89,0.477273,411.7317
97x89,0.488636,409.8832
97x89,0.500000,408.2344
97x89,0.511364,406.7837
97x89,0.522727,405.5290
97x89,0.534091,404.4688
97x89,0.545455,403.6011
97x89,0.556818,402.9241
97x89,0.568182,402.4362
97x89,0.579545,402.1354
97x89,0.590909,402.0202
97x89,0.602273,402.0886
97x89,0.613636,402.3389
97x89,0.625000,402.7693
97x89,0.636364,403.3779
97x89,0.647727,404.1631
97x89,0.659091,405.1227
97x89,0.670455,406.2551
97x89,0.681818,407.5581
97x89,0.693182,409.0298
97x89,0.704545,410.6681
97x89,0.715909,412.4708
97x89,0.727273,414.4356
97x89,0.738636,416.5601
97x89,0.750000,418.8419
97x89,0.761364,421.2781
97x89,0.772727,423.8659
97x89,0.784091,426.6022
97x89,0.795455,429.4836
97x89,0.806818,432.5065
97x89,0.818182,435.6669
97x89,0.829545,438.9605
97x89,0.840909,442.3827
97x89,0.852273,445.9283
97x89,0.863636,449.5917
97x89,0.875000,453.3669
97x89,0.886364,457.2473
97x89,0.897727,461.2257
97x89,0.909091,465.2945
97x89,0.920455,469.4453
97x89,0.931818,473.6694
97x89,0.943182,477.9575
97x89,0.954545,482.2998
97x89,0.965909,486.6859
97x89,0.977273,491.1053
97x89,0.988636,495.5470
97x89,1.000000,500.0000
193x177,0.000000,700.0000
193x177,0.005682,693.7546
193x177,0.011364,687.5853
193x177,0.017045,681.4919
193x177,0.022727,675.4740
193x177,0.028409,669.5315
193x177,0.034091,663.6639
193x177,0.039773,657.8711
193x177,0.045455,652.1529
193x177,0.051136,646.5089
193x177,0.056818,640.9390
193x177,0.062500,635.4428
193x177,0.068182,630.0201
193x177,0.073864,624.6708
193x177,0.079545,619.3944
193x177,0.085227,614.1908
193x177,0.090909,609.0597
193x177,0.096591,604.0008
193x177,0.102273,599.0138
193x177,0.107955,594.0984
193x177,0.113636,589.2544
193x177,0.119318,584.4813
193x177,0.125000,579.7790
193x177,0.130682,575.1471
193x177,0.136364,570.5852
193x177,0.142045,566.0930
193x177,0.147727,561.6702
193x177,0.153409,557.3163
193x177,0.159091,553.0311
193x177,0.164773,548.8142
193x177,0.170455,544.6652
193x177,0.176136,540.5838
193x177,0.181818,536.5695
193x177,0.187500,532.6219
193x177,0.193182,528.7408
193x177,0.198864,524.9257
193x177,0.204545,521.1762
193x177,0.210227,517.4920
193x177,0.215909,513.8726
193x177,0.221591,510.3177
193x177,0.227273,506.8269
193x177,0.232955,503.3998
193x177,0.238636,500.0360
193x177,0.244318,496.7352
193x177,0.250000,493.4969
193x177,0.255682,490.3209
193x177,0.261364,487.2066
193x177,0.267045,484.1539
193x177,0.272727,481.1622
193x177,0.278409,478.2313
193x177,0.284091,475.3608
193x177,0.289773,472.5503
193x177,0.295455,469.7995
193x177,0.301136,467.1080
193x177,0.306818,464.4756
193x177,0.312500,461.9019
193x177,0.318182,459.3865
193x177,0.323864,456.9291
193x177,0.329545,454.5294
193x177,0.335227,452.1871
193x177,0.340909,449.9019
193x177,0.346591,447.6735
193x177,0.352273,445.5015
193x177,0.357955,443.3857
193x177,0.363636,441.3257
193x177,0.369318,439.3214
193x177,0.375000,437.3723
193x177,0.380682,435.4782
193x177,0.386364,433.6389
193x177,0.392045,431.8540
193x177,0.397727,430.1233
193x177,0.403409,428.4465
193x177,0.409091,426.8233
193x177,0.414773,425.2535
193x177,0.420455,423.7368
193x177,0.426136,422.2730
193x177,0.431818,420.8617
193x177,0.437500,419.5028
193x177,0.443182,418.1961
193x177,0.448864,416.9411
193x177,0.454545,415.7378
193x177,0.460227,414.5858
193x177,0.465909,413.4849
193x177,0.471591,412.4350
193x177,0.477273,411.4356
193x177,0.482955,410.4867
193x177,0.488636,409.5879
193x177,0.494318,408.7391
193x177,0.500000,407.9400
193x177,0.505682,407.1904
193x177,0.511364,406.4900
193x177,0.517045,405.8386
193x177,0.522727,405.2361
193x177,0.528409,404.6821
193x177,0.534091,404.1765
193x177,0.539773,403.7190
193x177,0.545455,403.3094
193x177,0.551136,402.9475
193x177,0.556818,402.6330
193x177,0.562500,402.3658
193x177,0.568182,402.1456
193x177,0.573864,401.9722
193x177,0.579545,401.8454
193x177,0.585227,401.7650
193x177,0.590909,401.7307
193x177,0.596591,401.7424
193x177,0.602273,401.7997
193x177,0.607955,401.9025
193x177,0.613636,402.0506
193x177,0.619318,402.2437
193x177,0.625000,402.4817
193x177,0.630682,402.7642
193x177,0.636364,403.0911
193x177,0.642045,403.4622
193x177,0.647727,403.8771
193x177,0.653409,404.3358
193x177,0.659091,404.8378
193x177,0.664773,405.3831
193x177,0.670455,405.9714
193x177,0.676136,406.6024
193x177,0.681818,407.2759
193x177,0.687500,407.9916
193x177,0.693182,408.7494
193x177,0.698864,409.5488
193x177,0.704545,410.3897
193x177,0.710227,411.2718
193x177,0.715909,412.1948
193x177,0.721591,413.1584
193x177,0.727273,414.1624
193x177,0.732955,415.2064
193x177,0.738636,416.2902
193x177,0.744318,417.4134
193x177,0.750000,418.5757
193x177,0.755682,419.7767
193x177,0.761364,421.0162
193x177,0.767045,422.2937
193x177,0.772727,423.6089
193x177,0.778409,424.9613
193x177,0.784091,426.3507
193x177,0.789773,427.7765
193x177,0.795455,429.2383
193x177,0.801136,430.7357
193x177,0.806818,432.2682
193x177,0.812500,433.8352
193x177,0.818182,435.4364
193x177,0.823864,437.0710
193x177,0.829545,438.7386
193x177,0.835227,440.4385
193x177,0.840909,442.1702
193x177,0.846591,443.9329
193x177,0.852273,445.7260
193x177,0.857955,447.5489
193x177,0.863636,449.4006
193x177,0.869318,451.2806
193x177,0.875000,453.1879
193x177,0.880682,455.1217
193x177,0.886364,457.0812
193x177,0.892045,459.0654
193x177,0.897727,461.0734
193x177,0.903409,463.1041
193x177,0.909091,465.1567
193x177,0.914773,467.2300
193x177,0.920455,469.3229
193x177,0.926136,471.4343
193x177,0.931818,473.5631
193x177,0.937500,475.7080
193x177,0.943182,477.8679
193x177,0.948864,480.0414
193x177,0.954545,482.2274
193x177,0.960227,484.4244
193x177,0.965909,486.6312
193x177,0.971591,488.8464
193x177,0.977273,491.0686
193x177,0.982955,493.2965
193x177,0.988636,495.5287
193x177,0.994318,497.7636
193x177,1.000000,500.0000
