# T (K) after 5 h; rows j = 0..11 (y = 0 to 1 m), columns i = 0..12 (x = 0 to 1 m)
465.881764,478.246771,519.733543,612.132034,659.807621,689.777748,700.000000,689.777748,659.807621,612.132034,519.733543,478.246771,465.881764
458.579102,468.494259,498.376143,545.498013,580.860597,603.061205,610.643421,603.061205,580.860597,545.498013,498.376143,468.494259,458.579102
441.621947,448.415480,467.666832,494.690846,518.216510,533.720386,539.102163,533.720386,518.216510,494.690846,467.666832,448.415480,441.621947
421.486202,425.903288,438.070988,454.551854,469.853150,480.334675,484.034280,480.334675,469.853150,454.551854,438.070988,425.903288,421.486202
403.127480,406.022750,413.907303,424.493830,434.620022,441.725862,444.264267,441.725862,434.620022,424.493830,413.907303,406.022750,403.127480
389.593295,391.644154,397.199761,404.632572,411.812516,416.899131,418.725519,416.899131,411.812516,404.632572,397.199761,391.644154,389.593295
382.328566,384.062296,388.732855,394.915051,400.804399,404.929769,406.402036,404.929769,400.804399,394.915051,388.732855,384.062296,382.328566
381.506437,383.394977,388.452155,395.001848,400.925183,404.895165,406.278922,404.895165,400.925183,395.001848,388.452155,383.394977,381.506437
386.198791,388.762926,395.649702,404.400412,411.481472,415.822279,417.267115,415.822279,411.481472,404.400412,395.649702,388.762926,386.198791
394.350289,398.236443,408.971201,422.889980,431.866392,436.578544,438.034374,436.578544,431.866392,422.889980,408.971201,398.236443,394.350289
402.631022,408.490431,425.926790,451.926852,461.673242,465.575157,466.651275,465.575157,461.673242,451.926852,425.926790,408.490431,402.631022
406.591579,414.179207,440.037928,500.000000,500.000000,500.000000,500.000000,500.000000,500.000000,500.000000,440.037928,414.179207,406.591579
