t_s,node,x_cm,T_this_code_C,T_tutorial_C,difference_C
0.1,1,2.0,2.00465303,2.0047,-4.70e-05
0.1,2,4.0,0.04058881,0.0406,-1.12e-05
0.1,3,6.0,0.02089859,0.0209,-1.41e-06
0.1,4,8.0,1.00233862,1.0023,+3.86e-05
0.2,1,2.0,3.93053648,3.9305,+3.65e-05
0.2,2,4.0,0.11896270,0.119,-3.73e-05
0.2,3,6.0,0.06182687,0.0618,+2.69e-05
0.2,4,8.0,1.96532686,1.9653,+2.69e-05
0.3,1,2.0,5.78151161,5.7815,+1.16e-05
0.3,2,4.0,0.23249071,0.2325,-9.29e-06
0.3,3,6.0,0.12193731,0.1219,+3.73e-05
0.3,4,8.0,2.89092614,2.8909,+2.61e-05
0.4,1,2.0,7.56123548,7.5612,+3.55e-05
0.4,2,4.0,0.37870405,0.3787,+4.05e-06
0.4,3,6.0,0.20040431,0.2004,+4.31e-06
0.4,4,8.0,3.78100271,3.781,+2.71e-06
