insulated_boundary_treatment,nodes_per_side,dx_m,dt_s,rms_error_K,max_error_K
central,9,0.125,0.25,0.15054629238329975,0.30296856916112347
central,17,0.0625,0.25,0.03799255586181982,0.07611691671340282
central,33,0.03125,0.25,0.00961649078202602,0.019241818311854786
central,65,0.015625,0.25,0.0025061643860156044,0.005012922429500577
one_sided,9,0.125,0.25,1.433061845250777,4.25798348812026
one_sided,17,0.0625,0.25,0.7636541970025518,2.6207587530696514
one_sided,33,0.03125,0.25,0.3906694236523744,1.4509527174119796
one_sided,65,0.015625,0.25,0.19708912155298816,0.7625552468600176
central,9,0.125,0.0625,0.1504481580297839,0.3027710793650158
central,17,0.0625,0.0625,0.037892374279756835,0.07591620580365088
central,33,0.03125,0.0625,0.009515776100731682,0.01904029880947178
central,65,0.015625,0.0625,0.002405314052956615,0.004811197788114896
