scenario_id,level,status,dp_bh_max_MPa,r_plume_m95_m,sweep_efficiency,mass_balance_error,n_steps,wall_time_s
R0005_S+00,production,ok,13.804688530289821,524.5159034222482,0.020370885625523482,5.002009175210573e-15,4597,2.0742633379995823
R0005_S+00,n_r_x2,ok,13.762614963989295,505.05386453585027,0.0182696181599103,1.912532919933444e-15,9875,5.354999535000388
R0005_S+00,r_near_half,ok,13.807930097649432,543.3398554964971,0.02329509844303878,3.236594172195051e-15,15992,9.04650501300057
R0005_S+00,time_fine,ok,13.804715464824397,524.5187247144909,0.020370885625523482,2.353886670687319e-15,4727,2.6893271429999004
R0005_S+00,fine,ok,13.766591428614051,508.49900832110893,0.01905213726028981,3.825065839866876e-15,35357,20.857896448000247
R0008_S+00,production,ok,1.0411298256913182,91.43133266474577,0.0028466958848850756,4.103840426726278e-13,188,0.11066994599968893
R0008_S+00,n_r_x2,ok,1.041064699540766,86.80380189944808,0.002688072764465466,1.0307112158653303e-13,254,0.2053301060004742
R0008_S+00,r_near_half,ok,1.0411623479790986,93.41061664343601,0.0032222934121954243,6.808059983318722e-14,263,0.16184697999960918
R0008_S+00,time_fine,ok,1.0411132826222442,91.68145815075786,0.0028466958848850756,2.8484296941701304e-13,293,0.147643981001238
R0008_S+00,fine,ok,1.041113121040143,87.82049390575642,0.002571686404023686,8.853831702444051e-14,532,0.30151243199907185
R0012_S+00,production,ok,2.088457304747701,113.21767068728835,0.004753627053586332,2.711149936492154e-16,269,0.15675423500033503
R0012_S+00,n_r_x2,ok,2.087213897315614,109.77818916112413,0.0039061708492741914,1.4911324650706843e-15,403,0.21053712200045993
R0012_S+00,r_near_half,ok,2.090595641721785,115.23022168328869,0.004280047863993551,9.489024777722533e-16,382,0.19922231400050805
R0012_S+00,time_fine,ok,2.0884856552820987,113.28927478714127,0.004753627053586332,4.3378398983874424e-15,432,0.22954462900088402
R0012_S+00,fine,ok,2.0882437748331353,110.46587685230433,0.003948843956249699,1.3555749682460762e-15,892,0.5910899419995985
R0013_S+00,production,ok,5.210947191087011,159.53543378488914,0.01104715230021074,3.4535540729739294e-15,438,0.3452382480008964
R0013_S+00,n_r_x2,ok,5.2057098584341075,154.55784616236863,0.010236252676849862,2.158471295608708e-16,733,0.463951346999238
R0013_S+00,r_near_half,ok,5.212731058979821,163.76747550186286,0.011580449248968202,0.0,892,0.5651217089998681
R0013_S+00,time_fine,ok,5.2109691653015835,159.5612266122982,0.01104715230021074,2.158471295608708e-16,613,0.40626079499998013
R0013_S+00,fine,ok,5.20750304273837,154.77644745585022,0.009882962170106785,2.158471295608711e-16,2030,1.3378774779994274
R0023_S+01,production,ok,16.373747264050596,433.4784864709016,0.04935603804183237,0.0,2395,1.4879587799987348
R0023_S+01,n_r_x2,ok,16.37116538905631,408.6265077452359,0.044795921836668806,3.7045787496296355e-15,5016,2.7175677899995208
R0023_S+01,r_near_half,ok,16.373746793104015,432.5482704854879,0.045472954453474324,5.4593792099805066e-15,7891,4.190492921999976
R0023_S+01,time_fine,ok,16.373742525963426,433.4849742910724,0.04935603804183237,3.5096009207017647e-15,2495,1.0297286400000303
R0023_S+01,fine,ok,16.371173083532334,411.6568553939946,0.0456712846097629,2.3397339471344836e-15,17303,10.041345180001372
R0034_S+00,production,ok,1.073117348613223,107.11401359824606,0.0028315386097960207,1.6714839387846375e-14,231,0.11796369900002901
R0034_S+00,n_r_x2,ok,1.073035530800121,103.25613922238627,0.0023146153864148904,1.6354087458612284e-14,290,0.15234520800004248
R0034_S+00,r_near_half,ok,1.073201496504994,110.60229006921932,0.002519855256693802,4.0885218646530685e-15,267,0.14454318000025523
R0034_S+00,time_fine,ok,1.0731028115942347,107.22192637706567,0.0028315386097960207,7.57579051391598e-15,398,0.18588264900063223
R0034_S+00,fine,ok,1.0730831529995482,103.8096931866568,0.0023267531102910332,2.7657647907947227e-15,595,0.2914146040002379
R0036_S+02,production,ok,11.750826710555486,242.65275060491098,0.008965344164274141,1.7349560795261723e-15,1214,0.7201826050004456
R0036_S+02,n_r_x2,ok,11.6716717645207,233.0294601966775,0.008858198388393529,2.081947295431401e-15,2388,1.4017883500000607
R0036_S+02,r_near_half,ok,11.762241637587428,245.75587496138542,0.009421788271627353,3.469912159052334e-16,3671,2.1548372090001067
R0036_S+02,time_fine,ok,11.750998686954066,242.66054875632497,0.008965344164274141,1.2723011249858567e-15,1340,0.8155079730004218
R0036_S+02,fine,ok,11.679597131145007,233.859313057135,0.008765137605950801,3.1229209431470964e-15,8028,4.760959174000163
R0044_S+02,production,ok,3.2449454017549084,160.81316677546158,0.0044394696486293305,6.359213676545601e-16,364,0.22658471999966423
R0044_S+02,n_r_x2,ok,3.2331795174465254,152.59655646977325,0.003995780984298253,3.1796068382728023e-16,608,0.3374511700003495
R0044_S+02,r_near_half,ok,3.2522722827543764,161.80195348872815,0.004290856573882631,9.538820514818421e-16,730,0.48949105399879045
R0044_S+02,time_fine,ok,3.245445632144373,160.8438098064388,0.0044394696486293305,6.359213676545607e-16,526,0.3064023939987237
R0044_S+02,fine,ok,3.237030278647948,153.82836604642708,0.0039242992416447945,3.179606838272801e-16,1715,0.76630518499951
R0049_S+01,production,ok,5.26841774512402,257.7626569849957,0.010323705400317107,1.8174256794342858e-16,821,0.44843331499941996
R0049_S+01,n_r_x2,ok,5.261070207627419,247.5185951263872,0.009499373065635452,1.0904554076605713e-15,1583,0.9785133259993017
R0049_S+01,r_near_half,ok,5.269162609098859,263.1166353578147,0.011116857684592477,1.0904554076605677e-15,2329,1.3352360110002337
R0049_S+01,time_fine,ok,5.268415242957566,257.76961275627326,0.010323705400317107,5.452277038302853e-16,944,0.4740503119992354
R0049_S+01,fine,ok,5.261851626169145,248.8176299526178,0.010041843664061733,9.087128397171425e-16,5162,2.6286533439997584
R0073_S+02,production,ok,1.4519790541702975,140.97023266755883,0.0035588385924838666,1.5206877873102433e-15,223,0.11978746599925216
R0073_S+02,n_r_x2,ok,1.449952525599584,135.6005918703585,0.0033255384379098822,3.886202123126175e-15,301,0.15776581200043438
R0073_S+02,r_near_half,ok,1.4522405683448016,141.52012673749226,0.003919100584475564,8.448265485056905e-16,317,0.1609933119998459
R0073_S+02,time_fine,ok,1.4520081580462307,141.02595389079676,0.0035588385924838666,6.758612388045526e-16,341,0.16796597400025348
R0073_S+02,fine,ok,1.4509429354574979,136.47751693104377,0.003545826206945179,6.758612388045528e-16,713,0.49870149200069136
R0077_S+01,production,ok,5.809337690088705,155.00617878677838,0.013736644647685009,2.2910514334896986e-16,504,0.28681651999977475
R0077_S+01,n_r_x2,ok,5.808231664429121,150.3590417310325,0.013269436818349948,2.1764988618152147e-15,930,0.5395629199992982
R0077_S+01,r_near_half,ok,5.809241674946364,155.0643530865287,0.013347254343521624,6.873154300469105e-16,1182,0.6187629939995531
R0077_S+01,time_fine,ok,5.809318165508389,155.01280121164805,0.013736644647685009,5.84218115539873e-15,676,0.34805810599937104
R0077_S+01,fine,ok,5.808136154005982,150.38325675586862,0.014096820453848895,8.018680017213949e-16,2651,1.6679620769991743
R0089_S+01,production,ok,17.44595288828028,507.6939568409794,0.035591701891642916,1.132077815030753e-15,4446,2.4956094899989694
R0089_S+01,n_r_x2,ok,17.416681289748723,494.0774189528084,0.03178512617570696,7.5471854335383645e-16,9468,5.275283717999628
R0089_S+01,r_near_half,ok,17.451781688113673,530.2430842769328,0.03814846309088964,1.8867963583845756e-16,15321,8.478848643000674
R0089_S+01,time_fine,ok,17.445973073218948,507.69716531653125,0.035591701891642916,4.150951988446115e-15,4568,2.238104027999725
R0089_S+01,fine,ok,17.420311647794122,493.4498931934225,0.03259416983888104,2.2641556300615103e-15,33695,17.975396640000326
R0093_S+02,production,ok,1.8445411519699655,150.98952552185762,0.003347699140257633,1.0129738222567532e-14,312,0.1752441410008032
R0093_S+02,n_r_x2,ok,1.8424116767562515,145.34963057314036,0.0030789573476193103,4.207737415528052e-15,488,0.315650693999487
R0093_S+02,r_near_half,ok,1.8444721781776845,155.29594668703115,0.0037130243503178868,3.584368909523891e-15,517,0.34169641500011494
R0093_S+02,time_fine,ok,1.844606366047118,151.04999376341573,0.003347699140257633,5.142790174534287e-15,493,0.27677082999980485
R0093_S+02,fine,ok,1.8422609734933713,146.71979042491057,0.0032049178546402868,1.2467370120083138e-15,1226,0.7227768720003951
R0036_S+02,finer,ok,11.636749302304198,230.99120907333025,0.00842924580147449,7.74947048855009e-15,60343,36.843722775998685
R0023_S+01,finer,ok,16.369884155585865,402.8484259446716,0.04296953728760664,2.9246674339180523e-15,128317,76.84007070600092
R0034_S+00,finer,ok,1.0730164224522785,102.0615781281933,0.002235106005951441,8.417545015462218e-16,2533,1.5726573060001101
R0008_S+00,finer,ok,1.0410898082812223,85.91245523439834,0.002577652042813436,1.7551156278834845e-14,1854,1.3069425279991265
