feature,importance_mean,importance_std
log10_kh,755.5782612811018,172.77237096091696
q_ramp,354.0964791466229,63.10387463210881
q_front_load,327.3669927768735,50.15393288797751
log10_k_mD,214.03663694826542,23.655710266714156
log10_q_mult_mean,163.302677162192,10.173185436718871
log10_q_ref,107.39062989759682,8.10037494920289
log10_injectivity,84.47721531016637,7.731403712085374
phi_mean,49.354625237754135,8.313039641255088
r_e_m,22.840011771254105,2.0053643218753425
log10_mobility_ratio,20.9783712954775,2.566836048336648
mu_g_cP,14.833747027521103,2.3857582215800943
log10_pv,11.005481929983466,1.5275376424436324
n_g,10.732757290073785,1.4981713916903017
S_ar,9.118576565923135,1.3965348959088018
rho_g,8.49495432292155,1.1125842321228474
dimensionless_mass,7.670481968214878,1.32076624080481
aspect_ratio,7.092941752907448,0.7720104858275929
krg0,5.217198329572976,1.1174759634172615
n_a,4.398813756866161,0.9151761013702034
h_total_m,2.4031044315883308,0.679955619049262
r_fill_est_m,2.143417075319603,0.661113830372277
V_DP_layers,1.9056304511833417,0.671418782382005
planned_mass_kg,0.4160342253630159,0.08674353602256836
q_mean_kg_s,0.41603422535776174,0.08674353602157843
V_DP,0.30274020309440697,0.179562777166567
r_fill_over_re,0.03832658520783729,0.06030530388975087
q_cv,-0.01017379353572645,0.1292980077927868
q_mult_max,-0.10832140162325592,0.15941550382796552
q_max_kg_s,-0.4814151280731247,0.12577295586443235
