realisation_id,set,method,status,mass_Mt,n_simulations,flags,first_simulated_violates,verified_dp_MPa,verified_r95_m,recommended_rates_kg_s,in_domain,k_median_mD,constant_mass_Mt,mass_vs_constant_pct
10000,final_test,simulator_constant,VERIFIED_FEASIBLE,0.319786260695286,4,,False,8.820005771578096,309.21029139808377,"[2.026683022126438, 2.026683022126438, 2.026683022126438, 2.026683022126438]",False,104.87222080491242,0.319786260695286,0.0
10000,final_test,rom_constant,VERIFIED_FEASIBLE,0.3260421021904369,1,,False,8.991721230597406,311.5292310362506,"[2.0663301530562284, 2.0663301530562284, 2.0663301530562284, 2.0663301530562284]",False,104.87222080491242,0.319786260695286,1.9562571204745705
10000,final_test,surrogate_published,VERIFIED_FEASIBLE,0.2831483899506549,3,,False,7.288989283560299,292.68220421388105,"[3.7556726916032956, 1.9992841836491173, 0.9162919550543641, 0.5066960058190363]",False,104.87222080491242,0.319786260695286,-11.456987134147749
10000,final_test,rom_shaped,VERIFIED_FEASIBLE,0.3422014071852412,1,,False,8.952121181210346,319.03492877129565,"[2.890773997630404, 2.7712354207409553, 2.108972359749317, 0.9039848146554873]",False,104.87222080491242,0.319786260695286,7.009415114088942
10000,final_test,surrogate_verified,VERIFIED_FEASIBLE,0.3260421021904369,1,surrogate_out_of_domain;simulator_fallback,False,8.991721230597406,311.5292310362506,"[2.0663301530562284, 2.0663301530562284, 2.0663301530562284, 2.0663301530562284]",False,104.87222080491242,0.319786260695286,1.9562571204745705
10001,final_test,simulator_constant,VERIFIED_FEASIBLE,1.073352843077154,4,,False,8.819879258807392,253.89885256688032,"[6.8024998293732795, 6.8024998293732795, 6.8024998293732795, 6.8024998293732795]",True,334.33675991999854,1.073352843077154,0.0
10001,final_test,rom_constant,VERIFIED_FEASIBLE,1.0826379128085262,1,,False,8.893879204633393,254.64096835868312,"[6.86134505037473, 6.86134505037473, 6.86134505037473, 6.86134505037473]",True,334.33675991999854,1.073352843077154,0.8650528846370045
10001,final_test,surrogate_published,VERIFIED_FEASIBLE,0.9508938889679568,3,,False,7.651281938147933,244.0452153418119,"[11.404790986505061, 7.964473200550027, 4.306242918110496, 0.43010013918646833]",True,334.33675991999854,1.073352843077154,-11.40901194784413
10001,final_test,rom_shaped,VERIFIED_FEASIBLE,1.1138043725181919,1,,False,8.933778568070029,257.1963153479962,"[11.352952859310845, 9.61946555740727, 6.192122501849385, 1.0709236926371875]",True,334.33675991999854,1.073352843077154,3.7687075319117787
10001,final_test,surrogate_verified,VERIFIED_FEASIBLE,1.0988691968257651,4,scaled_up_by_simulator,False,8.819984491323915,255.97497640568713,"[13.000432556452092, 8.871610080686116, 4.8998014831462795, 1.085006763832579]",True,334.33675991999854,1.073352843077154,2.3772568278162205
10002,final_test,simulator_constant,VERIFIED_FEASIBLE,0.7359745991149009,4,,False,8.820036535914674,348.45620807537966,"[4.664325545129547, 4.664325545129547, 4.664325545129547, 4.664325545129547]",True,273.0512092699394,0.7359745991149009,0.0
10002,final_test,rom_constant,VERIFIED_FEASIBLE,0.7423482722786418,1,,False,8.896117624269419,349.45482770985785,"[4.7047194481116525, 4.7047194481116525, 4.7047194481116525, 4.7047194481116525]",True,273.0512092699394,0.7359745991149009,0.8660180896740106
10002,final_test,surrogate_published,VERIFIED_FEASIBLE,0.6886458012062912,3,,False,7.558469077855698,338.97046960381334,"[7.051460007064906, 5.522408651000687, 3.5998480462453433, 1.2837781927988752]",True,273.0512092699394,0.7359745991149009,-6.430765133134814
10002,final_test,rom_shaped,VERIFIED_FEASIBLE,0.8031627564352496,1,,False,8.935338058580939,358.5946102971045,"[9.769509259849155, 6.466083652022847, 3.4384255870623956, 0.6865350649678008]",True,273.0512092699394,0.7359745991149009,9.129140788438976
10002,final_test,surrogate_verified,VERIFIED_FEASIBLE,0.8275113085274497,4,scaled_up_by_simulator,False,8.819988795331708,368.9719677107363,"[11.117880864343558, 5.929915927569454, 2.6504677339569174, 1.2795362835059505]",True,273.0512092699394,0.7359745991149009,12.437482152595049
10003,final_test,simulator_constant,VERIFIED_FEASIBLE,0.49553851025568985,4,,False,6.481629467582356,396.01243108623333,"[3.1405335656430773, 3.1405335656430773, 3.1405335656430773, 3.1405335656430773]",True,259.5819051166982,0.49553851025568985,0.0
10003,final_test,rom_constant,VERIFIED_FEASIBLE,0.500283843459258,2,,True,6.543551335947148,397.8017349145498,"[3.1706076726953745, 3.1706076726953745, 3.1706076726953745, 3.1706076726953745]",True,259.5819051166982,0.49553851025568985,0.9576113874822091
10003,final_test,surrogate_published,VERIFIED_FEASIBLE,0.4555955588084475,3,,False,6.356058616479613,368.6573049128846,"[0.1400042274058879, 2.4054104594562706, 4.107399397988932, 4.896747575311906]",True,259.5819051166982,0.49553851025568985,-8.060514091353353
10003,final_test,rom_shaped,VERIFIED_FEASIBLE,0.5022457058856643,3,scaled_up_by_simulator,False,6.3926136700469405,398.50994572723965,"[2.831270741529016, 3.8998319576733977, 3.717321814536972, 2.28374031211974]",True,259.5819051166982,0.49553851025568985,1.3535165261956446
10003,final_test,surrogate_verified,VERIFIED_FEASIBLE,0.5022457058856643,3,scaled_up_by_simulator,False,6.3926136700469405,398.50994572723965,"[2.831270741529016, 3.8998319576733977, 3.717321814536972, 2.28374031211974]",True,259.5819051166982,0.49553851025568985,1.3535165261956446
10004,final_test,simulator_constant,VERIFIED_FEASIBLE,1.1382615840369468,4,,False,8.819995961086736,394.36569310845437,"[7.213866606059683, 7.213866606059683, 7.213866606059683, 7.213866606059683]",True,375.6508921352108,1.1382615840369468,0.0
10004,final_test,rom_constant,VERIFIED_FEASIBLE,1.138262096741641,4,,False,8.819999892889857,394.36575107513,"[7.213869855385946, 7.213869855385946, 7.213869855385946, 7.213869855385946]",True,375.6508921352108,1.1382615840369468,4.5042782910858526e-05
10004,final_test,surrogate_published,VERIFIED_FEASIBLE,0.9678082318883595,3,,False,7.435173254269898,370.3251028512854,"[8.581423718303578, 5.636376891767248, 4.661075034575523, 5.655518146728404]",True,375.6508921352108,1.1382615840369468,-14.97488402833197
10004,final_test,rom_shaped,VERIFIED_FEASIBLE,1.1571876081057233,4,scaled_up_by_simulator,False,8.702237332826522,395.24951075273157,"[9.094319236017263, 8.016466912457552, 6.794886346812207, 5.4295775390812295]",True,375.6508921352108,1.1382615840369468,1.6627130647468296
10004,final_test,surrogate_verified,VERIFIED_FEASIBLE,1.1571876081057233,4,scaled_up_by_simulator,False,8.702237332826522,395.24951075273157,"[9.094319236017263, 8.016466912457552, 6.794886346812207, 5.4295775390812295]",True,375.6508921352108,1.1382615840369468,1.6627130647468296
10005,final_test,simulator_constant,VERIFIED_FEASIBLE,0.8261323588619719,2,,False,5.698950495637328,399.7454320891811,"[5.235710946725821, 5.235710946725821, 5.235710946725821, 5.235710946725821]",True,280.84050719605466,0.8261323588619719,0.0
10005,final_test,rom_constant,VERIFIED_FEASIBLE,0.8123320574912856,4,,True,5.6052036976667825,396.0279380787684,"[5.1482499143869305, 5.1482499143869305, 5.1482499143869305, 5.1482499143869305]",True,280.84050719605466,0.8261323588619719,-1.6704709872031593
10005,final_test,surrogate_published,VERIFIED_FEASIBLE,0.7851015616360346,3,,False,5.301732800329272,386.6022844698166,"[6.85354067105274, 5.942460672365998, 4.520133446267411, 2.5865589927569776]",True,280.84050719605466,0.8261323588619719,-4.966613011316823
10005,final_test,rom_shaped,VERIFIED_FEASIBLE,0.8121749062644456,4,scaled_up_by_simulator,False,5.642937384171855,395.9815792522228,"[4.1605298299411935, 4.959976897531005, 5.546977483806607, 5.921531588767999]",True,280.84050719605466,0.8261323588619719,-1.6894935112762384
10005,final_test,surrogate_verified,VERIFIED_FEASIBLE,0.8121749062644456,4,scaled_up_by_simulator,False,5.642937384171855,395.9815792522228,"[4.1605298299411935, 4.959976897531005, 5.546977483806607, 5.921531588767999]",True,280.84050719605466,0.8261323588619719,-1.6894935112762384
20000,shift,simulator_constant,VERIFIED_FEASIBLE,0.5281700408828971,4,,False,8.823274410962522,345.0838045927304,"[3.3473397272473004, 3.3473397272473004, 3.3473397272473004, 3.3473397272473004]",False,14.20436272104565,0.5281700408828971,0.0
20000,shift,rom_constant,VERIFIED_FEASIBLE,0.5280460240451537,4,,False,8.821057812504959,345.02821520989824,"[3.346553755958332, 3.346553755958332, 3.346553755958332, 3.346553755958332]",False,14.20436272104565,0.5281700408828971,-0.023480475631697383
20000,shift,surrogate_published,VERIFIED_FEASIBLE,0.3869607528458157,3,,False,7.221914517717845,288.54777830280744,"[3.247521766878758, 3.4238729756970057, 2.5405848677613196, 0.5976574430716998]",False,14.20436272104565,0.5281700408828971,-26.735573225818296
20000,shift,rom_shaped,VERIFIED_FEASIBLE,0.5776044021711128,2,scaled_up_by_simulator,False,8.830725727964795,360.98863233380297,"[4.114512937472624, 3.955685440265245, 3.5812220549499005, 2.991122781526591]",False,14.20436272104565,0.5281700408828971,9.359554208258466
20000,shift,surrogate_verified,VERIFIED_FEASIBLE,0.5280460240451537,4,surrogate_out_of_domain;simulator_fallback,False,8.821057812504959,345.02821520989824,"[3.346553755958332, 3.346553755958332, 3.346553755958332, 3.346553755958332]",False,14.20436272104565,0.5281700408828971,-0.023480475631697383
20001,shift,simulator_constant,VERIFIED_FEASIBLE,0.46127209667936553,4,,False,8.828053488910728,205.34915803378908,"[2.923366141147401, 2.923366141147401, 2.923366141147401, 2.923366141147401]",False,11.719064737817495,0.46127209667936553,0.0
20001,shift,rom_constant,VERIFIED_FEASIBLE,0.4610434268257254,4,,True,8.822999234514336,205.31419276083844,"[2.9219169190668857, 2.9219169190668857, 2.9219169190668857, 2.9219169190668857]",False,11.719064737817495,0.46127209667936553,-0.04957374514658064
20001,shift,surrogate_published,VERIFIED_FEASIBLE,0.405171908104095,3,,True,8.748111121776361,194.5457366881215,"[4.2508257422638085, 3.702567833081639, 2.194474647570652, 0.12343018010808685]",False,11.719064737817495,0.46127209667936553,-12.162059872931422
20001,shift,rom_shaped,VERIFIED_FEASIBLE,0.5102414269810247,2,scaled_up_by_simulator,False,8.826011722331684,215.2362465488029,"[3.8005020600245993, 3.631797115802455, 3.1493625567949564, 2.3531983830021033]",False,11.719064737817495,0.46127209667936553,10.61614839791582
20001,shift,surrogate_verified,VERIFIED_FEASIBLE,0.4610434268257254,4,surrogate_out_of_domain;simulator_fallback,True,8.822999234514336,205.31419276083844,"[2.9219169190668857, 2.9219169190668857, 2.9219169190668857, 2.9219169190668857]",False,11.719064737817495,0.46127209667936553,-0.04957374514658064
20002,shift,simulator_constant,VERIFIED_FEASIBLE,0.24012555472750288,2,,False,8.978700706143432,221.57696038519256,"[1.5218239329195042, 1.5218239329195042, 1.5218239329195042, 1.5218239329195042]",False,10.459093301385854,0.24012555472750288,0.0
20002,shift,rom_constant,VERIFIED_FEASIBLE,0.23780711780109345,2,,False,8.888874651059352,220.68183218958023,"[1.5071305663364365, 1.5071305663364365, 1.5071305663364365, 1.5071305663364365]",False,10.459093301385854,0.24012555472750288,-0.9655102844178397
20002,shift,surrogate_published,VERIFIED_FEASIBLE,0.2217621703332817,3,,True,8.912252211840913,210.3978679962001,"[2.801274695486011, 1.7107185557986935, 0.8601657556264766, 0.2496162949693592]",False,10.459093301385854,0.24012555472750288,-7.64740946254561
20002,shift,rom_shaped,VERIFIED_FEASIBLE,0.2653711558233727,2,scaled_up_by_simulator,False,8.875409582684554,229.64626419830697,"[2.1314232898244754, 1.8511826530388913, 1.5417005794154857, 1.2029770689542572]",False,10.459093301385854,0.24012555472750288,10.513500374634752
20002,shift,surrogate_verified,VERIFIED_FEASIBLE,0.23780711780109345,2,surrogate_out_of_domain;simulator_fallback,False,8.888874651059352,220.68183218958023,"[1.5071305663364365, 1.5071305663364365, 1.5071305663364365, 1.5071305663364365]",False,10.459093301385854,0.24012555472750288,-0.9655102844178397
20003,shift,simulator_constant,VERIFIED_FEASIBLE,0.23255294832298548,4,,False,8.820981746440864,208.66824091950755,"[1.4738316495740194, 1.4738316495740194, 1.4738316495740194, 1.4738316495740194]",False,13.042174015581217,0.23255294832298548,0.0
20003,shift,rom_constant,VERIFIED_FEASIBLE,0.23302107028749602,2,,False,8.839549939420003,208.81578245642368,"[1.476798427557837, 1.476798427557837, 1.476798427557837, 1.476798427557837]",False,13.042174015581217,0.23255294832298548,0.20129693813229274
20003,shift,surrogate_published,VERIFIED_FEASIBLE,0.20164501964364034,3,,False,7.1893231279262375,194.5804449475142,"[2.4555134678978154, 1.6261587759111138, 0.8632716719525032, 0.16685215602198272]",False,13.042174015581217,0.23255294832298548,-13.290706010064463
20003,shift,rom_shaped,VERIFIED_FEASIBLE,0.27238907325847816,2,scaled_up_by_simulator,False,8.84730063623079,226.08853954510946,"[2.6831980837064315, 1.9640397797696107, 1.3667186226309123, 0.8912346122903356]",False,13.042174015581217,0.23255294832298548,17.12991609986623
20003,shift,surrogate_verified,VERIFIED_FEASIBLE,0.23302107028749602,2,surrogate_out_of_domain;simulator_fallback,False,8.839549939420003,208.81578245642368,"[1.476798427557837, 1.476798427557837, 1.476798427557837, 1.476798427557837]",False,13.042174015581217,0.23255294832298548,0.20129693813229274
