model,set,band,rows,rmse,mae,share_of_squared_error,share_of_worst_1pct_errors,mean_h2
ffn_phys0_s0,test,dew,600,2.146264e-02,1.197129e-02,0.583068,0.683333,4.958489e-03
ffn_phys0_s0,test,middle,10800,4.176631e-03,2.586882e-03,0.397445,0.316667,2.597402e-04
ffn_phys0_s0,test,bubble,600,3.923725e-03,2.861076e-03,0.019487,0.000000,7.886841e-05
ffn_phys0_s1,test,dew,600,1.833532e-02,1.064775e-02,0.453446,0.583333,3.607868e-03
ffn_phys0_s1,test,middle,10800,4.663190e-03,2.854090e-03,0.527944,0.416667,4.494891e-04
ffn_phys0_s1,test,bubble,600,3.714501e-03,2.820086e-03,0.018610,0.000000,8.970814e-05
ffn_phys0_s2,test,dew,600,2.128380e-02,1.226974e-02,0.503943,0.675000,4.768405e-03
ffn_phys0_s2,test,middle,10800,4.940453e-03,3.232739e-03,0.488753,0.325000,5.381119e-04
ffn_phys0_s2,test,bubble,600,2.562370e-03,1.855828e-03,0.007304,0.000000,3.852908e-05
ffn_phys1_s0,test,dew,600,1.706166e-02,9.346394e-03,0.438371,0.575000,3.037218e-03
ffn_phys1_s0,test,middle,10800,4.445992e-03,3.086272e-03,0.535807,0.425000,2.481917e-04
ffn_phys1_s0,test,bubble,600,4.140909e-03,3.218454e-03,0.025822,0.000000,8.065864e-05
ffn_phys1_s1,test,dew,600,1.734914e-02,9.840006e-03,0.563863,0.775000,3.148975e-03
ffn_phys1_s1,test,middle,10800,3.525013e-03,2.305835e-03,0.418998,0.225000,1.546523e-04
ffn_phys1_s1,test,bubble,600,3.024684e-03,2.256720e-03,0.017139,0.000000,5.962869e-05
ffn_phys1_s2,test,dew,600,1.457724e-02,8.453601e-03,0.406847,0.558333,2.428386e-03
ffn_phys1_s2,test,middle,10800,4.083113e-03,2.626656e-03,0.574561,0.441667,2.118995e-04
ffn_phys1_s2,test,bubble,600,3.116164e-03,2.383633e-03,0.018592,0.000000,8.104405e-05
ffn_phys0_s0,extrapolation,dew,0,,,0.000000,0.000000,
ffn_phys0_s0,extrapolation,middle,407,1.088789e-02,5.936083e-03,0.123026,0.177215,2.086657e-04
ffn_phys0_s0,extrapolation,bubble,7524,6.761018e-03,4.530910e-03,0.876974,0.822785,1.018785e-04
ffn_phys0_s1,extrapolation,dew,0,,,0.000000,0.000000,
ffn_phys0_s1,extrapolation,middle,407,1.738445e-02,1.188774e-02,0.124952,0.151899,5.305267e-04
ffn_phys0_s1,extrapolation,bubble,7524,1.069987e-02,7.133586e-03,0.875048,0.848101,2.305616e-04
ffn_phys0_s2,extrapolation,dew,0,,,0.000000,0.000000,
ffn_phys0_s2,extrapolation,middle,407,1.237088e-02,6.424939e-03,0.166042,0.253165,2.511722e-04
ffn_phys0_s2,extrapolation,bubble,7524,6.448159e-03,4.276983e-03,0.833958,0.746835,8.738378e-05
ffn_phys1_s0,extrapolation,dew,0,,,0.000000,0.000000,
ffn_phys1_s0,extrapolation,middle,407,1.313930e-02,1.098780e-02,0.127421,0.139241,3.599235e-04
ffn_phys1_s0,extrapolation,bubble,7524,7.996992e-03,5.964173e-03,0.872579,0.860759,1.530880e-04
ffn_phys1_s1,extrapolation,dew,0,,,0.000000,0.000000,
ffn_phys1_s1,extrapolation,middle,407,1.265539e-02,7.266884e-03,0.118605,0.151899,3.268225e-04
ffn_phys1_s1,extrapolation,bubble,7524,8.023855e-03,4.905210e-03,0.881395,0.848101,1.262450e-04
ffn_phys1_s2,extrapolation,dew,0,,,0.000000,0.000000,
ffn_phys1_s2,extrapolation,middle,407,1.429795e-02,8.042656e-03,0.067129,0.063291,3.292808e-04
ffn_phys1_s2,extrapolation,bubble,7524,1.239661e-02,6.349217e-03,0.932871,0.936709,2.467344e-04
