model,physics,seed,set,rmse,mae,abs_err_q95,abs_err_q99,max_abs_err,mean_h2,median_abs_h
ffn_phys0_s0,False,0,test,6.285050e-03,3.069812e-03,8.641513e-03,2.354452e-02,1.291029e-01,4.856340e-04,5.690656e-03
ffn_phys0_s1,False,1,test,6.088504e-03,3.242073e-03,9.636939e-03,2.392658e-02,1.423882e-01,5.894190e-04,6.052650e-03
ffn_phys0_s2,False,2,test,6.704145e-03,3.615744e-03,1.068777e-02,2.658205e-02,1.368295e-01,7.246474e-04,6.713040e-03
ffn_phys1_s0,True,0,test,5.762164e-03,3.405887e-03,8.861077e-03,2.050007e-02,1.215838e-01,3.792663e-04,7.449012e-03
ffn_phys1_s1,True,1,test,5.166257e-03,2.680088e-03,7.587122e-03,1.797209e-02,1.223386e-01,2.996173e-04,5.219215e-03
ffn_phys1_s2,True,2,test,5.110279e-03,2.905852e-03,8.296097e-03,1.938046e-02,1.100596e-01,3.161811e-04,5.750169e-03
ffn_phys0_s0,False,0,extrapolation,7.032003e-03,4.603021e-03,1.256103e-02,2.608076e-02,8.189355e-02,1.073585e-04,5.940875e-03
ffn_phys0_s1,False,1,extrapolation,1.114097e-02,7.377558e-03,2.245227e-02,4.315050e-02,1.039164e-01,2.459551e-04,9.407421e-03
ffn_phys0_s2,False,2,extrapolation,6.877398e-03,4.387211e-03,1.009258e-02,2.495595e-02,9.674608e-02,9.578901e-05,6.428746e-03
ffn_phys1_s0,True,0,extrapolation,8.338439e-03,6.221974e-03,1.630747e-02,2.839292e-02,6.175055e-02,1.637023e-04,9.351565e-03
ffn_phys1_s1,True,1,extrapolation,8.324498e-03,5.026406e-03,1.617683e-02,3.505603e-02,7.821709e-02,1.365382e-04,5.951526e-03
ffn_phys1_s2,True,2,extrapolation,1.250122e-02,6.436120e-03,2.486005e-02,5.364610e-02,1.799253e-01,2.509705e-04,6.174422e-03
