model,set,group,xi_lo,xi_hi,rows,rmse,share_of_squared_error
ffn_phys0_s0,test,0,0.000172,0.046416,600,2.146264e-02,0.583068
ffn_phys0_s0,test,1,0.046486,0.095061,600,9.826084e-03,0.122212
ffn_phys0_s0,test,2,0.095262,0.147950,600,6.270698e-03,0.049772
ffn_phys0_s0,test,3,0.147999,0.199668,600,4.068243e-03,0.020949
ffn_phys0_s0,test,4,0.199696,0.247123,600,3.984768e-03,0.020098
ffn_phys0_s0,test,5,0.247178,0.296469,600,3.059739e-03,0.011850
ffn_phys0_s0,test,6,0.296497,0.344516,600,2.837426e-03,0.010191
ffn_phys0_s0,test,7,0.344600,0.391019,600,3.510023e-03,0.015595
ffn_phys0_s0,test,8,0.391053,0.441240,600,2.918881e-03,0.010784
ffn_phys0_s0,test,9,0.441561,0.489843,600,4.028189e-03,0.020539
ffn_phys0_s0,test,10,0.489858,0.536653,600,4.242053e-03,0.022777
ffn_phys0_s0,test,11,0.536730,0.586735,600,3.103648e-03,0.012193
ffn_phys0_s0,test,12,0.586833,0.637423,600,3.126780e-03,0.012375
ffn_phys0_s0,test,13,0.637521,0.686372,600,2.977554e-03,0.011222
ffn_phys0_s0,test,14,0.686414,0.738574,600,2.835120e-03,0.010174
ffn_phys0_s0,test,15,0.738637,0.784950,600,3.035332e-03,0.011662
ffn_phys0_s0,test,16,0.785365,0.834675,600,2.896275e-03,0.010618
ffn_phys0_s0,test,17,0.834804,0.881301,600,2.882423e-03,0.010516
ffn_phys0_s0,test,18,0.881318,0.934421,600,3.316066e-03,0.013919
ffn_phys0_s0,test,19,0.934598,0.999806,600,3.923725e-03,0.019487
ffn_phys0_s1,test,0,0.000172,0.046416,600,1.833532e-02,0.453446
ffn_phys0_s1,test,1,0.046486,0.095061,600,1.161155e-02,0.181857
ffn_phys0_s1,test,2,0.095262,0.147950,600,8.075679e-03,0.087964
ffn_phys0_s1,test,3,0.147999,0.199668,600,5.248600e-03,0.037157
ffn_phys0_s1,test,4,0.199696,0.247123,600,4.439973e-03,0.026589
ffn_phys0_s1,test,5,0.247178,0.296469,600,3.672955e-03,0.018196
ffn_phys0_s1,test,6,0.296497,0.344516,600,3.565178e-03,0.017144
ffn_phys0_s1,test,7,0.344600,0.391019,600,3.777916e-03,0.019251
ffn_phys0_s1,test,8,0.391053,0.441240,600,3.406096e-03,0.015648
ffn_phys0_s1,test,9,0.441561,0.489843,600,4.169349e-03,0.023447
ffn_phys0_s1,test,10,0.489858,0.536653,600,2.973884e-03,0.011929
ffn_phys0_s1,test,11,0.536730,0.586735,600,2.946608e-03,0.011711
ffn_phys0_s1,test,12,0.586833,0.637423,600,3.107199e-03,0.013022
ffn_phys0_s1,test,13,0.637521,0.686372,600,2.950536e-03,0.011742
ffn_phys0_s1,test,14,0.686414,0.738574,600,2.745870e-03,0.010170
ffn_phys0_s1,test,15,0.738637,0.784950,600,2.887065e-03,0.011242
ffn_phys0_s1,test,16,0.785365,0.834675,600,2.701039e-03,0.009840
ffn_phys0_s1,test,17,0.834804,0.881301,600,2.692524e-03,0.009778
ffn_phys0_s1,test,18,0.881318,0.934421,600,2.888687e-03,0.011255
ffn_phys0_s1,test,19,0.934598,0.999806,600,3.714501e-03,0.018610
ffn_phys0_s2,test,0,0.000172,0.046416,600,2.128380e-02,0.503943
ffn_phys0_s2,test,1,0.046486,0.095061,600,1.083814e-02,0.130675
ffn_phys0_s2,test,2,0.095262,0.147950,600,8.195191e-03,0.074714
ffn_phys0_s2,test,3,0.147999,0.199668,600,5.027372e-03,0.028117
ffn_phys0_s2,test,4,0.199696,0.247123,600,5.341978e-03,0.031746
ffn_phys0_s2,test,5,0.247178,0.296469,600,4.092644e-03,0.018633
ffn_phys0_s2,test,6,0.296497,0.344516,600,4.034884e-03,0.018111
ffn_phys0_s2,test,7,0.344600,0.391019,600,4.329537e-03,0.020853
ffn_phys0_s2,test,8,0.391053,0.441240,600,4.461603e-03,0.022144
ffn_phys0_s2,test,9,0.441561,0.489843,600,5.268611e-03,0.030880
ffn_phys0_s2,test,10,0.489858,0.536653,600,5.078405e-03,0.028690
ffn_phys0_s2,test,11,0.536730,0.586735,600,3.916004e-03,0.017060
ffn_phys0_s2,test,12,0.586833,0.637423,600,3.482662e-03,0.013493
ffn_phys0_s2,test,13,0.637521,0.686372,600,3.206393e-03,0.011437
ffn_phys0_s2,test,14,0.686414,0.738574,600,3.020220e-03,0.010148
ffn_phys0_s2,test,15,0.738637,0.784950,600,2.774315e-03,0.008562
ffn_phys0_s2,test,16,0.785365,0.834675,600,2.624385e-03,0.007662
ffn_phys0_s2,test,17,0.834804,0.881301,600,2.683394e-03,0.008010
ffn_phys0_s2,test,18,0.881318,0.934421,600,2.650838e-03,0.007817
ffn_phys0_s2,test,19,0.934598,0.999806,600,2.562370e-03,0.007304
ffn_phys1_s0,test,0,0.000172,0.046416,600,1.706166e-02,0.438371
ffn_phys1_s0,test,1,0.046486,0.095061,600,8.747337e-03,0.115226
ffn_phys1_s0,test,2,0.095262,0.147950,600,5.530238e-03,0.046056
ffn_phys1_s0,test,3,0.147999,0.199668,600,3.327096e-03,0.016670
ffn_phys1_s0,test,4,0.199696,0.247123,600,3.005259e-03,0.013601
ffn_phys1_s0,test,5,0.247178,0.296469,600,3.010593e-03,0.013649
ffn_phys1_s0,test,6,0.296497,0.344516,600,3.693591e-03,0.020545
ffn_phys1_s0,test,7,0.344600,0.391019,600,4.282222e-03,0.027614
ffn_phys1_s0,test,8,0.391053,0.441240,600,4.013859e-03,0.024262
ffn_phys1_s0,test,9,0.441561,0.489843,600,5.169992e-03,0.040251
ffn_phys1_s0,test,10,0.489858,0.536653,600,5.160413e-03,0.040102
ffn_phys1_s0,test,11,0.536730,0.586735,600,4.475322e-03,0.030161
ffn_phys1_s0,test,12,0.586833,0.637423,600,4.323581e-03,0.028150
ffn_phys1_s0,test,13,0.637521,0.686372,600,3.735322e-03,0.021011
ffn_phys1_s0,test,14,0.686414,0.738574,600,3.005634e-03,0.013604
ffn_phys1_s0,test,15,0.738637,0.784950,600,2.999063e-03,0.013545
ffn_phys1_s0,test,16,0.785365,0.834675,600,3.378173e-03,0.017186
ffn_phys1_s0,test,17,0.834804,0.881301,600,3.974597e-03,0.023789
ffn_phys1_s0,test,18,0.881318,0.934421,600,4.491883e-03,0.030385
ffn_phys1_s0,test,19,0.934598,0.999806,600,4.140909e-03,0.025822
ffn_phys1_s1,test,0,0.000172,0.046416,600,1.734914e-02,0.563863
ffn_phys1_s1,test,1,0.046486,0.095061,600,7.210700e-03,0.097403
ffn_phys1_s1,test,2,0.095262,0.147950,600,3.469032e-03,0.022544
ffn_phys1_s1,test,3,0.147999,0.199668,600,3.069980e-03,0.017656
ffn_phys1_s1,test,4,0.199696,0.247123,600,3.298970e-03,0.020388
ffn_phys1_s1,test,5,0.247178,0.296469,600,3.412585e-03,0.021816
ffn_phys1_s1,test,6,0.296497,0.344516,600,2.740468e-03,0.014069
ffn_phys1_s1,test,7,0.344600,0.391019,600,3.454928e-03,0.022361
ffn_phys1_s1,test,8,0.391053,0.441240,600,3.187701e-03,0.019036
ffn_phys1_s1,test,9,0.441561,0.489843,600,3.682195e-03,0.025400
ffn_phys1_s1,test,10,0.489858,0.536653,600,3.755780e-03,0.026425
ffn_phys1_s1,test,11,0.536730,0.586735,600,3.329865e-03,0.020772
ffn_phys1_s1,test,12,0.586833,0.637423,600,3.437560e-03,0.022137
ffn_phys1_s1,test,13,0.637521,0.686372,600,3.094021e-03,0.017933
ffn_phys1_s1,test,14,0.686414,0.738574,600,2.713100e-03,0.013790
ffn_phys1_s1,test,15,0.738637,0.784950,600,2.773553e-03,0.014411
ffn_phys1_s1,test,16,0.785365,0.834675,600,2.484655e-03,0.011565
ffn_phys1_s1,test,17,0.834804,0.881301,600,2.821821e-03,0.014917
ffn_phys1_s1,test,18,0.881318,0.934421,600,2.956471e-03,0.016374
ffn_phys1_s1,test,19,0.934598,0.999806,600,3.024684e-03,0.017139
ffn_phys1_s2,test,0,0.000172,0.046416,600,1.457724e-02,0.406847
ffn_phys1_s2,test,1,0.046486,0.095061,600,9.347074e-03,0.167275
ffn_phys1_s2,test,2,0.095262,0.147950,600,5.733138e-03,0.062931
ffn_phys1_s2,test,3,0.147999,0.199668,600,3.244236e-03,0.020151
ffn_phys1_s2,test,4,0.199696,0.247123,600,4.593343e-03,0.040396
ffn_phys1_s2,test,5,0.247178,0.296469,600,2.749166e-03,0.014470
ffn_phys1_s2,test,6,0.296497,0.344516,600,2.474005e-03,0.011719
ffn_phys1_s2,test,7,0.344600,0.391019,600,3.209163e-03,0.019718
ffn_phys1_s2,test,8,0.391053,0.441240,600,3.005151e-03,0.017291
ffn_phys1_s2,test,9,0.441561,0.489843,600,3.780502e-03,0.027364
ffn_phys1_s2,test,10,0.489858,0.536653,600,4.226995e-03,0.034209
ffn_phys1_s2,test,11,0.536730,0.586735,600,3.527463e-03,0.023824
ffn_phys1_s2,test,12,0.586833,0.637423,600,3.167845e-03,0.019214
ffn_phys1_s2,test,13,0.637521,0.686372,600,3.097742e-03,0.018373
ffn_phys1_s2,test,14,0.686414,0.738574,600,3.121387e-03,0.018654
ffn_phys1_s2,test,15,0.738637,0.784950,600,3.241044e-03,0.020112
ffn_phys1_s2,test,16,0.785365,0.834675,600,3.057556e-03,0.017899
ffn_phys1_s2,test,17,0.834804,0.881301,600,3.320276e-03,0.021107
ffn_phys1_s2,test,18,0.881318,0.934421,600,3.220179e-03,0.019854
ffn_phys1_s2,test,19,0.934598,0.999806,600,3.116164e-03,0.018592
ffn_phys0_s0,extrapolation,0,0.806198,0.933890,397,1.098685e-02,0.122194
ffn_phys0_s0,extrapolation,1,0.933917,0.949175,397,8.668198e-03,0.076061
ffn_phys0_s0,extrapolation,2,0.949199,0.957904,396,8.430539e-03,0.071766
ffn_phys0_s0,extrapolation,3,0.957910,0.964038,397,7.947046e-03,0.063932
ffn_phys0_s0,extrapolation,4,0.964045,0.968695,396,7.306998e-03,0.053912
ffn_phys0_s0,extrapolation,5,0.968697,0.972795,397,7.175639e-03,0.052123
ffn_phys0_s0,extrapolation,6,0.972796,0.976520,396,5.967821e-03,0.035962
ffn_phys0_s0,extrapolation,7,0.976532,0.979521,397,5.524142e-03,0.030891
ffn_phys0_s0,extrapolation,8,0.979539,0.982181,396,4.116319e-03,0.017109
ffn_phys0_s0,extrapolation,9,0.982191,0.984767,397,4.704933e-03,0.022408
ffn_phys0_s0,extrapolation,10,0.984779,0.986815,397,5.120445e-03,0.026541
ffn_phys0_s0,extrapolation,11,0.986818,0.988961,396,4.308813e-03,0.018747
ffn_phys0_s0,extrapolation,12,0.988963,0.990891,397,3.928696e-03,0.015624
ffn_phys0_s0,extrapolation,13,0.990894,0.992509,396,4.300022e-03,0.018670
ffn_phys0_s0,extrapolation,14,0.992519,0.994077,397,5.840428e-03,0.034530
ffn_phys0_s0,extrapolation,15,0.994078,0.995553,396,6.176902e-03,0.038526
ffn_phys0_s0,extrapolation,16,0.995571,0.996959,397,7.557358e-03,0.057816
ffn_phys0_s0,extrapolation,17,0.996959,0.998075,396,7.773758e-03,0.061020
ffn_phys0_s0,extrapolation,18,0.998076,0.999032,397,9.009542e-03,0.082169
ffn_phys0_s0,extrapolation,19,0.999032,0.999997,396,9.951608e-03,0.099999
ffn_phys0_s1,extrapolation,0,0.806198,0.933890,397,1.747740e-02,0.123189
ffn_phys0_s1,extrapolation,1,0.933917,0.949175,397,1.369012e-02,0.075584
ffn_phys0_s1,extrapolation,2,0.949199,0.957904,396,1.461644e-02,0.085942
ffn_phys0_s1,extrapolation,3,0.957910,0.964038,397,1.267279e-02,0.064768
ffn_phys0_s1,extrapolation,4,0.964045,0.968695,396,1.388428e-02,0.077548
ffn_phys0_s1,extrapolation,5,0.968697,0.972795,397,1.446801e-02,0.084418
ffn_phys0_s1,extrapolation,6,0.972796,0.976520,396,1.308479e-02,0.068874
ffn_phys0_s1,extrapolation,7,0.976532,0.979521,397,1.333325e-02,0.071695
ffn_phys0_s1,extrapolation,8,0.979539,0.982181,396,1.101757e-02,0.048831
ffn_phys0_s1,extrapolation,9,0.982191,0.984767,397,1.191429e-02,0.057247
ffn_phys0_s1,extrapolation,10,0.984779,0.986815,397,1.249927e-02,0.063007
ffn_phys0_s1,extrapolation,11,0.986818,0.988961,396,1.132762e-02,0.051618
ffn_phys0_s1,extrapolation,12,0.988963,0.990891,397,9.226571e-03,0.034332
ffn_phys0_s1,extrapolation,13,0.990894,0.992509,396,8.570251e-03,0.029547
ffn_phys0_s1,extrapolation,14,0.992519,0.994077,397,8.624140e-03,0.029995
ffn_phys0_s1,extrapolation,15,0.994078,0.995553,396,6.416216e-03,0.016561
ffn_phys0_s1,extrapolation,16,0.995571,0.996959,397,4.571457e-03,0.008428
ffn_phys0_s1,extrapolation,17,0.996959,0.998075,396,2.904686e-03,0.003394
ffn_phys0_s1,extrapolation,18,0.998076,0.999032,397,2.075840e-03,0.001738
ffn_phys0_s1,extrapolation,19,0.999032,0.999997,396,2.858248e-03,0.003286
ffn_phys0_s2,extrapolation,0,0.806198,0.933890,397,1.248563e-02,0.164981
ffn_phys0_s2,extrapolation,1,0.933917,0.949175,397,9.499882e-03,0.095510
ffn_phys0_s2,extrapolation,2,0.949199,0.957904,396,9.414142e-03,0.093558
ffn_phys0_s2,extrapolation,3,0.957910,0.964038,397,8.478616e-03,0.076079
ffn_phys0_s2,extrapolation,4,0.964045,0.968695,396,6.993635e-03,0.051633
ffn_phys0_s2,extrapolation,5,0.968697,0.972795,397,7.095626e-03,0.053284
ffn_phys0_s2,extrapolation,6,0.972796,0.976520,396,5.752568e-03,0.034934
ffn_phys0_s2,extrapolation,7,0.976532,0.979521,397,5.661919e-03,0.033927
ffn_phys0_s2,extrapolation,8,0.979539,0.982181,396,3.690068e-03,0.014374
ffn_phys0_s2,extrapolation,9,0.982191,0.984767,397,4.627698e-03,0.022664
ffn_phys0_s2,extrapolation,10,0.984779,0.986815,397,5.729608e-03,0.034743
ffn_phys0_s2,extrapolation,11,0.986818,0.988961,396,4.996377e-03,0.026353
ffn_phys0_s2,extrapolation,12,0.988963,0.990891,397,4.854978e-03,0.024945
ffn_phys0_s2,extrapolation,13,0.990894,0.992509,396,5.436780e-03,0.031203
ffn_phys0_s2,extrapolation,14,0.992519,0.994077,397,6.050570e-03,0.038744
ffn_phys0_s2,extrapolation,15,0.994078,0.995553,396,5.383182e-03,0.030591
ffn_phys0_s2,extrapolation,16,0.995571,0.996959,397,5.776418e-03,0.035313
ffn_phys0_s2,extrapolation,17,0.996959,0.998075,396,5.582090e-03,0.032894
ffn_phys0_s2,extrapolation,18,0.998076,0.999032,397,6.493508e-03,0.044624
ffn_phys0_s2,extrapolation,19,0.999032,0.999997,396,7.516709e-03,0.059645
ffn_phys1_s0,extrapolation,0,0.806198,0.933890,397,1.312948e-02,0.124105
ffn_phys1_s0,extrapolation,1,0.933917,0.949175,397,1.120185e-02,0.090338
ffn_phys1_s0,extrapolation,2,0.949199,0.957904,396,1.058631e-02,0.080480
ffn_phys1_s0,extrapolation,3,0.957910,0.964038,397,1.075491e-02,0.083273
ffn_phys1_s0,extrapolation,4,0.964045,0.968695,396,1.123273e-02,0.090608
ffn_phys1_s0,extrapolation,5,0.968697,0.972795,397,1.113454e-02,0.089256
ffn_phys1_s0,extrapolation,6,0.972796,0.976520,396,9.504344e-03,0.064870
ffn_phys1_s0,extrapolation,7,0.976532,0.979521,397,8.718626e-03,0.054725
ffn_phys1_s0,extrapolation,8,0.979539,0.982181,396,6.860929e-03,0.033804
ffn_phys1_s0,extrapolation,9,0.982191,0.984767,397,7.299984e-03,0.038365
ffn_phys1_s0,extrapolation,10,0.984779,0.986815,397,7.386148e-03,0.039276
ffn_phys1_s0,extrapolation,11,0.986818,0.988961,396,6.220897e-03,0.027791
ffn_phys1_s0,extrapolation,12,0.988963,0.990891,397,4.491550e-03,0.014524
ffn_phys1_s0,extrapolation,13,0.990894,0.992509,396,4.275477e-03,0.013127
ffn_phys1_s0,extrapolation,14,0.992519,0.994077,397,4.999418e-03,0.017994
ffn_phys1_s0,extrapolation,15,0.994078,0.995553,396,4.457288e-03,0.014267
ffn_phys1_s0,extrapolation,16,0.995571,0.996959,397,5.521690e-03,0.021950
ffn_phys1_s0,extrapolation,17,0.996959,0.998075,396,5.886101e-03,0.024880
ffn_phys1_s0,extrapolation,18,0.998076,0.999032,397,6.725757e-03,0.032567
ffn_phys1_s0,extrapolation,19,0.999032,0.999997,396,7.809647e-03,0.043799
ffn_phys1_s1,extrapolation,0,0.806198,0.933890,397,1.276193e-02,0.117646
ffn_phys1_s1,extrapolation,1,0.933917,0.949175,397,9.933709e-03,0.071280
ffn_phys1_s1,extrapolation,2,0.949199,0.957904,396,1.105046e-02,0.087986
ffn_phys1_s1,extrapolation,3,0.957910,0.964038,397,1.029075e-02,0.076496
ffn_phys1_s1,extrapolation,4,0.964045,0.968695,396,1.075859e-02,0.083399
ffn_phys1_s1,extrapolation,5,0.968697,0.972795,397,1.143077e-02,0.094384
ffn_phys1_s1,extrapolation,6,0.972796,0.976520,396,1.008310e-02,0.073255
ffn_phys1_s1,extrapolation,7,0.976532,0.979521,397,1.022225e-02,0.075481
ffn_phys1_s1,extrapolation,8,0.979539,0.982181,396,8.039012e-03,0.046565
ffn_phys1_s1,extrapolation,9,0.982191,0.984767,397,8.209850e-03,0.048687
ffn_phys1_s1,extrapolation,10,0.984779,0.986815,397,8.666156e-03,0.054250
ffn_phys1_s1,extrapolation,11,0.986818,0.988961,396,7.237300e-03,0.037740
ffn_phys1_s1,extrapolation,12,0.988963,0.990891,397,5.897993e-03,0.025128
ffn_phys1_s1,extrapolation,13,0.990894,0.992509,396,5.834348e-03,0.024527
ffn_phys1_s1,extrapolation,14,0.992519,0.994077,397,6.515306e-03,0.030663
ffn_phys1_s1,extrapolation,15,0.994078,0.995553,396,4.723387e-03,0.016075
ffn_phys1_s1,extrapolation,16,0.995571,0.996959,397,3.927209e-03,0.011141
ffn_phys1_s1,extrapolation,17,0.996959,0.998075,396,2.352174e-03,0.003986
ffn_phys1_s1,extrapolation,18,0.998076,0.999032,397,3.136358e-03,0.007106
ffn_phys1_s1,extrapolation,19,0.999032,0.999997,396,4.439962e-03,0.014204
ffn_phys1_s2,extrapolation,0,0.806198,0.933890,397,1.440122e-02,0.066429
ffn_phys1_s2,extrapolation,1,0.933917,0.949175,397,1.289260e-02,0.053240
ffn_phys1_s2,extrapolation,2,0.949199,0.957904,396,1.710444e-02,0.093472
ffn_phys1_s2,extrapolation,3,0.957910,0.964038,397,1.784826e-02,0.102035
ffn_phys1_s2,extrapolation,4,0.964045,0.968695,396,1.542073e-02,0.075975
ffn_phys1_s2,extrapolation,5,0.968697,0.972795,397,1.778111e-02,0.101269
ffn_phys1_s2,extrapolation,6,0.972796,0.976520,396,1.456215e-02,0.067751
ffn_phys1_s2,extrapolation,7,0.976532,0.979521,397,1.579564e-02,0.079916
ffn_phys1_s2,extrapolation,8,0.979539,0.982181,396,1.197475e-02,0.045814
ffn_phys1_s2,extrapolation,9,0.982191,0.984767,397,1.383002e-02,0.061264
ffn_phys1_s2,extrapolation,10,0.984779,0.986815,397,1.515465e-02,0.073561
ffn_phys1_s2,extrapolation,11,0.986818,0.988961,396,1.261803e-02,0.050868
ffn_phys1_s2,extrapolation,12,0.988963,0.990891,397,1.054445e-02,0.035613
ffn_phys1_s2,extrapolation,13,0.990894,0.992509,396,9.575879e-03,0.029297
ffn_phys1_s2,extrapolation,14,0.992519,0.994077,397,9.673311e-03,0.029971
ffn_phys1_s2,extrapolation,15,0.994078,0.995553,396,6.607256e-03,0.013948
ffn_phys1_s2,extrapolation,16,0.995571,0.996959,397,5.002298e-03,0.008015
ffn_phys1_s2,extrapolation,17,0.996959,0.998075,396,3.349301e-03,0.003584
ffn_phys1_s2,extrapolation,18,0.998076,0.999032,397,3.082834e-03,0.003044
ffn_phys1_s2,extrapolation,19,0.999032,0.999997,396,3.930501e-03,0.004936
