study,nx,ny,dx_m,dy_m,dt_eq3_s,dt_used_s,steps,r_x,r_y,T_avg_5h_K,change_eq4_percent,heat_in_top_MJ_per_m,heat_in_bottom_MJ_per_m,energy_closure_relative
"assignment: nx refined, ny = 12",13,12,0.083333,0.090909,1354.1667,1285.7143,14,0.7596,0.7978,444.947374,nan,181.944257,325.390668,-7.989e-15
"assignment: nx refined, ny = 12",17,12,0.062500,0.090909,761.7188,750.0000,24,0.7877,0.4654,444.732581,0.048297,182.248457,326.080244,-2.087e-14
"assignment: nx refined, ny = 12",33,12,0.031250,0.090909,190.4297,189.4737,95,0.7960,0.1176,444.438755,0.066112,182.784941,327.177200,-1.204e-14
"assignment: nx refined, ny = 12",65,12,0.015625,0.090909,47.6074,47.4934,379,0.7981,0.0295,444.335645,0.023205,183.144042,327.820092,-2.424e-13
"assignment: nx refined, ny = 12",73,12,0.013889,0.090909,37.6157,37.5783,479,0.7992,0.0233,444.327801,0.001765,183.190858,327.899295,2.566e-15
nx and ny refined together,13,12,0.083333,0.090909,1354.1667,1285.7143,14,0.7596,0.7978,444.947374,nan,181.944257,325.390668,-7.989e-15
nx and ny refined together,25,23,0.041667,0.045455,338.5417,333.3333,54,0.7877,0.8274,441.744993,0.724939,187.837064,337.828539,3.617e-14
nx and ny refined together,49,45,0.020833,0.022727,84.6354,84.5070,213,0.7988,0.8390,439.959484,0.405835,189.802670,342.935822,-1.518e-13
nx and ny refined together,97,89,0.010417,0.011364,21.1589,21.1516,851,0.7997,0.8400,439.022844,0.213347,190.543228,345.211525,-1.131e-12
nx and ny refined together,193,177,0.005208,0.005682,5.2897,5.2895,3403,0.8000,0.8402,438.544083,0.109171,190.853785,346.280422,-5.194e-12
diagnostic: heated segments over the full edges,13,12,0.083333,0.090909,1354.1667,1285.7143,14,0.7596,0.7978,463.410333,nan,221.848015,328.607466,-1.083e-14
diagnostic: heated segments over the full edges,25,23,0.041667,0.045455,338.5417,333.3333,54,0.7877,0.8274,464.916206,0.323902,242.131122,357.547053,2.942e-14
diagnostic: heated segments over the full edges,49,45,0.020833,0.022727,84.6354,84.5070,213,0.7988,0.8390,465.329746,0.088870,251.705806,371.323620,-1.297e-13
diagnostic: heated segments over the full edges,97,89,0.010417,0.011364,21.1589,21.1516,851,0.7997,0.8400,465.436489,0.022934,256.321894,378.000989,-1.025e-12
