segment,interval,x_from_m,x_to_m,nx,ny,boundary_flux_heat_input_MJ_per_m,per_m_of_edge_MJ_per_m2,difference_from_193x177_MJ_per_m,segment_half_cell_energy_MJ_per_m
bottom,0,0.250000,0.291667,13,12,59.434750,1426.433997,15.324492,4.611041
bottom,1,0.291667,0.375000,13,12,40.290994,483.491928,-10.832782,5.315340
bottom,2,0.375000,0.458333,13,12,42.968431,515.621173,-8.698859,5.758080
bottom,3,0.458333,0.541667,13,12,43.948002,527.376030,-8.529770,5.909091
bottom,4,0.541667,0.625000,13,12,42.968431,515.621173,-8.698859,5.758080
bottom,5,0.625000,0.708333,13,12,40.290994,483.491928,-10.832782,5.315340
bottom,6,0.708333,0.750000,13,12,59.434750,1426.433997,15.324492,4.611041
bottom,0,0.250000,0.291667,25,23,52.097173,1250.332157,7.986915,1.776919
bottom,1,0.291667,0.375000,25,23,45.758058,549.096698,-5.365718,2.649461
bottom,2,0.375000,0.458333,25,23,47.411466,568.937586,-4.255825,2.869884
bottom,3,0.458333,0.541667,25,23,48.280944,579.371329,-4.196829,2.945067
bottom,4,0.541667,0.625000,25,23,47.411466,568.937586,-4.255825,2.869884
bottom,5,0.625000,0.708333,25,23,45.758058,549.096698,-5.365718,2.649461
bottom,6,0.708333,0.750000,25,23,52.097173,1250.332157,7.986915,1.776919
bottom,0,0.250000,0.291667,49,45,47.610645,1142.655474,3.500387,0.744810
bottom,1,0.291667,0.375000,49,45,48.822337,585.868042,-2.301439,1.325756
bottom,2,0.375000,0.458333,49,45,49.822845,597.874144,-1.844445,1.436085
bottom,3,0.458333,0.541667,49,45,50.657662,607.891948,-1.820110,1.473717
bottom,4,0.541667,0.625000,49,45,49.822845,597.874144,-1.844445,1.436085
bottom,5,0.625000,0.708333,49,45,48.822337,585.868042,-2.301439,1.325756
bottom,6,0.708333,0.750000,49,45,47.610645,1142.655474,3.500387,0.744810
bottom,0,0.250000,0.291667,97,89,45.290329,1086.967893,1.180071,0.336437
bottom,1,0.291667,0.375000,97,89,50.356087,604.273049,-0.767689,0.663006
bottom,2,0.375000,0.458333,97,89,51.048707,612.584479,-0.618584,0.718186
bottom,3,0.458333,0.541667,97,89,51.867505,622.410066,-0.610267,0.737006
bottom,4,0.541667,0.625000,97,89,51.048707,612.584479,-0.618584,0.718186
bottom,5,0.625000,0.708333,97,89,50.356087,604.273049,-0.767689,0.663006
bottom,6,0.708333,0.750000,97,89,45.290329,1086.967893,1.180071,0.336437
bottom,0,0.250000,0.291667,193,177,44.110258,1058.646194,0.000000,0.159220
bottom,1,0.291667,0.375000,193,177,51.123776,613.485315,0.000000,0.331519
bottom,2,0.375000,0.458333,193,177,51.667290,620.007485,0.000000,0.359111
bottom,3,0.458333,0.541667,193,177,52.477773,629.733274,0.000000,0.368522
bottom,4,0.541667,0.625000,193,177,51.667290,620.007485,0.000000,0.359111
bottom,5,0.625000,0.708333,193,177,51.123776,613.485315,0.000000,0.331519
bottom,6,0.708333,0.750000,193,177,44.110258,1058.646194,0.000000,0.159220
top,0,0.250000,0.291667,13,12,40.419298,970.063142,8.641047,2.954545
top,1,0.291667,0.375000,13,12,21.785494,261.425924,-6.192718,2.954545
top,2,0.375000,0.458333,13,12,20.358525,244.302297,-3.660086,2.954545
top,3,0.458333,0.541667,13,12,19.992864,239.914366,-3.310774,2.954545
top,4,0.541667,0.625000,13,12,20.358525,244.302297,-3.660086,2.954545
top,5,0.625000,0.708333,13,12,21.785494,261.425924,-6.192718,2.954545
top,6,0.708333,0.750000,13,12,40.419298,970.063142,8.641047,2.954545
top,0,0.250000,0.291667,25,23,35.892042,861.408998,4.113791,1.107955
top,1,0.291667,0.375000,25,23,25.152745,301.832937,-2.825467,1.477273
top,2,0.375000,0.458333,25,23,22.371279,268.455343,-1.647332,1.477273
top,3,0.458333,0.541667,25,23,21.789866,261.478398,-1.513771,1.477273
top,4,0.541667,0.625000,25,23,22.371279,268.455343,-1.647332,1.477273
top,5,0.625000,0.708333,25,23,25.152745,301.832937,-2.825467,1.477273
top,6,0.708333,0.750000,25,23,35.892042,861.408998,4.113791,1.107955
top,0,0.250000,0.291667,49,45,33.568381,805.641140,1.790130,0.461648
top,1,0.291667,0.375000,49,45,26.791873,321.502473,-1.186339,0.738636
top,2,0.375000,0.458333,49,45,23.308510,279.702126,-0.710100,0.738636
top,3,0.458333,0.541667,49,45,22.650046,271.800556,-0.653592,0.738636
top,4,0.541667,0.625000,49,45,23.308510,279.702126,-0.710100,0.738636
top,5,0.625000,0.708333,49,45,26.791873,321.502473,-1.186339,0.738636
top,6,0.708333,0.750000,49,45,33.568381,805.641140,1.790130,0.461648
top,0,0.250000,0.291667,97,89,32.382074,777.169788,0.603824,0.207741
top,1,0.291667,0.375000,97,89,27.584791,331.017497,-0.393421,0.369318
top,2,0.375000,0.458333,97,89,23.780616,285.367394,-0.237995,0.369318
top,3,0.458333,0.541667,97,89,23.084770,277.017235,-0.218868,0.369318
top,4,0.541667,0.625000,97,89,23.780616,285.367394,-0.237995,0.369318
top,5,0.625000,0.708333,97,89,27.584791,331.017497,-0.393421,0.369318
top,6,0.708333,0.750000,97,89,32.382074,777.169788,0.603824,0.207741
top,0,0.250000,0.291667,193,177,31.778251,762.678012,0.000000,0.098100
top,1,0.291667,0.375000,193,177,27.978212,335.738545,0.000000,0.184659
top,2,0.375000,0.458333,193,177,24.018611,288.223331,0.000000,0.184659
top,3,0.458333,0.541667,193,177,23.303638,279.643654,0.000000,0.184659
top,4,0.541667,0.625000,193,177,24.018611,288.223331,0.000000,0.184659
top,5,0.625000,0.708333,193,177,27.978212,335.738545,0.000000,0.184659
top,6,0.708333,0.750000,193,177,31.778251,762.678012,0.000000,0.098100
