study,nx,ny,dx_m,dy_m,steps,dt_s,T_avg_5h_K,T_avg_change_from_previous_K,ratio_of_successive_changes,T_bottom_corners_K,T_top_corners_K,boundary_flux_heat_input_MJ_per_m,segment_half_cell_energy_MJ_per_m,stored_energy_increase_MJ_per_m
"spatial, fixed dt = 5.2895 s",13,12,0.083333,0.090909,3403,5.2895,446.773251,nan,nan,468.906524,407.868437,514.455848,57.959832,572.415681
"spatial, fixed dt = 5.2895 s",25,23,0.041667,0.045455,3403,5.2895,442.199026,-4.574225,nan,460.391255,400.716320,527.436334,27.139869,554.576203
"spatial, fixed dt = 5.2895 s",49,45,0.020833,0.022727,3403,5.2895,440.066766,-2.132260,2.1452,456.531004,397.424194,533.156891,13.103497,546.260388
"spatial, fixed dt = 5.2895 s",97,89,0.010417,0.011364,3403,5.2895,439.044057,-1.022709,2.0849,454.671312,395.833111,535.837485,6.434338,542.271823
"spatial, fixed dt = 5.2895 s",193,177,0.005208,0.005682,3403,5.2895,438.544083,-0.499974,2.0455,453.756883,395.050282,537.134207,3.187716,540.321923
"spatial, fixed dt = 1285.71 s",13,12,0.083333,0.090909,14,1285.7143,444.947374,nan,nan,465.881764,406.591579,507.334925,57.959832,565.294757
"spatial, fixed dt = 1285.71 s",25,23,0.041667,0.045455,14,1285.7143,440.445884,-4.501490,nan,457.392016,399.546467,520.599078,27.139869,547.738947
"spatial, fixed dt = 1285.71 s",49,45,0.020833,0.022727,14,1285.7143,438.355768,-2.090116,2.1537,453.564399,396.312537,526.483998,13.103497,539.587495
"spatial, fixed dt = 1285.71 s",97,89,0.010417,0.011364,14,1285.7143,437.355328,-1.000440,2.0892,451.724892,394.751004,529.251442,6.434338,535.685780
"spatial, fixed dt = 1285.71 s",193,177,0.005208,0.005682,14,1285.7143,436.866759,-0.488569,2.0477,450.821445,393.983008,530.592645,3.187716,533.780360
"temporal, fixed grid 193 x 177",193,177,0.005208,0.005682,14,1285.7143,436.866759,nan,nan,450.821445,393.983008,530.592645,3.187716,533.780360
"temporal, fixed grid 193 x 177",193,177,0.005208,0.005682,28,642.8571,437.703106,0.836347,nan,452.293405,394.537997,533.854399,3.187716,537.042115
"temporal, fixed grid 193 x 177",193,177,0.005208,0.005682,56,321.4286,438.125602,0.422496,1.9795,453.031208,394.801682,535.502132,3.187716,538.689848
"temporal, fixed grid 193 x 177",193,177,0.005208,0.005682,112,160.7143,438.337973,0.212371,1.9894,453.400170,394.929476,536.330378,3.187716,539.518094
"temporal, fixed grid 193 x 177",193,177,0.005208,0.005682,224,80.3571,438.444445,0.106472,1.9946,453.584616,394.992286,536.745618,3.187716,539.933334
"temporal, fixed grid 193 x 177",193,177,0.005208,0.005682,448,40.1786,438.497753,0.053308,1.9973,453.676824,395.023410,536.953521,3.187716,540.141237
"temporal, fixed grid 193 x 177",193,177,0.005208,0.005682,896,20.0893,438.524425,0.026672,1.9986,453.722923,395.038900,537.057543,3.187716,540.245259
"temporal, fixed grid 193 x 177",193,177,0.005208,0.005682,1792,10.0446,438.537766,0.013341,1.9993,453.745972,395.046628,537.109572,3.187716,540.297288
"temporal, fixed grid 193 x 177",193,177,0.005208,0.005682,3403,5.2895,438.544083,0.006317,nan,453.756883,395.050282,537.134207,3.187716,540.321923
"temporal, fixed grid 193 x 177",193,177,0.005208,0.005682,6806,2.6447,438.547596,0.003513,nan,453.762951,395.052313,537.147910,3.187716,540.335625
"temporal, fixed grid 13 x 12",13,12,0.083333,0.090909,14,1285.7143,444.947374,nan,nan,465.881764,406.591579,507.334925,57.959832,565.294757
"temporal, fixed grid 13 x 12",13,12,0.083333,0.090909,28,642.8571,445.857148,0.909775,nan,467.401509,407.251280,510.883046,57.959832,568.842879
"temporal, fixed grid 13 x 12",13,12,0.083333,0.090909,56,321.4286,446.317229,0.460081,1.9774,468.160994,407.567686,512.677361,57.959832,570.637194
"temporal, fixed grid 13 x 12",13,12,0.083333,0.090909,112,160.7143,446.548613,0.231384,1.9884,468.540234,407.721954,513.579758,57.959832,571.539590
"temporal, fixed grid 13 x 12",13,12,0.083333,0.090909,224,80.3571,446.664647,0.116034,1.9941,468.729676,407.798030,514.032290,57.959832,571.992123
"temporal, fixed grid 13 x 12",13,12,0.083333,0.090909,448,40.1786,446.722750,0.058103,1.9970,468.824346,407.835795,514.258894,57.959832,572.218726
"temporal, fixed grid 13 x 12",13,12,0.083333,0.090909,896,20.0893,446.751824,0.029073,1.9985,468.871668,407.854607,514.372280,57.959832,572.332112
"temporal, fixed grid 13 x 12",13,12,0.083333,0.090909,1792,10.0446,446.766366,0.014542,1.9993,468.895325,407.863996,514.428994,57.959832,572.388827
"temporal, fixed grid 13 x 12",13,12,0.083333,0.090909,3403,5.2895,446.773251,0.006886,nan,468.906524,407.868437,514.455848,57.959832,572.415681
"temporal, fixed grid 13 x 12",13,12,0.083333,0.090909,6806,2.6447,446.777081,0.003830,nan,468.912752,407.870905,514.470785,57.959832,572.430617
