scenario_id,realisation_id,y,pred,family
R0000_S+00,0,12.818640160973425,12.800528037536967,rom
R0000_S+01,0,0.9758154148896,0.9865935179887245,rom
R0000_S+02,0,0.7714473535621874,0.7718742060225887,rom
R0000_S+03,0,2.324156945750277,2.346323821025492,rom
R0001_S+00,1,11.835666273668325,12.188100270591818,rom
R0001_S+01,1,2.7490754680904,2.932482098623894,rom
R0001_S+02,1,1.8156030991210155,1.9412930499838335,rom
R0001_S+03,1,13.931382171682817,14.008080746109131,rom
R0002_S+00,2,1.3461103304403053,1.3464008784541361,rom
R0002_S+01,2,1.4408323363503068,1.4418228005265277,rom
R0002_S+02,2,4.616719724456318,4.590090856304222,rom
R0002_S+03,2,2.137906963148184,2.136532904512664,rom
R0003_S+00,3,1.4642202537953724,1.4954897687542053,rom
R0003_S+01,3,2.1898137430169284,2.204550609153352,rom
R0003_S+02,3,2.757313117726821,2.8107767268093835,rom
R0003_S+03,3,2.948838194159694,2.986127619664646,rom
R0004_S+00,4,1.2753226890319604,1.3851661771975374,rom
R0004_S+01,4,2.234037382601559,2.3465780242872714,rom
R0004_S+02,4,6.156448569549419,6.52529679657336,rom
R0004_S+03,4,1.2758969138814324,1.3742969870802417,rom
R0005_S+00,5,13.783122194710918,12.049852553341672,rom
R0005_S+01,5,7.041414764727142,6.657390368941666,rom
R0005_S+02,5,1.4485033377082124,1.4311223365814405,rom
R0005_S+03,5,9.558317307469181,8.644540509391069,rom
R0006_S+00,6,20.856965633900224,23.099249869859605,rom
R0006_S+01,6,4.677402202533681,5.126079451847975,rom
R0006_S+02,6,2.944011256546777,3.299977983937538,rom
R0006_S+03,6,3.9073009523148685,4.425351016158195,rom
R0007_S+00,7,8.321607206238204,8.302047209353086,rom
R0007_S+01,7,2.6671242064018696,2.677595850610286,rom
R0007_S+02,7,1.1724487720362116,1.176369665472247,rom
R0007_S+03,7,13.529613778410152,13.441412940094912,rom
R0008_S+00,8,1.041127205004366,1.0535082994167686,rom
R0008_S+01,8,5.451524211836711,5.470742680324757,rom
R0008_S+02,8,1.6228877058754974,1.6414133708546663,rom
R0008_S+03,8,1.1083645269810556,1.123983043233289,rom
R0009_S+00,9,2.539140833365645,2.5391795289872503,rom
R0009_S+01,9,6.569677081960175,6.585746781233088,rom
R0009_S+02,9,6.437034075358152,6.504004443542812,rom
R0009_S+03,9,5.051233756493136,5.064291088757842,rom
R0010_S+00,10,1.6964608868715558,1.716834904344648,rom
R0010_S+01,10,0.8081315260128528,0.8185699016768995,rom
R0010_S+02,10,1.2113888033238462,1.2392317810851214,rom
R0010_S+03,10,3.831554229422386,3.8674017428878567,rom
R0011_S+00,11,18.935700412415706,18.840213962418794,rom
R0011_S+01,11,5.850894518711742,5.941547666041496,rom
R0011_S+02,11,11.451756676731476,11.422141031891357,rom
R0011_S+03,11,7.803607330169786,7.801833694122549,rom
R0012_S+00,12,2.0885301013363966,2.124463568446929,rom
R0012_S+01,12,2.7769739826073123,2.8265156132193368,rom
R0012_S+02,12,0.7603995267199353,0.7688183620451767,rom
R0012_S+03,12,11.95437643694248,11.710446018380232,rom
R0013_S+00,13,5.209382912112746,5.353618782963136,rom
R0013_S+01,13,4.153895772111174,4.2461822147118555,rom
R0013_S+02,13,4.559908879359026,4.633528899319553,rom
R0013_S+03,13,1.4523329042924327,1.497872412664553,rom
R0014_S+00,14,12.552167693355694,13.548484730309644,rom
R0014_S+01,14,1.5484113818693048,1.6820706638911924,rom
R0014_S+02,14,0.8949811787827611,0.9861592619590486,rom
R0014_S+03,14,1.6019245171039236,1.7138202218673773,rom
R0015_S+00,15,3.1954826885838212,3.314116339633647,rom
R0015_S+01,15,1.3555297965884636,1.4182325870342731,rom
R0015_S+02,15,12.457022720355354,12.472952967991533,rom
R0015_S+03,15,1.5442827381892446,1.6160172200726322,rom
R0016_S+00,16,1.8990085403371864,2.2231309586415526,rom
R0016_S+01,16,9.872716137368315,10.629014924381007,rom
R0016_S+02,16,12.785308466195032,13.437261574533688,rom
R0016_S+03,16,12.681985037186891,13.759793932080312,rom
R0017_S+00,17,4.606411535144258,4.620778896497403,rom
R0017_S+01,17,12.54622201273771,12.859422552039542,rom
R0017_S+02,17,7.9215621771649305,8.034335688336423,rom
R0017_S+03,17,3.8090278104423994,3.841106133671438,rom
R0018_S+00,18,2.5853305004349796,2.9447343486658295,rom
R0018_S+01,18,14.05232311946228,16.089459592420003,rom
R0018_S+02,18,11.160330475668765,12.571927121001913,rom
R0018_S+03,18,1.858443863663759,2.098189095804039,rom
R0019_S+00,19,9.86957935555433,9.852463977910872,rom
R0019_S+01,19,3.1223172698623425,3.135465240708115,rom
R0019_S+02,19,8.113984880820285,8.107079217549636,rom
R0019_S+03,19,12.205381384530678,12.174386430863771,rom
R0020_S+00,20,0.8875657592150811,0.9049903038436599,rom
R0020_S+01,20,1.146229920306569,1.1769091287931428,rom
R0020_S+02,20,11.014650610072316,11.052133621418777,rom
R0020_S+03,20,8.07361646131723,8.241696151054969,rom
R0021_S+00,21,0.9966668795494884,0.9976307879171139,rom
R0021_S+01,21,17.4556260423802,16.270955543919804,rom
R0021_S+02,21,0.8818400128590409,0.8844490768653335,rom
R0021_S+03,21,3.079802837362945,3.0590059079120886,rom
R0022_S+00,22,16.07352040562371,16.67504187034515,rom
R0022_S+01,22,1.0401803863708097,1.1895177326133792,rom
R0022_S+02,22,5.492566604036659,5.9808344893176955,rom
R0022_S+03,22,2.951908126439318,3.235712186060824,rom
R0023_S+00,23,3.3915882545885996,3.453532601381488,rom
R0023_S+01,23,16.37229591068259,16.50893865264621,rom
R0023_S+02,23,9.690509431966532,10.026203879571364,rom
R0023_S+03,23,11.935391602838346,11.97509228605272,rom
R0024_S+00,24,0.7352942542054896,0.7371808613390909,rom
R0024_S+01,24,15.120942816988576,14.241408250682746,rom
R0024_S+02,24,1.0815754711959549,1.0815644803693416,rom
R0024_S+03,24,2.048628843473602,2.0402582249569097,rom
R0025_S+00,25,2.790665981951196,3.105528002067635,rom
R0025_S+01,25,16.109936874417,16.832308246916224,rom
R0025_S+02,25,6.076514901089989,6.446579453305566,rom
R0025_S+03,25,7.424961131760829,8.150013641389602,rom
R0026_S+00,26,4.398773247530907,4.528982423704301,rom
R0026_S+01,26,0.8949117363017611,0.9384212725195809,rom
R0026_S+02,26,2.78566848600556,2.860040727389604,rom
R0026_S+03,26,5.818213222711478,5.861225104677201,rom
R0027_S+00,27,0.8029865572595447,0.9277268377177559,rom
R0027_S+01,27,7.092891018756386,7.374687214478037,rom
R0027_S+02,27,0.5970971810453665,0.7283928459219436,rom
R0027_S+03,27,0.6888068102845885,0.7828006974214938,rom
R0028_S+00,28,3.493463975999132,3.8172598095149746,rom
R0028_S+01,28,1.0053752282502912,1.1253023413980257,rom
R0028_S+02,28,0.7196419385844749,0.773318239529313,rom
R0028_S+03,28,2.6587814393670075,2.8331958081584734,rom
R0029_S+00,29,1.102134658497505,1.148935825789137,rom
R0029_S+01,29,1.8162567049145104,1.8677409818890545,rom
R0029_S+02,29,2.2783990912257654,2.3339620245715174,rom
R0029_S+03,29,12.93821087032973,13.179822557918762,rom
R0030_S+00,30,2.325543027040202,2.7098953822282223,rom
R0030_S+01,30,5.535190735792376,5.956244260802424,rom
R0030_S+02,30,0.7884137392420303,0.9205597457811823,rom
R0030_S+03,30,0.6145649674776233,0.7280127224511095,rom
R0031_S+00,31,2.493816443463374,2.5783747345209616,rom
R0031_S+01,31,4.740051215170916,4.7823214585543194,rom
R0031_S+02,31,17.12434174256236,16.486826341729806,rom
R0031_S+03,31,2.1479531611570453,2.203817253302022,rom
R0032_S+00,32,1.4271350238344354,1.4813986027626276,rom
R0032_S+01,32,4.323457022962093,4.656062814680886,rom
R0032_S+02,32,1.77370143371634,1.9169368628075092,rom
R0032_S+03,32,6.115168819963619,6.295889022582206,rom
R0033_S+00,33,18.73364358665762,17.74962642479603,rom
R0033_S+01,33,0.8051130660131425,0.8107380097395708,rom
R0033_S+02,33,6.852378750644662,6.769597775046402,rom
R0033_S+03,33,8.015045823136631,7.863291246582976,rom
R0034_S+00,34,1.073127495852461,1.08018365991139,rom
R0034_S+01,34,16.532027163379368,16.406319982143593,rom
R0034_S+02,34,1.182400314326858,1.187881652226979,rom
R0034_S+03,34,0.8978772059288025,0.9097946840417419,rom
R0035_S+00,35,14.033494717963118,15.264825293487709,rom
R0035_S+01,35,1.7480041419591046,1.8614667739773103,rom
R0035_S+02,35,4.419402462485768,4.796784178082185,rom
R0035_S+03,35,0.8201773027546462,0.8979778405174156,rom
R0036_S+00,36,2.4398650847207906,2.7774410247007473,rom
R0036_S+01,36,5.196985849943997,5.694129796995689,rom
R0036_S+02,36,11.70891080978337,11.49460393874765,rom
R0036_S+03,36,2.276701693286762,2.576185096392873,rom
R0037_S+00,37,2.2573014101406446,2.290474729288836,rom
R0037_S+01,37,0.8962275796592534,0.9135161736165456,rom
R0037_S+02,37,4.042184490220104,4.198550435527717,rom
R0037_S+03,37,3.2500862107124218,3.3909240678384975,rom
R0038_S+00,38,12.13391239370951,11.904075677289471,rom
R0038_S+01,38,10.492913404767984,10.281577067585202,rom
R0038_S+02,38,4.226743334155153,4.238326526299389,rom
R0038_S+03,38,0.9013509837705717,0.9162225232407295,rom
R0039_S+00,39,5.138511264943447,5.195305988521503,rom
R0039_S+01,39,0.6350611966627445,0.6608528093361964,rom
R0039_S+02,39,0.5715096950672399,0.5939368869873832,rom
R0039_S+03,39,13.142500391665186,13.040898967074629,rom
R0040_S+00,40,3.387301054531701,3.4410373537010206,rom
R0040_S+01,40,15.453466995057546,14.873508608250456,rom
R0040_S+02,40,1.9841105099855063,2.036285170776261,rom
R0040_S+03,40,12.209499634868484,11.892556646032428,rom
R0041_S+00,41,1.4565367886050529,1.8419362170526234,rom
R0041_S+01,41,11.782367012081487,14.076965714817739,rom
R0041_S+02,41,0.7655768182360604,0.8806037770950811,rom
R0041_S+03,41,10.474507670484462,12.58145109651815,rom
R0042_S+00,42,4.265042588992037,5.08574738572395,rom
R0042_S+01,42,3.2968417735953333,3.9045234977124554,rom
R0042_S+02,42,0.7448584542243034,0.9633917650184899,rom
R0042_S+03,42,4.895403080086526,6.163308987677484,rom
R0043_S+00,43,14.59537206727542,15.40509179022467,rom
R0043_S+01,43,1.284149699875435,1.4228556184190546,rom
R0043_S+02,43,11.191325996497344,11.814771916709029,rom
R0043_S+03,43,1.2920362213828658,1.4318136824038468,rom
R0044_S+00,44,17.18701275912796,15.443521421619835,rom
R0044_S+01,44,16.43345029871719,15.071418671369221,rom
R0044_S+02,44,3.242477499932256,3.387279799135603,rom
R0044_S+03,44,2.512895702776134,2.66301841724909,rom
R0045_S+00,45,1.5081992403321938,1.526545412055474,rom
R0045_S+01,45,14.664465392066187,14.304832663189828,rom
R0045_S+02,45,2.2931131396959983,2.3043629014747014,rom
R0045_S+03,45,18.432552308570795,17.967937390683925,rom
R0046_S+00,46,16.94868987808716,16.643223876248303,rom
R0046_S+01,46,6.664004341431737,6.67426594650133,rom
R0046_S+02,46,6.1302426599932875,6.130455949223883,rom
R0046_S+03,46,1.6114907602922508,1.646893984235779,rom
R0047_S+00,47,9.278365694660984,9.323593537374151,rom
R0047_S+01,47,6.765687283224665,6.942718170484664,rom
R0047_S+02,47,5.152151227938421,5.361473028416505,rom
R0047_S+03,47,16.52339695623502,15.758386527668074,rom
R0048_S+00,48,7.335568548008915,10.164831999244718,rom
R0048_S+01,48,1.120511523306802,1.4710261829011235,rom
R0048_S+02,48,16.15396504145737,20.068646601163636,rom
R0048_S+03,48,1.837887392135628,2.2449177819737085,rom
R0049_S+00,49,2.831662563732534,2.901433272674389,rom
R0049_S+01,49,5.265317860102214,5.3135141642808845,rom
R0049_S+02,49,7.658095256603136,7.678572116844808,rom
R0049_S+03,49,2.5131336701261175,2.604670965598952,rom
R0050_S+00,50,2.0080841563820466,2.158281853541217,rom
R0050_S+01,50,0.9814930222391188,1.080656613790478,rom
R0050_S+02,50,2.8656763293877727,2.9986367265858482,rom
R0050_S+03,50,1.3422144763780441,1.407162041607655,rom
R0051_S+00,51,4.09034350748121,4.131823975882879,rom
R0051_S+01,51,12.876377222478084,12.769652620912995,rom
R0051_S+02,51,6.278765736827266,6.378449768996908,rom
R0051_S+03,51,9.384057336982794,9.393070457085885,rom
R0052_S+00,52,4.006688554519467,4.002069037419611,rom
R0052_S+01,52,8.560374912144095,8.528202254325862,rom
R0052_S+02,52,12.937004952615299,12.804985449155733,rom
R0052_S+03,52,5.594210046014309,5.58760778198463,rom
R0053_S+00,53,0.7766432105475292,0.8570640295632451,rom
R0053_S+01,53,11.818474568336658,12.087475966931704,rom
R0053_S+02,53,1.448092972488772,1.6520962353561297,rom
R0053_S+03,53,2.4023165847047454,2.634601523604264,rom
R0054_S+00,54,1.256915613657631,1.2248535958416427,rom
R0054_S+01,54,7.422763073822201,6.284719213095901,rom
R0054_S+02,54,5.100596347316038,4.6944683352427345,rom
R0054_S+03,54,2.3034619904784224,2.165901324371954,rom
R0055_S+00,55,10.389699536886651,10.513756283458518,rom
R0055_S+01,55,0.704251841002455,0.7087213656449902,rom
R0055_S+02,55,2.9326597070199103,3.0089364652456343,rom
R0055_S+03,55,1.0311657391835283,1.059801986428826,rom
R0056_S+00,56,1.2238993306657895,1.4422613185101134,rom
R0056_S+01,56,13.845017457708716,13.844797491687793,rom
R0056_S+02,56,3.1803424561780953,3.604588000769436,rom
R0056_S+03,56,7.89960146224602,8.29823294640246,rom
R0057_S+00,57,6.682417499925293,6.687916316210329,rom
R0057_S+01,57,2.5385974099931308,2.5472800944074656,rom
R0057_S+02,57,2.724620091886081,2.7329068373959378,rom
R0057_S+03,57,6.327018251696385,6.324079461133237,rom
R0058_S+00,58,7.193912257765517,7.0511125302174396,rom
R0058_S+01,58,0.7471687618652489,0.7952973909733957,rom
R0058_S+02,58,1.1764792566508333,1.2141539871109774,rom
R0058_S+03,58,9.641594679032915,9.379093014301096,rom
R0059_S+00,59,5.364069134539641,5.398661670983346,rom
R0059_S+01,59,0.9855892674249729,0.9953968882280604,rom
R0059_S+02,59,0.825092529407151,0.832266385184343,rom
R0059_S+03,59,2.4236985550542363,2.43122508535292,rom
R0060_S+00,60,3.71683638932598,3.9506060015375697,rom
R0060_S+01,60,1.9260463593163304,2.103282920363997,rom
R0060_S+02,60,9.315587586221062,9.393859491780745,rom
R0060_S+03,60,0.9358428460350988,1.022598478418066,rom
R0061_S+00,61,1.66005360986753,1.6821303792041258,rom
R0061_S+01,61,3.0534616110450106,3.0803420883640964,rom
R0061_S+02,61,7.422740897478324,7.419125707173625,rom
R0061_S+03,61,5.585649791196864,5.586878902386161,rom
R0062_S+00,62,5.399535530253466,5.396928872154554,rom
R0062_S+01,62,2.293934148414999,2.2983300601127468,rom
R0062_S+02,62,2.00510414860262,2.006047113030144,rom
R0062_S+03,62,12.848049964633912,12.758909198658687,rom
R0063_S+00,63,6.109367202573225,6.1332088097570585,rom
R0063_S+01,63,1.3794870332058555,1.4437042808954796,rom
R0063_S+02,63,1.1527045234022681,1.21216983816803,rom
R0063_S+03,63,0.9134737724745534,0.9271397925005151,rom
R0064_S+00,64,1.6861628107256832,1.6936496557649152,rom
R0064_S+01,64,5.824916361111928,5.856900908035506,rom
R0064_S+02,64,1.4850242977753785,1.505071170474576,rom
R0064_S+03,64,9.365613050788149,9.36817406464241,rom
R0065_S+00,65,8.176722298377548,7.946842290805568,rom
R0065_S+01,65,4.220979744169891,4.1362617397679395,rom
R0065_S+02,65,7.820139710816361,7.618890393867759,rom
R0065_S+03,65,12.272046738626926,11.841566341326109,rom
R0066_S+00,66,6.337803197725307,6.325049537642554,rom
R0066_S+01,66,3.1787633665580453,3.19662326739879,rom
R0066_S+02,66,9.960135858191498,9.853008537465538,rom
R0066_S+03,66,0.9841246604489776,0.9910178322673298,rom
R0067_S+00,67,9.378984012582523,9.718813620303251,rom
R0067_S+01,67,2.5414164646434,2.6979541227162422,rom
R0067_S+02,67,0.7626707317735366,0.8225749077612928,rom
R0067_S+03,67,13.42913673195242,13.467931620399124,rom
R0068_S+00,68,4.698361101357661,4.7475144247038115,rom
R0068_S+01,68,14.973904957629092,14.955536980193354,rom
R0068_S+02,68,13.960843628088556,14.368125438254173,rom
R0068_S+03,68,4.327948356184695,4.600488194290171,rom
R0069_S+00,69,7.522168958975121,7.574991439896844,rom
R0069_S+01,69,11.951522932373964,12.093446956931153,rom
R0069_S+02,69,0.8261940464255325,0.8320190657918024,rom
R0069_S+03,69,0.7369873973107152,0.7496318144550844,rom
R0070_S+00,70,5.809542360595759,5.832788981968582,rom
R0070_S+01,70,5.719234297920272,5.813090451057985,rom
R0070_S+02,70,2.825416765530765,2.909511358558827,rom
R0070_S+03,70,6.693423179877069,6.70940818972574,rom
R0071_S+00,71,4.9151533678786645,4.97952775378211,rom
R0071_S+01,71,16.95053792126238,16.809357181363485,rom
R0071_S+02,71,14.674434059766533,14.57593486113865,rom
R0071_S+03,71,5.022963102256298,5.1119080373379955,rom
R0072_S+00,72,1.0311981437106097,1.0434581634813727,rom
R0072_S+01,72,1.0462240120642745,1.0694930145215757,rom
R0072_S+02,72,9.191745484213225,9.230817892974912,rom
R0072_S+03,72,3.5339935549550576,3.5699088532144305,rom
R0073_S+00,73,7.738789737466082,7.924902953793972,rom
R0073_S+01,73,8.74984906439545,9.18661966317079,rom
R0073_S+02,73,1.4516114024677276,1.5687359962905831,rom
R0073_S+03,73,2.380110886547536,2.551097939941436,rom
R0074_S+00,74,2.8245925335548407,2.8442677624675436,rom
R0074_S+01,74,9.01573416116917,9.038077017520093,rom
R0074_S+02,74,11.47896854817742,11.437385772521928,rom
R0074_S+03,74,11.676497104763639,11.64955889687176,rom
R0075_S+00,75,4.607500573161214,5.450369107837197,rom
R0075_S+01,75,1.9079411793033851,2.1394712664460265,rom
R0075_S+02,75,2.588896933384936,3.122925563375106,rom
R0075_S+03,75,2.459704256230764,2.9029567675382157,rom
R0076_S+00,76,11.760490802862673,12.029909531847112,rom
R0076_S+01,76,20.111560970855475,20.071917203983475,rom
R0076_S+02,76,1.4047017403737232,1.5176348070529098,rom
R0076_S+03,76,17.576474369133376,17.71500111346401,rom
R0077_S+00,77,13.853038164538946,13.69676270229556,rom
R0077_S+01,77,5.808506185662783,5.786343139321587,rom
R0077_S+02,77,17.024323778894495,16.522042644198347,rom
R0077_S+03,77,6.7904017591605035,6.725438406900814,rom
R0078_S+00,78,12.59489211874273,12.464170624810322,rom
R0078_S+01,78,2.8379486564651466,3.0324275974684944,rom
R0078_S+02,78,1.5704964856310601,1.768382646545067,rom
R0078_S+03,78,2.129171659714371,2.361795755105611,rom
R0079_S+00,79,8.436889465261467,7.98924995447952,rom
R0079_S+01,79,13.068198202195086,11.889886321213947,rom
R0079_S+02,79,1.9888108790751584,1.9806069033322424,rom
R0079_S+03,79,2.7429411110672612,2.709108197320317,rom
R0080_S+00,80,5.082085864424787,5.1481492180122554,rom
R0080_S+01,80,4.1828802607091475,4.316345404048768,rom
R0080_S+02,80,13.926127373680758,14.262624747339839,rom
R0080_S+03,80,0.7537869218032454,0.7755418490418258,rom
R0081_S+00,81,4.521195919345923,4.892774060880922,rom
R0081_S+01,81,1.3744105538472366,1.6220905586549987,rom
R0081_S+02,81,0.6842781136822533,0.7537821210522102,rom
R0081_S+03,81,3.166574692886036,3.5446706215499604,rom
R0082_S+00,82,16.262196838643302,16.044408009858632,rom
R0082_S+01,82,3.8480739241142983,3.8683444436735157,rom
R0082_S+02,82,1.1277574802044816,1.17804884745349,rom
R0082_S+03,82,4.603134085357309,4.669859635687002,rom
R0083_S+00,83,15.15560270277112,15.18915190020967,rom
R0083_S+01,83,8.038794630203002,8.236354104222878,rom
R0083_S+02,83,4.319067437994767,4.414161033265178,rom
R0083_S+03,83,2.135503682588812,2.2392838272616755,rom
R0084_S+00,84,2.4105715497740694,2.451207150940241,rom
R0084_S+01,84,1.7653621615478046,1.8052432969807284,rom
R0084_S+02,84,14.977804379422007,14.237362654723398,rom
R0084_S+03,84,22.145284646765955,19.65765626123165,rom
R0085_S+00,85,10.763927656165768,10.725367998013583,rom
R0085_S+01,85,2.9892885942763985,3.003097999023022,rom
R0085_S+02,85,2.090996844417803,2.093352418481298,rom
R0085_S+03,85,2.4729106597194748,2.473379917249708,rom
R0086_S+00,86,0.961539896458149,1.0651723528328116,rom
R0086_S+01,86,3.9665815098215083,4.124593574800923,rom
R0086_S+02,86,2.4489085596415103,2.634770034609798,rom
R0086_S+03,86,4.6225703155643085,4.851541695002409,rom
R0087_S+00,87,6.39070935999655,6.382426922400909,rom
R0087_S+01,87,1.7119341818445084,1.7228340787181078,rom
R0087_S+02,87,1.5589008034728222,1.5927887357532609,rom
R0087_S+03,87,6.867624801993061,6.865468005754445,rom
R0088_S+00,88,3.51209466173099,3.531231357623611,rom
R0088_S+01,88,1.6554527431502213,1.6591112210725298,rom
R0088_S+02,88,6.32211820796204,6.332109256805965,rom
R0088_S+03,88,3.6926937031976688,3.700851592467273,rom
R0089_S+00,89,11.244769152715936,11.171800634035472,rom
R0089_S+01,89,17.43352744605234,16.938823202679497,rom
R0089_S+02,89,1.0031637950619534,1.0472555095939606,rom
R0089_S+03,89,20.047716690308384,19.359093596448165,rom
R0090_S+00,90,1.2834503181546648,1.301210947735899,rom
R0090_S+01,90,7.99837465813104,7.997577040094042,rom
R0090_S+02,90,1.2793240810966156,1.2853599778497908,rom
R0090_S+03,90,2.9078179397081136,2.9553871678123276,rom
R0091_S+00,91,1.8798284534404912,2.1291522673959684,rom
R0091_S+01,91,14.511786519765097,15.3454809683699,rom
R0091_S+02,91,9.95895083257196,10.703596617538773,rom
R0091_S+03,91,4.572240970394557,5.079654595566217,rom
R0092_S+00,92,5.355470168561548,5.42223209258816,rom
R0092_S+01,92,3.5338459427965923,3.5907168212754685,rom
R0092_S+02,92,8.437018608663232,8.500414781889402,rom
R0092_S+03,92,3.4231973907190523,3.466333023327979,rom
R0093_S+00,93,17.44938136408022,18.264992151165462,rom
R0093_S+01,93,1.3890968737712075,1.4896145285274052,rom
R0093_S+02,93,1.8430596623232216,2.0552115812398632,rom
R0093_S+03,93,1.2392545713196434,1.3560786649547272,rom
R0094_S+00,94,3.9397144576571583,4.1177181926162225,rom
R0094_S+01,94,4.068715341340019,4.106549778031767,rom
R0094_S+02,94,3.701435371237684,3.9852623681681525,rom
R0094_S+03,94,1.0705066881955863,1.1587007443486852,rom
R0095_S+00,95,4.74163987950442,4.902185665309489,rom
R0095_S+01,95,0.7573688920629602,0.763358386062894,rom
R0095_S+02,95,4.543604186763525,4.682292541233711,rom
R0095_S+03,95,1.114616286668418,1.1731129247228214,rom
R0096_S+00,96,0.7936309892324526,0.8031568800662621,rom
R0096_S+01,96,2.622491812349282,2.624498984633157,rom
R0096_S+02,96,1.0508844874037595,1.063862985522016,rom
R0096_S+03,96,1.1138789788882324,1.122828235539838,rom
R0097_S+00,97,2.1065412106939703,2.059646383661131,rom
R0097_S+01,97,0.7417114762355815,0.7348467577139841,rom
R0097_S+02,97,5.816799544840555,5.4965244292568585,rom
R0097_S+03,97,3.602887182393812,3.5189432921303334,rom
R0098_S+00,98,4.573445832094163,4.1365090697177145,rom
R0098_S+01,98,15.372019827066424,12.879404054585272,rom
R0098_S+02,98,1.595667419665426,1.5331156393903773,rom
R0098_S+03,98,1.097490045365803,1.048668670865897,rom
R0099_S+00,99,14.564703740743903,14.729562910909891,rom
R0099_S+01,99,2.039332778047096,2.0799412210672243,rom
R0099_S+02,99,2.9467150049751103,3.02195985991183,rom
R0099_S+03,99,10.790227123403858,11.046879736740994,rom
R0100_S+00,100,0.7842004461648576,0.8105788365695795,rom
R0100_S+01,100,5.64841891816897,5.825050707300313,rom
R0100_S+02,100,5.597793376232784,5.761855060876039,rom
R0100_S+03,100,1.4243293142574989,1.4982642668215902,rom
R0101_S+00,101,4.954068901538156,4.99371009964975,rom
R0101_S+01,101,1.6183139961537496,1.6301078541272642,rom
R0101_S+02,101,7.575203086653181,7.60570331136068,rom
R0101_S+03,101,8.41780252904486,8.401993667122797,rom
R0102_S+00,102,12.94570317887919,12.932038054412816,rom
R0102_S+01,102,1.824810753677275,1.8852139386588196,rom
R0102_S+02,102,9.976074594882645,10.011173711792143,rom
R0102_S+03,102,0.7594478015854955,0.7927497443350855,rom
R0103_S+00,103,1.4636168311812356,1.5745171749282645,rom
R0103_S+01,103,0.6716090720685367,0.7273566414354126,rom
R0103_S+02,103,6.98621275109335,7.177438765911639,rom
R0103_S+03,103,10.716272482939884,10.855757943270287,rom
R0104_S+00,104,1.505209200249655,1.811609902828928,rom
R0104_S+01,104,9.94108030983327,11.384744777636648,rom
R0104_S+02,104,0.7663497532984167,1.0405224934045372,rom
R0104_S+03,104,1.374746958926877,1.6253436334487408,rom
R0105_S+00,105,1.46140301188598,1.7098849396471765,rom
R0105_S+01,105,8.86934362912058,9.206566315341428,rom
R0105_S+02,105,3.423833478793349,3.8645520816298875,rom
R0105_S+03,105,5.93366851755384,6.426447857445615,rom
R0106_S+00,106,2.057154180867955,2.456156658688708,rom
R0106_S+01,106,17.32164743434635,18.693208965685017,rom
R0106_S+02,106,10.916005788011121,13.117410170093414,rom
R0106_S+03,106,1.2306854228653963,1.5572646711021305,rom
R0107_S+00,107,2.495421005699028,2.5021958898658276,rom
R0107_S+01,107,0.763375076389838,0.7687237268930718,rom
R0107_S+02,107,3.5379910581339598,3.536400931779248,rom
R0107_S+03,107,4.489154867268302,4.481095683361951,rom
R0108_S+00,108,1.7578591544276272,1.8901966297333612,rom
R0108_S+01,108,5.269772048733913,5.828131687975242,rom
R0108_S+02,108,1.6177964318240527,1.7734023227347002,rom
R0108_S+03,108,1.05061906021359,1.1383718847556592,rom
R0109_S+00,109,1.6413887648747099,1.6553783902326773,rom
R0109_S+01,109,10.732616739117578,10.850480168382669,rom
R0109_S+02,109,5.487072615437049,5.609898686347074,rom
R0109_S+03,109,4.976204703684736,4.986250098454501,rom
R0110_S+00,110,0.727174557353219,0.7360998708574931,rom
R0110_S+01,110,4.097923686668757,4.015602314731017,rom
R0110_S+02,110,2.3875351661703883,2.391435954901189,rom
R0110_S+03,110,16.14000899934467,14.763305483985514,rom
R0111_S+00,111,14.937487441754147,15.139691501315435,rom
R0111_S+01,111,0.7390858315894044,0.7726113132861036,rom
R0111_S+02,111,6.461195213557728,6.70155207027802,rom
R0111_S+03,111,1.0987914674089196,1.1195013732882184,rom
R0112_S+00,112,1.0559375289718809,1.5821271805248434,rom
R0112_S+01,112,19.752140434759347,24.267121340535265,rom
R0112_S+02,112,3.613704036789179,4.698164924638016,rom
R0112_S+03,112,7.511112380361795,10.251609424752502,rom
R0113_S+00,113,6.72259116216112,6.9279415705581595,rom
R0113_S+01,113,4.825288267527018,4.942182591969072,rom
R0113_S+02,113,12.032267486330717,12.201717697457955,rom
R0113_S+03,113,7.912734268766291,8.027743534233224,rom
R0114_S+00,114,2.838108868762482,2.771994784732836,rom
R0114_S+01,114,1.127244715749828,1.1430655461467487,rom
R0114_S+02,114,1.3705412096331528,1.3869804206712888,rom
R0114_S+03,114,16.130382529777382,13.680825202388698,rom
R0115_S+00,115,1.211523217260657,1.3346099431575473,rom
R0115_S+01,115,2.9982584351087027,3.3590963255952815,rom
R0115_S+02,115,2.9953486615218483,3.3451786557044034,rom
R0115_S+03,115,1.414238934792228,1.6379472781463638,rom
R0116_S+00,116,7.084717880907998,8.399671762298203,rom
R0116_S+01,116,14.172551692236908,15.494350772562031,rom
R0116_S+02,116,13.649201662264607,15.188887363986396,rom
R0116_S+03,116,1.3318150044067765,1.58904793590926,rom
R0117_S+00,117,1.2645090460499342,1.4238586066705605,rom
R0117_S+01,117,1.0173780925904867,1.1363291866825498,rom
R0117_S+02,117,2.844251376500964,3.0069809281603637,rom
R0117_S+03,117,0.6581521525859981,0.7235936355193322,rom
R0118_S+00,118,3.3106116050651333,3.3001594962632517,rom
R0118_S+01,118,6.392402181884691,6.3084669451609585,rom
R0118_S+02,118,10.057033595983,9.836304136623498,rom
R0118_S+03,118,2.565062862294957,2.557964391613872,rom
R0119_S+00,119,1.4215368842739946,1.594081751205826,rom
R0119_S+01,119,0.920585354106374,1.0175206165629305,rom
R0119_S+02,119,14.103283704114787,15.368381514941778,rom
R0119_S+03,119,8.635419842530876,9.584327093736244,rom
R0120_S+00,120,1.7381449163047726,1.8419698870272283,rom
R0120_S+01,120,1.2040608170364313,1.2810740476733566,rom
R0120_S+02,120,4.894619096286952,5.111371250926543,rom
R0120_S+03,120,11.397807185458738,11.890156584970752,rom
R0121_S+00,121,4.281209992725022,4.893186597433732,rom
R0121_S+01,121,1.491723325476436,1.7652216451123985,rom
R0121_S+02,121,5.1917769668586216,6.156784553338588,rom
R0121_S+03,121,27.67358826547677,26.84493939049308,rom
R0122_S+00,122,3.0273699711571744,3.0313400051032664,rom
R0122_S+01,122,1.1582971970970333,1.1629814690573088,rom
R0122_S+02,122,4.368443236927006,4.370132897552681,rom
R0122_S+03,122,10.313903759221498,10.255449672290279,rom
R0123_S+00,123,9.216971920206777,8.855700457235082,rom
R0123_S+01,123,1.188179071598094,1.1796625468497448,rom
R0123_S+02,123,13.83920772223544,12.641381169548803,rom
R0123_S+03,123,4.719605877848204,4.561217430866027,rom
R0124_S+00,124,6.032425387165099,6.222743882879531,rom
R0124_S+01,124,1.3825220721720775,1.5044427118036994,rom
R0124_S+02,124,6.445553436719466,6.826633833660931,rom
R0124_S+03,124,1.94989556195011,2.098086687126509,rom
R0125_S+00,125,0.7507424499379713,0.752711858005984,rom
R0125_S+01,125,1.2748400073821955,1.2765958819219216,rom
R0125_S+02,125,0.8950456167911198,0.9103103058728771,rom
R0125_S+03,125,9.348418917230635,9.324241679435241,rom
R0126_S+00,126,1.110673041093219,1.3729314013544636,rom
R0126_S+01,126,1.051854645878736,1.3317964727510203,rom
R0126_S+02,126,0.9270519067867696,1.1353746675470973,rom
R0126_S+03,126,18.88121560029685,21.70585023313802,rom
R0127_S+00,127,3.762862147239197,3.773907404464702,rom
R0127_S+01,127,1.6171425518563352,1.6238240286394956,rom
R0127_S+02,127,3.147480294282909,3.164826557634829,rom
R0127_S+03,127,1.1801219898799191,1.1830290931571597,rom
R0128_S+00,128,1.4195309121277278,1.421111772288211,rom
R0128_S+01,128,1.2194010482233297,1.2204011063766986,rom
R0128_S+02,128,7.534442887006913,7.522242780983398,rom
R0128_S+03,128,1.8721531277434267,1.8768322921689702,rom
R0129_S+00,129,2.582556172226958,2.588576467810483,rom
R0129_S+01,129,10.774846441345133,10.883086327908888,rom
R0129_S+02,129,9.382818713614219,9.452438261534361,rom
R0129_S+03,129,1.405950894595597,1.4447205570619104,rom
R0130_S+00,130,1.3904948670648896,1.4546757265178014,rom
R0130_S+01,130,10.362652527876563,10.952361195603878,rom
R0130_S+02,130,0.8251347135257907,0.8829014370828739,rom
R0130_S+03,130,3.9987145623896088,4.260131704037384,rom
R0131_S+00,131,3.0796084429530577,3.407413922024493,rom
R0131_S+01,131,5.897769629355047,6.371897752054308,rom
R0131_S+02,131,1.5129733356988764,1.7064568301040428,rom
R0131_S+03,131,6.527236597741995,7.119647806411354,rom
R0132_S+00,132,1.7130154444448893,1.7179534376613887,rom
R0132_S+01,132,8.446531839211158,8.522128817116956,rom
R0132_S+02,132,2.91783189667229,2.962477344605786,rom
R0132_S+03,132,1.7369750271449163,1.7678574919595846,rom
R0133_S+00,133,1.2126869037253634,1.2898276121656298,rom
R0133_S+01,133,19.43015603411673,19.05506642349415,rom
R0133_S+02,133,3.6644343801717127,3.8363250921661916,rom
R0133_S+03,133,1.1231566353777107,1.1948036513392843,rom
R0134_S+00,134,0.7469834055466205,0.8943889962912587,rom
R0134_S+01,134,1.0098057730089276,1.1470025217679625,rom
R0134_S+02,134,10.772783395399653,11.341381907120331,rom
R0134_S+03,134,2.4100500107213483,2.831245310409161,rom
R0135_S+00,135,1.929784456768278,1.9414365772257798,rom
R0135_S+01,135,0.9623619463349916,0.9688674802898509,rom
R0135_S+02,135,5.39554174505911,5.42147788171198,rom
R0135_S+03,135,3.805315550236572,3.8254787026330224,rom
R0136_S+00,136,6.9190600889725316,6.601562907819631,rom
R0136_S+01,136,0.7479735900086183,0.8230116315776154,rom
R0136_S+02,136,9.264212603583582,8.611011100213304,rom
R0136_S+03,136,0.9054298454481382,0.9749097861602781,rom
R0137_S+00,137,3.856752893971968,3.861876361132118,rom
R0137_S+01,137,8.391041210395207,8.39383598157565,rom
R0137_S+02,137,1.12509761962362,1.1278075574719941,rom
R0137_S+03,137,4.39546005668322,4.407339794001414,rom
R0138_S+00,138,12.317309165119104,12.237402281391972,rom
R0138_S+01,138,2.6052896477948164,2.6639762633115867,rom
R0138_S+02,138,1.1907623999102805,1.2376472658005848,rom
R0138_S+03,138,7.241523443483613,7.358905562514402,rom
R0139_S+00,139,2.308265992785841,2.4571748581960104,rom
R0139_S+01,139,4.5830968069074975,4.9339387323290005,rom
R0139_S+02,139,2.22168408775679,2.395931474391853,rom
R0139_S+03,139,10.677887574318808,11.3131906429695,rom
R0140_S+00,140,8.507841518261127,8.648039901057768,rom
R0140_S+01,140,2.728820347238183,2.8077708132784682,rom
R0140_S+02,140,0.7697516248999182,0.7845119533860161,rom
R0140_S+03,140,11.68513107413397,11.83805189873148,rom
R0141_S+00,141,2.500099357236292,2.9571400306044993,rom
R0141_S+01,141,10.141528383624836,10.579648444284983,rom
R0141_S+02,141,8.82918079593861,9.281056221859407,rom
R0141_S+03,141,1.0189809377032073,1.285753646466683,rom
R0142_S+00,142,16.391863089320385,15.739777122913189,rom
R0142_S+01,142,6.647158255478699,6.605373486049984,rom
R0142_S+02,142,5.665633485333018,5.64542746701057,rom
R0142_S+03,142,1.5649881514589377,1.6064399040066426,rom
R0143_S+00,143,0.8013677012525163,0.8019879705242834,rom
R0143_S+01,143,8.282633137787558,8.255381902008175,rom
R0143_S+02,143,9.56305047224852,9.522918390483802,rom
R0143_S+03,143,1.626735802053541,1.6278162119867217,rom
R0144_S+00,144,1.138536723134458,1.2098445608210082,rom
R0144_S+01,144,0.9470177253688724,0.9685787242115032,rom
R0144_S+02,144,18.43137098324495,18.5050558456165,rom
R0144_S+03,144,3.787670168811813,3.9619843829295864,rom
R0145_S+00,145,11.6948042624325,11.526648675623305,rom
R0145_S+01,145,8.064867901483204,8.020860973981193,rom
R0145_S+02,145,2.1259007033726536,2.1350604097136308,rom
R0145_S+03,145,5.838066485860669,5.825427428706012,rom
R0146_S+00,146,8.163953878457166,8.342358954263,rom
R0146_S+01,146,3.2032095630106627,3.2700331035162975,rom
R0146_S+02,146,2.196722616798926,2.2635622166469878,rom
R0146_S+03,146,8.507514334587313,8.59367254036794,rom
R0147_S+00,147,16.22684881420073,16.516509910094943,rom
R0147_S+01,147,1.2935623974629826,1.4760617585831903,rom
R0147_S+02,147,16.49914041304108,16.698214186598335,rom
R0147_S+03,147,13.981027889714488,14.112112555336752,rom
R0148_S+00,148,7.368677184105959,7.3572434221950775,rom
R0148_S+01,148,2.4322732530880273,2.4405815363885717,rom
R0148_S+02,148,2.7517341472815313,2.766430698245235,rom
R0148_S+03,148,7.1363121899148005,7.1312544218534555,rom
R0149_S+00,149,17.70235814603869,14.882225121297209,rom
R0149_S+01,149,1.8674457002326137,1.8250112369064901,rom
R0149_S+02,149,1.1451471570857505,1.1386181921524454,rom
R0149_S+03,149,9.669939808733716,8.57861406325879,rom
R0150_S+00,150,0.8192094767030924,0.9754851316766183,rom
R0150_S+01,150,2.481821504819531,2.942195588523157,rom
R0150_S+02,150,0.8279938090934307,1.0168506452079078,rom
R0150_S+03,150,14.743027041410446,15.481252967129716,rom
R0151_S+00,151,2.1423050042447374,2.151405858887799,rom
R0151_S+01,151,3.2304788752291986,3.254087511544878,rom
R0151_S+02,151,3.2143462334176003,3.2380806034994944,rom
R0151_S+03,151,1.4262726570970714,1.4380660105183287,rom
R0152_S+00,152,5.063671388700519,5.2289812231327595,rom
R0152_S+01,152,0.898357603642188,0.9363018304180827,rom
R0152_S+02,152,2.3345303050471546,2.4301039450286,rom
R0152_S+03,152,3.1741011231516114,3.283558460530901,rom
R0153_S+00,153,16.857327002204105,16.801580175968084,rom
R0153_S+01,153,12.956985046593376,13.13085791250637,rom
R0153_S+02,153,2.7881080342226476,3.0691352734436004,rom
R0153_S+03,153,11.261988580941633,11.445035464612625,rom
R0154_S+00,154,14.056388584977768,14.267220946715772,rom
R0154_S+01,154,3.5265369860154614,3.639207272506913,rom
R0154_S+02,154,5.954409555470929,6.098262575318003,rom
R0154_S+03,154,7.122676155431602,7.2594723114227335,rom
R0155_S+00,155,2.4690743000755795,2.4669270395500824,rom
R0155_S+01,155,5.405055631870866,5.340334374433993,rom
R0155_S+02,155,9.73392277089606,9.483039026165374,rom
R0155_S+03,155,14.598195898583056,14.17905580950104,rom
R0156_S+00,156,0.9088246970537808,0.9134707501196687,rom
R0156_S+01,156,3.4690891587715185,3.5060453394612696,rom
R0156_S+02,156,0.8227309510459099,0.8376744033282298,rom
R0156_S+03,156,12.857381936290222,12.793151721968625,rom
R0157_S+00,157,5.110874989301272,5.650079911854752,rom
R0157_S+01,157,1.3239008680726905,1.3603929530400438,rom
R0157_S+02,157,8.788174732786796,9.387560332645307,rom
R0157_S+03,157,5.599510105592482,5.8524369375024365,rom
R0158_S+00,158,13.77904957676018,13.038993870353957,rom
R0158_S+01,158,3.778404515948325,3.8212531040086666,rom
R0158_S+02,158,3.4526887684347147,3.4747057628795766,rom
R0158_S+03,158,11.499106494254804,11.126824995283418,rom
R0159_S+00,159,8.180188601162032,7.906175138496637,rom
R0159_S+01,159,5.544262432467069,5.429728986690976,rom
R0159_S+02,159,1.2547427019262556,1.2840270570945893,rom
R0159_S+03,159,5.424612946218289,5.305641517667091,rom
R0160_S+00,160,1.9966462768427398,2.011292080938714,rom
R0160_S+01,160,11.493307879128965,11.470519323040449,rom
R0160_S+02,160,4.380511045320664,4.3959897389532125,rom
R0160_S+03,160,1.0360721305031964,1.0501280746761716,rom
R0161_S+00,161,14.37394960605605,14.295647640087282,rom
R0161_S+01,161,9.097180192575621,9.150327435984584,rom
R0161_S+02,161,3.411243166448582,3.4591131974321008,rom
R0161_S+03,161,17.48040970485644,17.500155493550928,rom
R0162_S+00,162,5.72926478623572,7.7190527046791235,rom
R0162_S+01,162,2.8823402509180793,3.941636101085508,rom
R0162_S+02,162,9.52422522342642,12.461160609559206,rom
R0162_S+03,162,4.503044265651632,6.389531230348197,rom
R0163_S+00,163,4.4343711259068925,4.563121015719692,rom
R0163_S+01,163,9.44698797926487,9.439606579200227,rom
R0163_S+02,163,17.04301707357728,17.047744490402906,rom
R0163_S+03,163,1.1031809592154809,1.1142676451015354,rom
R0164_S+00,164,1.3948254908488467,1.4369749669030418,rom
R0164_S+01,164,1.0547187294099702,1.0905368965389186,rom
R0164_S+02,164,2.9642032835927457,3.0592806232911647,rom
R0164_S+03,164,3.1015450749474653,3.180541938939817,rom
R0165_S+00,165,8.380324910217784,8.256096003801787,rom
R0165_S+01,165,3.850095170406383,3.861413889883937,rom
R0165_S+02,165,17.60977397873217,16.908350063486324,rom
R0165_S+03,165,1.2427737102247811,1.252075832574996,rom
R0166_S+00,166,16.38263311767186,15.736107348330599,rom
R0166_S+01,166,10.498182359366192,10.813358092591354,rom
R0166_S+02,166,16.174483208926436,15.5703836891663,rom
R0166_S+03,166,2.28286548944946,2.7393389449646346,rom
R0167_S+00,167,2.835370378050104,2.910833045900548,rom
R0167_S+01,167,1.9721447442047968,2.039106549220783,rom
R0167_S+02,167,8.990192254345653,8.61137376057962,rom
R0167_S+03,167,1.3099754099445307,1.3707071724639008,rom
R0168_S+00,168,4.8077370838809905,5.061859903700541,rom
R0168_S+01,168,7.52277193801007,8.180577613787406,rom
R0168_S+02,168,8.631310812895842,9.813141789091128,rom
R0168_S+03,168,1.1873214442157374,1.3039583391036806,rom
R0169_S+00,169,17.066569801903757,15.3111945758796,rom
R0169_S+01,169,5.368581790397126,5.303248009380101,rom
R0169_S+02,169,13.290346135956302,12.374214063008656,rom
R0169_S+03,169,3.2116542133295125,3.2462823103150518,rom
R0170_S+00,170,5.192684938820139,5.938741026586133,rom
R0170_S+01,170,1.3485750837062132,1.520001867322008,rom
R0170_S+02,170,10.695871111193432,11.629482228061732,rom
R0170_S+03,170,1.3853100561606642,1.5204451043275373,rom
R0171_S+00,171,1.01110024624395,1.0791789733001464,rom
R0171_S+01,171,6.114244262861125,6.278892318302767,rom
R0171_S+02,171,0.7559357731379234,0.8005277620607819,rom
R0171_S+03,171,0.7705144116108231,0.8281449390462301,rom
R0172_S+00,172,32.44395832900729,27.69913856771429,rom
R0172_S+01,172,2.0335904737527035,2.4471761405127457,rom
R0172_S+02,172,1.6438545917177052,1.938131095868925,rom
R0172_S+03,172,8.463653792743676,8.831851304895567,rom
R0173_S+00,173,17.779617315963012,17.64527630099371,rom
R0173_S+01,173,1.095335052019056,1.1014317724947187,rom
R0173_S+02,173,3.2023275505483,3.23410869612907,rom
R0173_S+03,173,3.090161557823103,3.1151576212519037,rom
R0174_S+00,174,5.094070016951744,5.055953995155663,rom
R0174_S+01,174,0.7635220873657241,0.7678896028870258,rom
R0174_S+02,174,11.725481848007577,11.454630552251876,rom
R0174_S+03,174,1.7129528421481701,1.7208349501452662,rom
R0175_S+00,175,1.860000436905738,1.8701725493634749,rom
R0175_S+01,175,4.255608540461019,4.285398765323204,rom
R0175_S+02,175,2.787630310313832,2.8014667506280038,rom
R0175_S+03,175,15.603728118660134,15.566619135302329,rom
R0176_S+00,176,14.156361525162021,14.04266657458565,rom
R0176_S+01,176,17.375357031234916,17.127576812513244,rom
R0176_S+02,176,1.7009442272678,1.7013297449119187,rom
R0176_S+03,176,10.948564502053387,10.877547885325459,rom
R0177_S+00,177,17.983178103189946,17.590516564432033,rom
R0177_S+01,177,1.8777263447514696,2.112232615808745,rom
R0177_S+02,177,3.8739864252380505,4.2542812242174435,rom
R0177_S+03,177,11.553504259178519,11.623098327868016,rom
R0178_S+00,178,1.5418184354285003,1.672658134464801,rom
R0178_S+01,178,2.007415277651616,2.1518068400277937,rom
R0178_S+02,178,1.0455661287906357,1.141995729402026,rom
R0178_S+03,178,9.966954033531696,9.822920488722938,rom
R0179_S+00,179,0.8432379865346029,0.8967354999097861,rom
R0179_S+01,179,5.662547057674378,6.02989928060484,rom
R0179_S+02,179,9.98944122337839,10.555163370715546,rom
R0179_S+03,179,1.4727135779274627,1.5291486914123054,rom
R0180_S+00,180,1.535723244971484,1.579827443381164,rom
R0180_S+01,180,14.687605921082175,14.993918090162579,rom
R0180_S+02,180,12.152777977285904,12.24550008303996,rom
R0180_S+03,180,2.0596660780617633,2.1312619784955174,rom
R0181_S+00,181,7.0566616722643225,7.233716629994276,rom
R0181_S+01,181,1.4401029876400866,1.5480387436529814,rom
R0181_S+02,181,5.259029807609386,5.531053140800434,rom
R0181_S+03,181,2.6021765863589343,2.788679431664424,rom
R0182_S+00,182,1.3484930574909486,1.3486644308233535,rom
R0182_S+01,182,14.323049990091517,14.253307398366793,rom
R0182_S+02,182,18.255338911832922,18.11551141324603,rom
R0182_S+03,182,17.14362611956394,17.029653777489774,rom
R0183_S+00,183,1.2626065036290772,1.4377656831178551,rom
R0183_S+01,183,8.5092625097633,9.92730554198246,rom
R0183_S+02,183,5.173116516918726,5.771985320567998,rom
R0183_S+03,183,5.876040067138932,6.647659357577275,rom
R0184_S+00,184,7.017063969257429,6.918583114754318,rom
R0184_S+01,184,10.41280533243072,10.1006519305682,rom
R0184_S+02,184,1.5457275621339976,1.5621388843435813,rom
R0184_S+03,184,4.978975013155441,4.938019309874486,rom
R0185_S+00,185,5.400482596949775,5.446491923728801,rom
R0185_S+01,185,11.896658205340952,12.083589809422245,rom
R0185_S+02,185,1.5253212523762676,1.561571281759258,rom
R0185_S+03,185,15.497091261657529,15.511242496641119,rom
R0186_S+00,186,7.689712984555815,7.6826133801360195,rom
R0186_S+01,186,1.1736020512112342,1.1952021922327132,rom
R0186_S+02,186,9.27775259859232,9.198217795624595,rom
R0186_S+03,186,2.252761033545632,2.340877888626465,rom
R0187_S+00,187,1.1111691764634215,1.1206271710257047,rom
R0187_S+01,187,2.516381962204385,2.4895991031296476,rom
R0187_S+02,187,11.837320426299327,11.120209398491433,rom
R0187_S+03,187,1.0147914670253637,1.0242601496548063,rom
R0188_S+00,188,5.715932471198134,6.124923025677524,rom
R0188_S+01,188,2.7416906871660167,2.958173548473208,rom
R0188_S+02,188,2.0769349621390365,2.2264071264273215,rom
R0188_S+03,188,0.859480396200329,0.9200033358021511,rom
R0189_S+00,189,5.095750311044715,5.091277858376959,rom
R0189_S+01,189,3.8639383924700694,3.862728288579477,rom
R0189_S+02,189,10.709479418498292,10.671057259686963,rom
R0189_S+03,189,3.8341234680808784,3.8434953826967435,rom
R0190_S+00,190,10.377020138271604,10.305178270770293,rom
R0190_S+01,190,1.1356932523967846,1.1358355834572889,rom
R0190_S+02,190,3.81876439351926,3.8161895051151844,rom
R0190_S+03,190,0.8748336040086485,0.8794073890114708,rom
R0191_S+00,191,7.8740716520924945,7.8924918304523946,rom
R0191_S+01,191,1.0753092007725964,1.104690079140004,rom
R0191_S+02,191,2.8963114923195428,2.948995824714765,rom
R0191_S+03,191,8.032825481962771,8.062226989992,rom
R0192_S+00,192,13.416097160629306,13.229787582786056,rom
R0192_S+01,192,17.035455211256725,16.67454572653464,rom
R0192_S+02,192,18.521992782900938,17.90178540789616,rom
R0192_S+03,192,5.485143296110615,5.549710548803347,rom
R0193_S+00,193,1.3986524028063605,1.3987900658036505,rom
R0193_S+01,193,17.07036133126458,16.970523499504385,rom
R0193_S+02,193,12.42390598115158,12.419904023485957,rom
R0193_S+03,193,3.5484479930180646,3.551086128928133,rom
R0194_S+00,194,3.5390952013834975,3.6095594641615065,rom
R0194_S+01,194,5.919419805882171,5.933515523746719,rom
R0194_S+02,194,1.5567197191458904,1.582748601553776,rom
R0194_S+03,194,4.647967536206793,4.788595455097301,rom
R0195_S+00,195,0.7798002564452775,0.8030153077733777,rom
R0195_S+01,195,17.969224212025104,14.853921527640043,rom
R0195_S+02,195,1.000943569277195,1.0539623861048988,rom
R0195_S+03,195,7.477954412054099,6.942838511038175,rom
R0196_S+00,196,2.7026016012788006,2.7133951667832124,rom
R0196_S+01,196,6.6322074717476145,6.702276149768092,rom
R0196_S+02,196,1.897019684133917,1.9245868127844274,rom
R0196_S+03,196,0.8937235157721508,0.8978916800833818,rom
R0197_S+00,197,1.126116360148577,1.1325160629488822,rom
R0197_S+01,197,0.9621154040938223,0.9694267637785421,rom
R0197_S+02,197,5.7244562047712355,5.734888837459757,rom
R0197_S+03,197,4.192729049305111,4.227410854389568,rom
R0198_S+00,198,1.2935671465270162,1.418851714739912,rom
R0198_S+01,198,1.8227809199082776,1.844550177978136,rom
R0198_S+02,198,0.8495801542961858,0.8909967842879043,rom
R0198_S+03,198,2.485154715975743,2.529085354211316,rom
R0199_S+00,199,2.0342076539422567,2.0359291257692242,rom
R0199_S+01,199,0.8940904934381452,0.8992047981388693,rom
R0199_S+02,199,10.691568746515085,10.671115898683453,rom
R0199_S+03,199,0.9622153297322914,0.9624416570252318,rom
R0200_S+00,200,1.071868165514933,1.0905353448956858,rom
R0200_S+01,200,2.542909749216393,2.5618220024130585,rom
R0200_S+02,200,14.025280082738469,13.70506219685036,rom
R0200_S+03,200,3.3032387923652045,3.3188162696000325,rom
R0201_S+00,201,4.0013744834175515,4.1954959997293955,rom
R0201_S+01,201,10.644024475498059,10.680274262952773,rom
R0201_S+02,201,9.117826757955301,9.209422060790697,rom
R0201_S+03,201,12.92709702208858,12.83233927035701,rom
R0202_S+00,202,11.411229245566554,13.90880662659486,rom
R0202_S+01,202,3.94471115327581,5.068841899757928,rom
R0202_S+02,202,1.1058276645270568,1.2583654599883427,rom
R0202_S+03,202,5.851512157673146,7.639232083756106,rom
R0203_S+00,203,6.995595424895272,7.245368986293487,rom
R0203_S+01,203,10.40090459568449,10.405247973190734,rom
R0203_S+02,203,1.9709566836714856,2.1108247725111657,rom
R0203_S+03,203,2.72891071261596,2.9880819045538147,rom
R0204_S+00,204,4.309546608148694,5.0035062731336435,rom
R0204_S+01,204,13.167160598710025,14.676343560063104,rom
R0204_S+02,204,12.66600728355091,14.160246396838838,rom
R0204_S+03,204,5.521657388039246,6.8101916345734885,rom
R0205_S+00,205,9.6070194490306,11.034053691891502,rom
R0205_S+01,205,2.1899561798771403,2.5663512367710397,rom
R0205_S+02,205,0.8910585404647179,1.1083118554507587,rom
R0205_S+03,205,9.304357356677333,10.32883404030443,rom
R0206_S+00,206,6.006642339190074,6.8614597128327475,rom
R0206_S+01,206,2.352090792197343,2.780183983903624,rom
R0206_S+02,206,1.5135713277425673,1.6771353319056936,rom
R0206_S+03,206,4.837117949566704,5.473554676226775,rom
R0207_S+00,207,9.12347502760137,9.54879151176074,rom
R0207_S+01,207,12.382194842315323,12.734455611446956,rom
R0207_S+02,207,1.0531668902846238,1.158035163425813,rom
R0207_S+03,207,3.606945273984097,3.870057631662426,rom
R0208_S+00,208,6.01385896468671,6.098326302230081,rom
R0208_S+01,208,11.86918226933971,11.86497691599124,rom
R0208_S+02,208,10.270782235561288,10.336351781073304,rom
R0208_S+03,208,9.862641871366598,9.923509525296097,rom
R0209_S+00,209,17.65857571973389,18.556320423836276,rom
R0209_S+01,209,1.243807469042765,1.4224052815696129,rom
R0209_S+02,209,2.0353987471405603,2.236579316608111,rom
R0209_S+03,209,3.0004594391182513,3.3391899791363495,rom
R0210_S+00,210,2.53508208056324,2.564984859455913,rom
R0210_S+01,210,2.4518637531057856,2.4725466888067564,rom
R0210_S+02,210,8.087967396723721,8.06929742165335,rom
R0210_S+03,210,17.27570408166997,17.04993084169001,rom
R0211_S+00,211,7.84746537920247,7.769984490383895,rom
R0211_S+01,211,19.289510110942,18.282755091593216,rom
R0211_S+02,211,9.28624440183632,9.122979910961202,rom
R0211_S+03,211,5.0140018920114,5.023631800820972,rom
R0212_S+00,212,1.1930538307613487,1.4428150625420424,rom
R0212_S+01,212,10.578325024243703,10.916770192625323,rom
R0212_S+02,212,2.9030429606718084,3.3432362342863198,rom
R0212_S+03,212,2.4550456961879172,2.8654734559852666,rom
R0213_S+00,213,1.2319548418492992,1.2629401310446247,rom
R0213_S+01,213,3.6811010076017676,3.7369214289401227,rom
R0213_S+02,213,6.572834081226613,6.751369541567957,rom
R0213_S+03,213,16.127094108743627,16.02577365648087,rom
R0214_S+00,214,4.543389318134062,4.647901469540042,rom
R0214_S+01,214,1.4840042271455565,1.511377706921888,rom
R0214_S+02,214,3.464529144970022,3.5394612958200034,rom
R0214_S+03,214,8.538558908798437,8.50931422438486,rom
R0215_S+00,215,1.0327496543417087,1.0382011519143202,rom
R0215_S+01,215,10.935186564792284,10.992512684588437,rom
R0215_S+02,215,7.369391262508504,7.407425376899777,rom
R0215_S+03,215,1.185920470660029,1.1964448821619658,rom
R0216_S+00,216,1.6765364145223778,1.688402916457649,rom
R0216_S+01,216,10.652141905173785,10.647086402617312,rom
R0216_S+02,216,1.665325132691402,1.6899804576835111,rom
R0216_S+03,216,1.7209357859336138,1.7448546831384268,rom
R0217_S+00,217,0.9747289189146924,1.0140223065617382,rom
R0217_S+01,217,14.707855223720394,13.40058544975683,rom
R0217_S+02,217,6.846880182821803,6.674422362750417,rom
R0217_S+03,217,4.6502508044144175,4.63840357821152,rom
R0218_S+00,218,4.186165884420216,4.202687306480816,rom
R0218_S+01,218,4.827089559282847,4.872149528428068,rom
R0218_S+02,218,1.4403601503712535,1.4716146616377197,rom
R0218_S+03,218,12.50040446839923,12.634335256079416,rom
R0219_S+00,219,16.25729133135758,16.10061258097554,rom
R0219_S+01,219,1.7493667155323736,1.7846592213989259,rom
R0219_S+02,219,8.782338200273621,8.882159249395894,rom
R0219_S+03,219,1.5035466307124958,1.5566392598543923,rom
