scenario_id,variant,status,dp_bh_max_MPa,r_plume_m95_m,sweep_efficiency,co2_fraction_in_top_quarter,mass_balance_error,n_steps,wall_time_s,top_rows_max_sg
R0004_S+00,gravity_crossflow,ok,1.2551319930525142,418.50058692777003,0.0025500845360901217,0.9639209845761776,3.0232169878269126e-15,922,11.260897512000156,0.681367605337149
R0005_S+03,gravity_crossflow,ok,9.364750189285896,659.47916083019,0.014453073080280108,0.7129501511791482,6.017605894214339e-12,16904,136.66821763399957,0.7247246294940118
R0017_S+02,gravity_crossflow,ok,7.887267203001201,365.6229900730247,0.015192877584016683,0.9394387081516433,5.27996576844721e-08,2248,17.719800675999977,0.7374766991464531
R0019_S+02,gravity_crossflow,ok,8.093917451266371,555.6199104620239,0.016545580494725556,0.9856947006665548,2.535352413980546e-15,6178,81.49938345400005,0.6859865739652493
R0028_S+03,gravity_crossflow,ok,2.5926589006811045,531.0938090668948,0.004853327323377347,0.9660041017106492,1.8574775305812513e-15,2976,22.631731830000263,0.8005258727432956
R0033_S+00,gravity_crossflow,ok,18.424330153867018,1122.8676975461724,0.028342714271253504,0.8544237955334623,9.133126322058646e-15,60833,540.9321432500001,0.706500162481857
R0036_S+02,gravity_crossflow,ok,11.203954783984091,282.70036365012385,0.008853653893779529,0.5214961198990308,4.626549545403123e-16,5948,48.15186052800027,0.776242780801514
R0048_S+00,gravity_crossflow,ok,6.822785669907414,475.6621198558143,0.017839609420984656,0.6035049059881316,3.0370094265156153e-15,4942,38.92026098000042,0.6793408768835419
R0059_S+02,gravity_crossflow,ok,0.7686745385022853,169.73801756280804,0.001608852529471634,0.9998460601444392,2.653027594855355e-08,460,11.462524231000316,0.7192808840266149
R0084_S+00,gravity_crossflow,ok,2.374241034116015,445.5275062285148,0.004440960261756699,0.9096759146570151,7.624927276565203e-16,1740,14.648643351999908,0.7258997314283353
R0090_S+00,gravity_crossflow,ok,1.1308775080100857,417.974513228853,0.0019944670343426734,1.0,7.636132968023755e-15,1762,42.552390168000784,0.6629818169574876
R0094_S+01,gravity_crossflow,ok,4.048519378425807,777.010572400546,0.009149888439741455,0.9644833626740774,3.9049211073966867e-13,4941,40.65523683399988,0.6426548101449854
R0112_S+00,gravity_crossflow,ok,1.0082155647494533,156.0394757251977,0.0010914449737150721,0.6317193029417022,2.4847512547292144e-10,502,3.8317159510006604,0.7242756957699107
R0115_S+00,gravity_crossflow,ok,1.141466244091062,211.31112731815455,0.0028200770261923775,0.8830009372330591,1.3498915394501117e-08,579,4.226102106000326,0.5822995886816628
R0122_S+03,gravity_crossflow,ok,10.280584674865656,558.5195989653389,0.02173436308563695,0.97083678287388,2.6287518835785176e-08,5382,58.21263034099957,0.7024905236595107
R0124_S+03,gravity_crossflow,ok,1.8021874372502156,341.767588996399,0.003149268724715934,0.9691146266521706,6.313728479631561e-16,1004,9.832897184000103,0.8034198273067484
R0160_S+01,gravity_crossflow,ok,11.433871531744904,470.1347697576876,0.02121997979983527,0.9632994976626497,5.936175244284682e-15,5518,62.19716798900026,0.7011121376101244
R0172_S+00,gravity_crossflow,ok,31.577292160235697,404.2380609699323,0.02995823654966297,0.33388829026342254,5.7901950727259935e-15,29224,269.27155854300054,0.5078611932212468
R0174_S+01,gravity_crossflow,ok,0.7122615690590888,177.33472385665414,0.00156999639710136,0.9969841200906234,3.598650279322972e-15,419,10.435183390999555,0.7035293397442121
R0174_S+02,gravity_crossflow,ok,11.411145926295195,375.1795899253453,0.02245692794845084,0.8856998913765181,3.490007414513281e-15,5314,59.23772238299989,0.699999465125419
R0183_S+02,gravity_crossflow,ok,4.399820535520088,490.60514202520767,0.013886809507953575,0.3354635768094456,4.635846199055447e-15,5025,55.826897734999875,0.5701218707700437
R0188_S+01,gravity_crossflow,ok,2.568472262503192,386.18927736838793,0.010718573523790508,0.848441204679667,2.7413383441152513e-14,2943,61.4724186680005,0.6933881879522821
R0188_S+03,gravity_crossflow,ok,0.8122202798842154,306.27304692270735,0.0023816480704527206,0.9527275013970957,1.567666235136901e-14,586,11.678126603000237,0.6960168063254575
R0203_S+01,gravity_crossflow,ok,8.86355193359834,564.920390103847,0.017891275352155078,0.46806831347800804,8.580756980115353e-09,24113,201.84396745200047,0.6871812739809688
R0206_S+01,gravity_crossflow,ok,2.2268074393167048,197.9222633241911,0.005340069216949644,0.4535704203568271,3.2178159992026184e-15,1170,9.280879887999617,0.6825416638326134
R0206_S+03,gravity_crossflow,ok,4.634331522768941,269.61939545834343,0.010300099506488579,0.3607817143656517,5.705706842518754e-16,3370,26.76446636200035,0.6785697769044595
R0004_S+00,crossflow_only,ok,1.2727803387222403,177.43876481209105,0.0027126322646176277,0.20740525466345874,9.54700101419023e-16,473,3.9552874480004903,0.5796088361157108
R0005_S+03,crossflow_only,ok,9.470706332303532,448.16456187006605,0.014280292748762587,0.24580642293081995,2.0320824955980178e-16,17002,143.09052336900004,0.539040981888384
R0017_S+02,crossflow_only,ok,7.920373022092201,167.43150906508134,0.01684722207435874,0.2715450273448477,4.915432730386436e-15,1941,16.177092016999268,0.5339104962114973
R0019_S+02,crossflow_only,ok,8.10637364360695,230.0571320079389,0.01885455371844617,0.1464424961743303,1.5845952587378397e-15,4088,33.8516349749998,0.49165920900948146
R0028_S+03,crossflow_only,ok,2.6109016249047143,324.8117464721202,0.005472837919123673,0.11686574098158475,2.889409492015269e-15,2240,18.86237966600038,0.6477263988963244
R0033_S+00,crossflow_only,ok,18.61588859223751,687.9379898788989,0.034884928506179504,0.2579294734032941,8.495931462380322e-15,61391,448.13562065800033,0.47396591424284595
R0036_S+02,crossflow_only,ok,11.308343409997084,244.34457780433166,0.009040532416466242,0.3434440108874402,2.5446022499717193e-15,5942,49.70856654099953,0.6295037306895415
R0048_S+00,crossflow_only,ok,6.855033585048296,364.8334718659637,0.015964000335598406,0.36428396423870074,7.288822623637445e-16,4646,36.18427345500004,0.4801971790580253
R0059_S+02,crossflow_only,ok,0.824870823393071,45.72893720615598,0.0016412142892847869,0.28986546952884085,2.1465563916118403e-14,224,1.9006648630002019,0.649716711378665
R0084_S+00,crossflow_only,ok,2.4101319523179976,239.6935253984491,0.004689881731060753,0.24566093963428928,9.149912731878272e-16,1578,12.532844775999365,0.5599232204893351
R0090_S+00,crossflow_only,ok,1.2511952626794483,180.6644463248886,0.0032450271843426225,0.6548713819709535,2.93566889659579e-14,556,4.433403250999618,0.5540967791188723
R0094_S+01,crossflow_only,ok,4.067530420912717,428.49831296338044,0.012420100835117855,0.21490270323687904,1.2685803951967984e-15,4580,37.23312108600021,0.4348660119843715
R0112_S+00,crossflow_only,ok,1.0199667083685324,118.25291969355922,0.0009939077815930898,0.1849863695173287,2.3214525445690802e-15,285,2.178908889000013,0.6472663613389693
R0115_S+00,crossflow_only,ok,1.1642798218205535,134.67833044852006,0.0028300436523968496,0.2749976720735961,4.5133411761544465e-15,344,2.8883263150000857,0.5007368020814891
R0122_S+03,crossflow_only,ok,10.310600747235819,264.0476665903398,0.024727088351264834,0.2449405590345755,5.448778045289341e-15,5019,41.31741764299932,0.45858834960291317
R0124_S+03,crossflow_only,ok,1.841509062823303,176.60375291528052,0.00337070893384208,0.40561918361385124,2.525491391852622e-16,743,6.191451538000365,0.6636793774919754
R0160_S+01,crossflow_only,ok,11.478481122682023,211.19726064608818,0.026452029808149813,0.34129020439347385,3.4627688924994e-15,4674,39.241619990999425,0.45918362800343265
R0172_S+00,crossflow_only,ok,31.644387225877537,399.9591264510098,0.02794404121790388,0.24619220008126338,8.759525879252407e-15,29417,233.71942946499985,0.39149874358794157
R0174_S+01,crossflow_only,ok,0.7519452414812184,57.91496405956726,0.0016206961377130443,0.34072040370070383,2.159190167593783e-14,221,1.8135678420003387,0.62622858803309
R0174_S+02,crossflow_only,ok,11.456409131672963,219.90780277442994,0.02257647287723014,0.32779627054745475,2.9083395120943972e-15,5064,41.22207723700012,0.5153158176132291
R0183_S+02,crossflow_only,ok,4.3824335628509115,459.3480483176928,0.011239528254975305,0.022753246288372064,2.990868515519647e-16,4939,40.50008324099963,0.47167434651989876
R0188_S+01,crossflow_only,ok,2.539724966835227,315.4540885306121,0.00821155204684185,0.012779991960591064,1.2630249962415807e-14,1345,10.712569084999814,0.5171542994476038
R0188_S+03,crossflow_only,ok,0.8068815571352747,179.88366548149216,0.002389821407882985,0.010956716950772924,6.054826835709913e-14,280,2.3747653170003105,0.5202959902664392
R0203_S+01,crossflow_only,ok,8.94070374024988,593.5006532096749,0.01424249141810875,0.12004465801378869,5.237560758149389e-15,24287,194.051995283,0.5153616117058039
R0206_S+01,crossflow_only,ok,2.210742581242204,204.32441564686016,0.004198005421029918,0.12458452856558971,8.663350767083991e-16,1083,8.044052617000489,0.5918680536113545
R0206_S+03,crossflow_only,ok,4.619862025712487,297.7378793763863,0.008402370683058305,0.1215838944373657,0.0,3351,28.10633722900002,0.5641303223839462
R0206_S+01,gravity_fine,ok,2.224265429504853,199.9567066659319,0.005292123833926896,0.4530273408034179,1.2376215381548548e-15,1275,18.689212096999654,0.7056737931125444
R0115_S+00,gravity_fine,ok,1.1398613814946226,218.0214355413957,0.00267193132776417,0.9008478233256533,1.1834136196331305e-11,681,9.683618776000003,0.6057499250031261
R0183_S+02,gravity_fine,ok,4.395553961604983,500.90310891071357,0.013653615165135694,0.3049481174286174,3.140411941295638e-15,5132,74.52952996500062,0.6100060540382215
R0017_S+02,gravity_fine,ok,7.884300926149372,381.4219863019185,0.014765678435029421,0.9464180851840871,1.3582569492240438e-12,2389,37.07575366999936,0.7471874929719731
R0059_S+02,gravity_fine,ok,0.7674698408418913,208.42014344825833,0.001553027126994845,0.9998636274975671,4.410557940580464e-09,562,24.50199222899937,0.7293475560982668
R0174_S+01,gravity_fine,ok,0.7112711248875968,197.66588797379654,0.0014058681736477852,0.9978896391770536,5.113871449564217e-15,532,19.29527823599983,0.7205375217999446
R0094_S+01,gravity_fine,ok,4.047858065345175,784.604063961012,0.00848712521646752,0.9663002855202826,2.767811771338466e-15,5176,58.09089977500025,0.6549654548694064
R0188_S+01,gravity_fine,ok,2.567168029628787,393.00655763318485,0.012155794887123776,0.8364414170079031,4.592818168151207e-15,3314,93.18820118099939,0.7179976645518867
