set,scenario_id,level,status,dp_bh_max_MPa,r_plume_m95_m,sweep_efficiency,mass_balance_error,n_steps,wall_time_s
development,R0112_S+02,production,ok,3.613704036789179,172.6918388765308,0.002571228251451905,5.696041367503353e-16,1133,0.6420612029996846
development,R0112_S+02,r_near_half,ok,3.189449229117833,175.65609616320452,0.002700650623039506,2.392337374351417e-15,3478,1.9458604779993038
development,R0112_S+02,n_r_x2,ok,3.607398003239062,169.27928513307677,0.002449327806019887,1.0252874461506027e-15,2181,1.293530897999517
development,R0112_S+02,fine,ok,3.186258265054401,170.13392111105765,0.0025786200469229575,3.873308129902294e-15,7426,3.483342891000575
development,R0112_S+03,production,ok,7.511112380361803,264.0184617323217,0.005932297312545322,1.197343494088697e-15,4248,2.450958965000609
development,R0112_S+03,r_near_half,ok,6.959277601252794,263.4906232496359,0.005945058369143395,0.0,14998,8.409843789999286
development,R0112_S+03,n_r_x2,ok,7.499196293380413,257.17828066517836,0.005564203414212084,4.390259478325247e-15,8773,5.179778433999672
development,R0112_S+03,fine,ok,6.907207934282299,257.85323637905265,0.005724973770506987,1.5964579921182683e-15,31983,17.653138138999566
development,R0150_S+00,production,ok,0.8192094767030924,90.04495566863147,0.0013278649066420375,3.2727587032261664e-15,295,0.13258513300024788
development,R0150_S+00,r_near_half,ok,0.805806350044541,91.3069011213588,0.0012933216804449153,4.46285277712659e-16,544,0.2575496120007301
development,R0150_S+00,n_r_x2,ok,0.8180321419453975,87.35404178259864,0.0012306876061083417,5.950470369502119e-16,469,0.2021905669989792
development,R0150_S+00,fine,ok,0.803928759141624,87.58368667812209,0.00128809564942459,4.462852777126591e-16,1203,0.5067924649993074
development,R0195_S+00,production,ok,0.7798002564452775,77.81120888160193,0.0013232200427612942,6.36548772180725e-16,279,0.11624137299986614
development,R0195_S+00,r_near_half,ok,0.7466408162869289,77.7797190998543,0.0013275770081558733,8.487316962409672e-16,443,0.2511489000007714
development,R0195_S+00,n_r_x2,ok,0.7780180016388614,75.28863305963232,0.001262476824894775,6.365487721807253e-16,441,0.23930825699972047
development,R0195_S+00,fine,ok,0.7417710234300774,75.68685810452097,0.0012827325120225675,6.365487721807247e-16,1089,0.6475062560002698
shift,R20002_S+01,production,ok,0.5290377017614302,71.21639516634471,0.0002893966145154394,3.709106835388029e-15,238,0.16587968499879935
shift,R20002_S+01,r_near_half,ok,0.48383331549555064,70.87562671270253,0.00027807554385658116,7.178916455589733e-16,318,0.17861396800071816
shift,R20002_S+01,n_r_x2,ok,0.5284942452250421,68.86909604552059,0.0002508366777168516,2.3929721518632453e-16,352,0.19494807999944896
shift,R20002_S+01,fine,ok,0.481934436651526,68.91452252113615,0.00025963624116722073,1.1964860759316217e-16,759,0.44800847900114604
shift,R20003_S+00,production,ok,4.526351168610692,122.84011204917992,0.0033994944819632097,1.5411931355349902e-15,1022,0.6448358340021514
shift,R20003_S+00,r_near_half,ok,4.487274413141683,123.88047972383978,0.0033570137200320785,2.1576703897489925e-15,3104,1.7568050129993935
shift,R20003_S+00,n_r_x2,ok,4.517309481048703,120.23440449658504,0.003209452754586168,3.082386271069995e-15,1937,1.0248519870001473
shift,R20003_S+00,fine,ok,4.448597783298582,120.67489189719618,0.0032410606191282236,3.85298283883747e-15,6637,3.8072422639997967
shift,R20009_S+00,production,ok,9.175410110480607,215.43285236127858,0.005774188708059647,3.612897463320035e-16,3540,1.9165880120017391
shift,R20009_S+00,r_near_half,ok,8.748052895877004,215.981925498036,0.005936457302318001,2.348383351158019e-15,12381,6.630104394000227
shift,R20009_S+00,n_r_x2,ok,9.16920938230779,209.40282154680256,0.0054226670034772965,1.4451589853280194e-15,7271,4.5725169890029065
shift,R20009_S+00,fine,ok,8.679181985306375,210.04452365674993,0.0055202461331737614,1.0838692389960149e-15,26322,15.032866251000087
shift,R20009_S+01,production,ok,1.5850003466694225,88.9205003685717,0.001049165691198316,1.0384012290479007e-15,373,0.2383217889982916
shift,R20009_S+01,r_near_half,ok,1.4042077066145073,90.39072999224662,0.0010082153873713822,2.596003072619751e-16,791,0.44420040600016364
shift,R20009_S+01,n_r_x2,ok,1.5850812390664983,87.36762361065887,0.0009325785451185188,3.8940046089296283e-16,639,0.3829833599993435
shift,R20009_S+01,fine,ok,1.4062140063492228,87.58597292782193,0.0009496133152957607,9.086010754169126e-16,1786,1.0747149949966115
shift,R20009_S+02,production,ok,4.689762652381472,156.3468866543187,0.003046130979710129,1.7414468385521743e-16,1330,0.7789843689970439
shift,R20009_S+02,r_near_half,ok,4.1234702299123445,155.81657120263046,0.0032921524128272503,3.4828936771043305e-15,4230,2.1620576519999304
shift,R20009_S+02,n_r_x2,ok,4.688245659993633,152.03394571064524,0.0028850154532276693,2.2638808901178233e-15,2626,1.2453442740006722
shift,R20009_S+02,fine,ok,4.1263200848656965,152.2062368745317,0.0028871458486817774,3.48289367710435e-16,9015,5.115629468000407
shift,R20009_S+03,production,ok,2.634738978501603,103.4359991167626,0.0012984494810528257,7.791926369825588e-16,524,0.2314488789997995
shift,R20009_S+03,r_near_half,ok,2.3274921308820957,104.08188920416544,0.0013188832821947744,1.9479815924563975e-16,1241,0.6716570210010104
shift,R20009_S+03,n_r_x2,ok,2.634524242574308,100.57079520903677,0.0012805304907864776,1.5583852739651213e-15,922,0.4488415380001243
shift,R20009_S+03,fine,ok,2.328600484773077,100.69652740479691,0.0012698231553775383,2.3375779109476728e-15,2720,1.5027684600026987
shift,R20012_S+00,production,ok,2.5571739567577354,102.28373249952764,0.000613738098668208,5.213808725251218e-16,479,0.27527430900227046
shift,R20012_S+00,r_near_half,ok,2.2255444759239964,103.25276016827569,0.0006079973067423254,8.689681208752022e-16,1056,0.5527714870004274
shift,R20012_S+00,n_r_x2,ok,2.5537203384399825,100.40285527208441,0.0005833802820796168,6.951744967001615e-16,780,0.4455589860008331
shift,R20012_S+00,fine,ok,2.226066672932364,100.92443243854957,0.0006122450919064336,8.689681208752025e-16,2299,1.218607424001675
shift,R20012_S+03,production,ok,2.661536674013112,111.40285146085543,0.0007676152406690146,1.0465167604167182e-15,541,0.3131854769999336
shift,R20012_S+03,r_near_half,ok,2.312011891261842,111.99176094648307,0.0007785142955375948,1.4950239434524547e-16,1272,0.7512078490035492
shift,R20012_S+03,n_r_x2,ok,2.6562373429505786,108.72527412129071,0.0006783630817801628,5.980095773809816e-16,932,0.539478770999267
shift,R20012_S+03,fine,ok,2.312777517008737,108.98453022888728,0.0006920805980892438,1.4950239434524545e-16,2782,1.4912964520008245
shift,R20014_S+00,production,ok,1.7713645880279412,121.6435382672441,0.0019138957325327743,1.013466746512422e-15,533,0.2839553599987994
shift,R20014_S+00,r_near_half,ok,1.571502113090718,122.90195997484993,0.0019851097809637955,0.0,1321,0.6484734449986718
shift,R20014_S+00,n_r_x2,ok,1.7709505667734202,117.22674398534642,0.0018641662273220043,8.10773397209939e-16,928,0.5684221560004517
shift,R20014_S+00,fine,ok,1.5721637741741519,117.63382404764444,0.0018576470097462028,6.080800479074539e-16,2928,1.7087807360003353
shift,R20017_S+02,production,ok,3.436446746690072,101.5225570351871,0.0007827670850366767,7.209466525490651e-16,516,0.33659099700162187
shift,R20017_S+02,r_near_half,ok,2.96308870912385,101.70653013835607,0.0007777092374553463,1.6221299682353988e-15,1302,0.7810253700008616
shift,R20017_S+02,n_r_x2,ok,3.4317929455632084,99.47178858579395,0.0007504118209531786,1.441893305098132e-15,876,0.5570931830006884
shift,R20017_S+02,fine,ok,2.963373265683934,99.60294991052207,0.0007540723010751116,2.5233132839217358e-15,2726,1.7157100920012454
shift,R20017_S+03,production,ok,3.6941490429693684,119.88490803494277,0.0010402897722090127,9.223234275503113e-16,675,0.420146897999075
shift,R20017_S+03,r_near_half,ok,3.1850817512116953,120.58706064213811,0.0010652870245174803,1.3176048965004449e-15,1965,1.2110810369995306
shift,R20017_S+03,n_r_x2,ok,3.6895694058822692,116.5925749447062,0.0010202757770721,0.0,1272,0.7513070899985905
shift,R20017_S+03,fine,ok,3.1856209905573727,116.8879211511656,0.0009638014404639613,7.905629379002655e-16,4246,2.5219041440032015
shift,R20018_S+00,production,ok,2.3268456222958824,111.82806578059592,0.0013570497528772407,1.8802950841573995e-16,566,0.293234193999524
shift,R20018_S+00,r_near_half,ok,2.033675242783576,112.88878559930657,0.0013925704170015146,0.0,1396,0.7303696880007919
shift,R20018_S+00,n_r_x2,ok,2.325503860461887,108.71878810429243,0.0012200681260855848,7.521180336629596e-16,998,0.6104515550032374
shift,R20018_S+00,fine,ok,2.0335131289952324,109.10423693635599,0.0012304986982925043,0.0,3114,1.8940594340019743
shift,R20018_S+01,production,ok,5.342161753392943,144.5385123118964,0.0022383169080604113,4.567738323017049e-16,1139,0.8281066039999132
shift,R20018_S+01,r_near_half,ok,4.638735951983005,145.63421378121222,0.0022666604384958015,1.7129018711313985e-15,3571,2.0546259340007964
shift,R20018_S+01,n_r_x2,ok,5.336161422530819,139.1046374494755,0.0019455983381477017,1.1419345807542606e-15,2213,1.2913700739991327
shift,R20018_S+01,fine,ok,4.641535244934469,140.07449119763274,0.0019946770824851045,1.2561280388296893e-15,7675,4.3704195089994755
shift,R20018_S+03,production,ok,4.5489067582762654,130.592586501759,0.001796144851260295,4.1799137555730613e-16,938,0.5039315700014413
shift,R20018_S+03,r_near_half,ok,3.9583284959518275,131.97432326177747,0.0017766497940880403,1.9506264192674292e-15,2761,1.5619145290002052
shift,R20018_S+03,n_r_x2,ok,4.546085151579738,126.25210445972536,0.001646381805366562,1.671965502229225e-15,1752,1.037319776001823
shift,R20018_S+03,fine,ok,3.958833173352275,126.26743619378028,0.0016204374928003261,1.6719655022292247e-15,5984,3.450220437000098
shift,R20020_S+03,production,ok,2.966391105375398,104.46265483023039,0.0007507102869605156,2.5716205252856647e-16,557,0.30118865500116954
shift,R20020_S+03,r_near_half,ok,2.5541763912552446,104.77085527271441,0.0007518253036661322,1.2858102626428314e-16,1477,0.896613263998006
shift,R20020_S+03,n_r_x2,ok,2.958114335058693,102.728342266259,0.0006897456282168045,1.2858102626428328e-15,993,0.5658702020009514
shift,R20020_S+03,fine,ok,2.553008860572584,103.08005602157257,0.0006973757864299788,6.429051313214163e-16,3257,1.7760258380003506
shift,R20022_S+03,production,ok,1.1070135084588528,79.47954077036826,0.0012737364178077592,1.276181916994594e-15,319,0.21551361899764743
shift,R20022_S+03,r_near_half,ok,1.081057092838768,79.43944997563057,0.001439835488380363,6.38090958497297e-16,511,0.20679836899944348
shift,R20022_S+03,n_r_x2,ok,1.103962395400537,76.83604016969113,0.0012149364136977436,2.1269698616576544e-16,480,0.1956748040029197
shift,R20022_S+03,fine,ok,1.0753813813360558,77.2488300892862,0.0012394049847948465,2.1269698616576552e-16,1203,0.5856768499979808
shift,R20023_S+01,production,ok,2.430820041882366,85.166410358957,0.0012836292569491114,4.917119745584863e-16,463,0.29080948300179443
shift,R20023_S+01,r_near_half,ok,2.1244532880575435,85.55467068829932,0.0012640785920051522,3.2780798303899125e-16,959,0.5110308959992835
shift,R20023_S+01,n_r_x2,ok,2.4262974780742117,83.9419626009886,0.0011183188694531667,0.0,731,0.4548497529976885
shift,R20023_S+01,fine,ok,2.1223593139748202,83.97410861927965,0.0011225034328251446,3.278079830389923e-15,2118,1.2406832449996728
shift,R20023_S+03,production,ok,6.896178940062456,151.94782539510925,0.0037518008968155277,4.1509782837215764e-16,1736,1.0852380450014607
shift,R20023_S+03,r_near_half,ok,6.245482655203402,152.59724939291334,0.0040374820220457335,6.226467425582366e-16,5655,3.4402746519990615
shift,R20023_S+03,n_r_x2,ok,6.883786808804505,149.46225761295602,0.0034915745430761217,2.4905869702329552e-15,3407,1.7905592870010878
shift,R20023_S+03,fine,ok,6.174739371374794,149.66368587296083,0.0035504729160714264,2.490586970232942e-15,11958,6.5746457320019545
shift,R20026_S+00,production,ok,4.68712088188389,135.07937670037148,0.004849879557239844,3.511838766959122e-16,812,0.40079193799829227
shift,R20026_S+00,r_near_half,ok,4.201028161935047,135.46372501132961,0.004630292712590016,7.023677533918244e-16,2224,0.9164368560013827
shift,R20026_S+00,n_r_x2,ok,4.672317609127503,130.82403637327138,0.004350663184698057,0.0,1484,0.9489149879991601
shift,R20026_S+00,fine,ok,4.186836460658509,131.26109895467877,0.004439707704620185,1.9315113218275216e-15,4658,2.471240606999345
shift,R20026_S+01,production,ok,1.4299109510544985,78.0217911314158,0.0014963766993621465,3.9317162056274827e-16,286,0.2394319090017234
shift,R20026_S+01,r_near_half,ok,1.2790949276008512,79.48649064601315,0.0016000559133255501,1.1795148616882436e-15,471,0.2864570299971092
shift,R20026_S+01,n_r_x2,ok,1.4283665665881895,76.29003917897441,0.0014796969773802717,1.310572068542493e-16,438,0.2884502339984465
shift,R20026_S+01,fine,ok,1.2769539242742267,76.67243345439678,0.001439458029192721,1.3105720685424925e-16,1027,0.545134637002775
shift,R20026_S+02,production,ok,2.732176664921608,102.50142368817049,0.002632473330176581,4.634718482008515e-16,462,0.29428646500309696
shift,R20026_S+02,r_near_half,ok,2.423058929845825,103.1837175068514,0.002764928364880097,4.634718482008518e-16,981,0.5527127620007377
shift,R20026_S+02,n_r_x2,ok,2.7238511410439012,99.41456271725222,0.002507280405209859,7.724530803347528e-16,750,0.4604662620004092
shift,R20026_S+02,fine,ok,2.4240871593781375,99.82521460990714,0.0025279986903333765,6.179624642678024e-16,2031,1.1838055910011462
shift,R20029_S+00,production,ok,1.181544895316638,115.27918444908742,0.0016702285393870298,4.2279406071662794e-16,382,0.19948998600011691
shift,R20029_S+00,r_near_half,ok,1.122294792451311,116.16082366408709,0.0017777487586007829,6.341910910749422e-16,878,0.46603311100261635
shift,R20029_S+00,n_r_x2,ok,1.18004711250999,112.24230913851162,0.0016187071914433961,6.341910910749428e-16,679,0.36076353799944627
shift,R20029_S+00,fine,ok,1.115659322240457,112.55878150253852,0.0016614807381122385,4.2279406071662794e-16,1930,0.9815784509992227
shift,R20029_S+02,production,ok,1.3841538597705365,123.09421977885184,0.0020689982598882705,0.0,446,0.25723279299927526
shift,R20029_S+02,r_near_half,ok,1.3593270655614995,123.95415044590494,0.0021474325026939506,7.582166578583778e-16,1080,0.583008145000349
shift,R20029_S+02,n_r_x2,ok,1.3803406161465812,120.46740865171286,0.0018231842732529355,3.791083289291884e-16,777,0.446100890996604
shift,R20029_S+02,fine,ok,1.3533920738260299,120.82682457481967,0.001827794838282276,1.89554164464594e-15,2359,1.2581268709982396
shift,R20033_S+03,production,ok,0.7480036378983204,55.15511301690097,0.000987141638280802,1.2782058033681242e-15,265,0.14631209100116394
shift,R20033_S+03,r_near_half,ok,0.6624884008714333,55.99256413328206,0.0010175628089770595,8.521372022454159e-16,324,0.16514770800131373
shift,R20033_S+03,n_r_x2,ok,0.7463190548656248,53.92700353641853,0.0009224100167439319,2.1303430056135398e-16,372,0.22411999899850343
shift,R20033_S+03,fine,ok,0.6617705091259368,54.21492531842919,0.0009107956932576777,2.1303430056135386e-15,835,0.43219882099947426
shift,R20037_S+00,production,ok,3.0857115321335793,159.36892655122853,0.001968891985199595,2.5316457748680095e-16,644,0.4102094109985046
shift,R20037_S+00,r_near_half,ok,2.804553301565919,161.75368275739382,0.0019093450036155805,6.329114437170029e-16,1852,0.9359462389984401
shift,R20037_S+00,n_r_x2,ok,3.0809159182514323,154.35586864263212,0.0018040742911666964,8.860760212038046e-16,1198,0.7898393770010443
shift,R20037_S+00,fine,ok,2.790577143417511,154.55056179144344,0.001841545469506984,7.594937324604033e-16,3900,2.3143010450003203
shift,R20037_S+02,production,ok,4.943841297332115,245.6279827962961,0.004611201829623128,8.653549150642355e-16,1973,1.1433649030004744
shift,R20037_S+02,r_near_half,ok,4.802565284726012,244.95242026072495,0.004854004249913913,4.110435846555083e-15,6923,3.7317299989990715
shift,R20037_S+02,n_r_x2,ok,4.932373611822948,236.71349630141611,0.004272889864754029,6.490161862981748e-16,4083,2.4637617460030015
shift,R20037_S+02,fine,ok,4.777628092980895,236.96716156684607,0.00435809598064832,4.975790761619375e-15,14785,8.583024637999188
shift,R20040_S+01,production,ok,2.906917750025224,117.28239623894797,0.001574471445607023,1.188261685488049e-16,578,0.3608825279989105
shift,R20040_S+01,r_near_half,ok,2.5320542101277375,117.90136982943487,0.0016189609828851335,2.376523370976099e-16,1465,0.8632434659994033
shift,R20040_S+01,n_r_x2,ok,2.903905162011903,115.21202265769936,0.0014873620127015988,7.129570112928291e-16,987,0.6387829850027629
shift,R20040_S+01,fine,ok,2.530440567813702,115.50582710752036,0.0015102007389139738,3.564785056464145e-16,3150,1.771789450001961
shift,R20041_S+01,production,ok,1.4260730628772211,151.01233674882343,0.001302609800424911,5.902991280248316e-16,461,0.3453159670025343
shift,R20041_S+01,r_near_half,ok,1.3324666049795206,151.62068483973317,0.001307364506056926,3.935327520165538e-16,1058,0.6812856630021997
shift,R20041_S+01,n_r_x2,ok,1.4236239148290362,146.17069713541244,0.0012250934323307905,1.967663760082769e-15,767,0.5043481270004122
shift,R20041_S+01,fine,ok,1.329145676998498,146.51117692980242,0.0012573328452756564,7.87065504033108e-16,2214,1.289968658998987
shift,R20050_S+03,production,ok,0.6635249498207383,121.72379499369946,0.0011901819460576326,2.7914443475902365e-15,285,0.1797930710017681
shift,R20050_S+03,r_near_half,ok,0.6227186045379173,123.12847058318454,0.0012374652364362541,4.1871665213853554e-16,553,0.33796323199931066
shift,R20050_S+03,n_r_x2,ok,0.6627350275315381,116.96419643056214,0.001067957151696307,3.2101609997287734e-15,473,0.2672242940025171
shift,R20050_S+03,fine,ok,0.6201912363689895,117.57667325103917,0.0010912141857916827,4.187166521385354e-16,1237,0.7071675490005873
shift,R20054_S+02,production,ok,3.2073142797531933,144.4746054584427,0.00156410688106306,2.108603560802149e-16,638,0.3918503659988346
shift,R20054_S+02,r_near_half,ok,2.902873294839665,146.61072057091081,0.001679068433762248,1.476022492561506e-15,1754,0.9726985320012318
shift,R20054_S+02,n_r_x2,ok,3.205830032410517,140.32715613048256,0.0014407761997987415,2.1086035608021495e-16,1148,0.7009657549970143
shift,R20054_S+02,fine,ok,2.885998228773534,141.04028451278398,0.0014822917209976934,0.0,3671,2.071388341999409
shift,R20055_S+01,production,ok,1.0556205496840607,104.58286323173054,0.0010535038262701167,2.173751556535055e-15,377,0.22274675399967236
shift,R20055_S+01,r_near_half,ok,0.9347529944673367,105.55251295376615,0.0010640776867620473,1.707947651563257e-15,738,0.4246020889986539
shift,R20055_S+01,n_r_x2,ok,1.0537139017567914,101.11957699639758,0.0009415244165596239,4.658039049717974e-16,621,0.33982694700171123
shift,R20055_S+01,fine,ok,0.9340038883150611,101.29603206977815,0.0009334092090555928,1.3974117149153912e-15,1747,0.9662788599998748
shift,R20059_S+00,production,ok,1.3377152000188566,97.07338969109337,0.0011964444965467265,5.279867357722668e-16,393,0.22423170599722653
shift,R20059_S+00,r_near_half,ok,1.179529554921545,97.86915613308453,0.0011860442579443625,1.0559734715445343e-15,801,0.43544529499922646
shift,R20059_S+00,n_r_x2,ok,1.3353864061963503,93.93501124697285,0.0010401696901032936,3.5199115718151103e-16,648,0.36407555400001
shift,R20059_S+00,fine,ok,1.1785525827344916,93.91598336783831,0.001094394595082822,2.111946943089067e-15,1824,1.0602533469973423
